factor,bucket,confidence,rationale,total_refs
water service sustainability,Sustainability,high,'water service sustainability' over 'water service',218
community awareness,Community / Users,high,matched 'awareness',83
stakeholder coordination,Coordination,high,matched 'stakeholder',71
water supply,Service Performance,high,matched 'water supply',61
population growth,Community / Users,high,matched 'population',49
sustainable water service,Sustainability,high,'sustainable water service' over 'water service',45
inter-sector coordination,Coordination,high,matched 'inter-sector',43
community ownership,Community Management,high,'community ownership' over 'community',39
coordination,Coordination,high,matched 'coordinat',37
water availability,Service Performance,high,matched 'water availab',36
water scheme functionality,Service Performance,high,matched 'functionality',36
waste disposal site,Infrastructure,high,matched 'disposal site',31
water access,Service Performance,high,matched 'water access',31
project sustainability,Sustainability,high,matched 'project sustainability',30
open defecation,Community / Users,high,matched 'open defecation',29
community health,Community / Users,high,matched 'community',27
water scheme sustainability,Sustainability,high,matched 'scheme sustainability',27
budget,Govt / External Finance,high,matched 'budget',24
WASH forum participation,Coordination,high,'wash forum participation' over 'participation',23
spare parts availability,O&M,high,matched 'spare part',23
water service delivery,Service Performance,high,matched 'service deliver',23
sanitation problems,Service Performance,high,matched 'sanitation problem',22
water scheme development,Infrastructure,high,matched 'scheme development',22
sense of ownership,Community Management,high,matched 'sense of ownership',21
sustainable sanitation service,Sustainability,high,'sustainable sanitation service' over 'sanitation service',21
water service,Service Performance,high,matched 'water service',21
sanitation service sustainability,Sustainability,high,'sanitation service sustainability' over 'sanitation service,20
water coverage,Service Performance,high,matched 'water coverage',20
water supply adequacy,Service Performance,high,matched 'water supply',20
improper waste disposal,Community / Users,high,matched 'improper waste disposal',19
budget allocation,Govt / External Finance,high,matched 'budget',18
coordination effectiveness,Coordination,high,matched 'coordinat',18
operational costs,O&M,high,matched 'operational cost',18
community sense of ownership,Community Management,high,'community sense of ownership' over 'community',17
government budget,Govt / External Finance,high,'government budget' over 'government',17
skilled manpower,Govt Management,high,matched 'manpower',17
clean water access,Service Performance,high,matched 'water access',16
community mobilization,Capacity Building,high,'community mobiliz' over 'community',16
water scheme management,O&M,high,matched 'water scheme management',16
borehole functionality,Service Performance,high,'functionality' over 'borehole',15
water contamination,Service Performance,high,'water contaminat' over 'contaminat',15
water quality,Service Performance,high,matched 'water quality',15
WASH Forum participation,Coordination,high,'wash forum participation' over 'participation',14
inter-organizational coordination,Coordination,high,matched 'inter-organiz',14
water and sanitation sustainability,Sustainability,high,matched 'water and sanitation sustainability',14
water project sustainability,Sustainability,high,matched 'project sustainability',14
water scheme maintenance,O&M,high,matched 'maintenance',14
water shortage,Service Performance,high,matched 'water shortage',14
awareness creation,Capacity Building,high,'awareness creation' over 'awareness',13
community awareness on sanitation,Community / Users,high,matched 'awareness',13
community participation,Community Management,high,'community participation' over 'community',13
community training,Community / Users,medium,'community' over 'training',13
fund misappropriation,Govt / External Finance,high,matched 'fund misappropriat',13
maintenance capacity,O&M,high,matched 'maintenance',13
proper waste disposal practices,Community / Users,high,matched 'waste disposal practice',13
resource mobilization,Govt / External Finance,high,'resource mobiliz' over 'mobiliz',13
waste management,Service Performance,high,matched 'waste management',13
water service continuity,Service Performance,high,matched 'service continu',13
water service coverage,Service Performance,high,matched 'service coverage',13
water supply shortage,Service Performance,high,matched 'water supply',13
accountability,Monitoring,high,matched 'accountab',12
environmental pollution,Environmental,high,matched 'environmental',12
liquid waste management,Service Performance,high,matched 'waste management',12
maintenance funding,O&M,high,'maintenance' over 'funding',12
operation and maintenance costs,O&M,high,matched 'operation and maintenance',12
operational cost,O&M,high,matched 'operational cost',12
sanitation sustainability,Sustainability,high,matched 'sanitation sustainability',12
solid waste management,Service Performance,high,matched 'waste management',12
sustainable sanitation,Sustainability,high,matched 'sustainab',12
waste disposal place,Community / Users,low,token-overlap fallback (11),12
water demand,Community / Users,high,matched 'water demand',12
WASH stakeholder coordination,Coordination,high,matched 'stakeholder',11
climate change,Environmental,high,matched 'climate',11
financial accountability,Community Finance,high,'financial accountab' over 'accountab',11
government budget allocation,Govt / External Finance,high,'government budget' over 'government',11
revenue collection,Community Finance,high,matched 'revenue collection',11
sanitation problem resolution,Service Performance,high,matched 'sanitation problem',11
capacity building,Capacity Building,high,matched 'capacity build',10
community awareness on waste disposal,Community / Users,high,matched 'awareness',10
inter-agency coordination,Coordination,high,matched 'inter-agency',10
political interference,Politics,high,matched 'political interfer',10
proper waste disposal,Community / Users,high,matched 'proper waste disposal',10
scheme management capacity,O&M,high,matched 'scheme management',10
scheme management quality,O&M,high,matched 'scheme management',10
scheme sustainability,Sustainability,high,matched 'scheme sustainability',10
town image,Community / Users,high,matched 'town image',10
waste disposal site availability,Infrastructure,high,matched 'disposal site',10
water facility sustainability,Sustainability,medium,'sustainab' over 'facility',10
water service improvement,Service Performance,high,matched 'service improv',10
water service provision,Service Performance,high,matched 'service provis',10
financial resources,Govt / External Finance,high,matched 'financial resource',9
land ownership disputes,Laws + Regulations,high,'land ownership' over 'ownership',9
scheme financial sustainability,Sustainability,high,matched 'sustainab',9
water supply capacity,Service Performance,high,matched 'water supply',9
water wastage,Service Performance,low,token-overlap fallback (29),9
awareness creation programs,Capacity Building,high,'awareness creation' over 'awareness',8
borehole development,Infrastructure,high,matched 'borehole',8
city cleanliness,Community / Users,high,matched 'cleanliness',8
community awareness on waste management,Service Performance,high,'waste management' over 'awareness',8
community financial contribution,Community Finance,high,'community financial' over 'community',8
community responsibility,Community / Users,high,matched 'community',8
community water access,Service Performance,high,'water access' over 'community',8
financial management capacity,Govt / External Finance,low,token-overlap fallback (9),8
inter-office coordination,Coordination,high,matched 'inter-office',8
latrine cleanliness,Community / Users,high,'cleanliness' over 'latrine',8
management committee training,Community Management,high,'management committee' over 'committee training',8
officer mobility,Govt Management,high,matched 'officer',8
operation and maintenance,O&M,high,matched 'operation and maintenance',8
spare parts procurement,O&M,low,'spare part' over 'procurement',8
water scheme construction,Infrastructure,high,matched 'scheme construction',8
water service access,Service Performance,high,matched 'service access',8
water service management,O&M,high,'service management' over 'water service',8
NGO support,Govt / External Finance,high,'ngo support' over 'ngo',7
community behavior change,Community / Users,high,matched 'community behavior',7
community engagement,Community Management,high,'community engagement' over 'community',7
community project ownership,Community Management,medium,'ownership' over 'community',7
community settlement,Community / Users,high,matched 'settlement',7
environmental contamination,Environmental,high,'environmental' over 'contaminat',7
equitable water distribution,Service Performance,low,token-overlap fallback (29),7
financial management,Govt / External Finance,low,token-overlap fallback (8),7
latrine overflow,Infrastructure,high,matched 'latrine',7
policy guidelines,Laws + Regulations,high,matched 'guideline',7
road access,Infrastructure,medium,matched 'road',7
scheme management,O&M,high,matched 'scheme management',7
staff turnover,Govt Management,high,matched 'turnover',7
stakeholder collaboration,Coordination,high,matched 'stakeholder',7
standard waste disposal site,Infrastructure,high,'disposal site' over 'standard',7
sub-county officer facilitation,Govt Management,high,matched 'sub-county',7
timely maintenance,O&M,high,matched 'maintenance',7
training,Capacity Building,high,matched 'training',7
water borne diseases,Community / Users,high,matched 'water borne',7
water scheme monitoring,Monitoring,high,matched 'monitoring',7
water source availability,Environmental,high,matched 'water source availab',7
water system maintenance,O&M,high,matched 'maintenance',7
water-borne diseases,Community / Users,high,matched 'water-borne',7
WASH forum,Coordination,high,matched 'wash forum',6
appropriate waste disposal site,Infrastructure,high,matched 'disposal site',6
clean water supply,Service Performance,high,matched 'water supply',6
community sense of belongingness,Community / Users,high,matched 'community',6
community sensitization,Community / Users,medium,'community' over 'sensitiz',6
coordinated effort,Coordination,high,matched 'coordinat',6
drought,Environmental,high,matched 'drought',6
environmental sanitation,Environmental,high,matched 'environmental',6
financial mismanagement,Govt Management,high,matched 'mismanage',6
fund mismanagement,Govt / External Finance,high,'fund mismanage' over 'mismanage',6
funding,Govt / External Finance,high,matched 'funding',6
governance,Govt Management,high,matched 'governance',6
improved coordination,Coordination,high,matched 'coordinat',6
inter-stakeholder coordination,Coordination,high,matched 'stakeholder',6
latrine functionality,Service Performance,high,'functionality' over 'latrine',6
monitoring,Monitoring,high,matched 'monitoring',6
monitoring and evaluation,Monitoring,high,matched 'monitoring',6
multi-stakeholder collaboration,Coordination,high,matched 'multi-stakeholder',6
partner coordination,Coordination,high,matched 'coordinat',6
pastoralist mobility,Community / Users,low,no match — defaulted to Community / Users,6
personal hygiene,Community / Users,high,matched 'hygiene',6
proper budget use,Govt / External Finance,high,matched 'budget',6
proper use of water schemes,Community / Users,high,matched 'proper use',6
qualified manpower,Govt Management,high,matched 'manpower',6
resources at sub-county level,Govt Management,high,matched 'sub-county',6
river contamination,Community / Users,high,'contaminat' over 'river',6
sanitation improvement,Service Performance,high,matched 'sanitation improv',6
sanitation service,Service Performance,high,matched 'sanitation service',6
service provider accountability,Private Sector,high,'service provider' over 'accountab',6
service sustainability,Sustainability,high,matched 'service sustainability',6
sewerage system,Infrastructure,high,matched 'sewerage',6
solar energy,Infrastructure,medium,matched 'solar',6
staff mobility,Govt Management,medium,matched 'staff',6
sustainable WASH service,Sustainability,high,matched 'sustainab',6
water infrastructure development,Infrastructure,high,matched 'infrastructure',6
water scheme longevity,Sustainability,high,matched 'longevity',6
water service reliability,Service Performance,high,matched 'service reliab',6
water storage capacity,Service Performance,high,'water storage capacity' over 'water storage',6
water supply coverage,Service Performance,high,matched 'water supply',6
water supply line contamination,Service Performance,high,'water supply' over 'contaminat',6
water treatment,Service Performance,high,matched 'water treatment',6
adequate finance,Govt / External Finance,high,matched 'finance',5
arid climate,Environmental,high,matched 'climate',5
attitude change,Capacity Building,low,token-overlap fallback (2),5
borehole yields,Infrastructure,high,matched 'borehole',5
committee accountability,Community Management,medium,'committee' over 'accountab',5
community awareness creation,Capacity Building,high,'awareness creation' over 'awareness',5
community awareness programs,Community / Users,high,matched 'awareness',5
community savings,Community Finance,high,'community saving' over 'community',5
continuous training,Capacity Building,high,matched 'training',5
distance to water source,Service Performance,low,token-overlap fallback (29),5
donor funding,Govt / External Finance,high,matched 'funding',5
dumping site establishment,Infrastructure,high,matched 'dumping site',5
duplication of effort,Coordination,high,matched 'duplication of effort',5
electric power supply,Infrastructure,high,matched 'power supply',5
environmental and sanitation problems,Service Performance,high,'sanitation problem' over 'environmental',5
equitable water access,Service Performance,high,matched 'water access',5
financial capacity,Govt / External Finance,high,matched 'financial capacity',5
groundwater contamination,Service Performance,high,'water contaminat' over 'groundwater',5
information sharing,Coordination,high,matched 'information sharing',5
infrastructure breakdown,Infrastructure,high,'infrastructure' over 'breakdown',5
infrastructure development,Infrastructure,high,matched 'infrastructure',5
infrastructure maintenance,Infrastructure,high,'infrastructure' over 'maintenance',5
infrastructure quality,Infrastructure,high,matched 'infrastructure',5
maintenance costs,O&M,high,matched 'maintenance',5
multi-sector coordination,Coordination,high,matched 'multi-sector',5
pipeline extensions,Infrastructure,high,matched 'pipeline',5
political influence,Politics,high,matched 'political influence',5
problem identification,Service Performance,low,token-overlap fallback (1),5
project duplication,Coordination,high,matched 'duplication',5
project implementation,Infrastructure,high,matched 'project implementation',5
project revenue,Community Finance,high,matched 'revenue',5
public health,Community / Users,high,matched 'public',5
rainwater harvesting,Environmental,high,matched 'rainwater harvest',5
regular maintenance,O&M,high,matched 'maintenance',5
repair response time,Service Performance,high,'response time' over 'repair',5
river water use,Environmental,medium,matched 'river',5
sanitation service capacity,Service Performance,high,matched 'sanitation service',5
sanitation service delivery,Service Performance,high,matched 'sanitation service',5
sanitation service improvement,Service Performance,high,matched 'sanitation service',5
scheme maintenance,O&M,high,matched 'maintenance',5
spare parts supply,O&M,high,matched 'spare part',5
staff retention,Govt Management,high,matched 'retention',5
sufficient water supply,Service Performance,high,matched 'water supply',5
sustainable water supply,Service Performance,high,'water supply' over 'sustainab',5
town cleanliness,Community / Users,high,matched 'cleanliness',5
trained manpower,Govt Management,high,matched 'manpower',5
transport,Infrastructure,high,matched 'transport',5
tree planting,Environmental,high,matched 'tree planting',5
vacuum truck availability,Service Performance,high,'vacuum truck' over 'truck',5
waste disposal site development,Infrastructure,high,matched 'disposal site',5
waste disposal site implementation,Infrastructure,high,matched 'implementation',5
water and sanitation service sustainability,Sustainability,high,'water and sanitation service sustainability' over 'water an,5
water infrastructure maintenance,Infrastructure,high,'infrastructure' over 'maintenance',5
water infrastructure protection,Infrastructure,high,matched 'infrastructure',5
water project quality,Service Performance,low,token-overlap fallback (32),5
water reservoir construction,Infrastructure,high,matched 'construction',5
water service availability,Service Performance,high,matched 'water service',5
water supply sustainability,Service Performance,high,'water supply' over 'sustainab',5
water system sustainability,Sustainability,high,matched 'sustainab',5
water tank capacity,Infrastructure,medium,matched 'tank',5
waterborne diseases,Community / Users,high,matched 'waterborne',5
NGO engagement,Coordination,medium,matched 'ngo',4
WASH coordination,Coordination,high,matched 'coordinat',4
WASH service sustainability,Sustainability,high,matched 'service sustainability',4
WASHCo strengthening,Community Management,high,matched 'washco',4
access to clean water,Service Performance,high,matched 'access to clean',4
access to pure water,Service Performance,high,matched 'access to pure',4
adequate financing,Govt / External Finance,high,matched 'financing',4
adequate water supply,Service Performance,high,matched 'water supply',4
awareness,Community / Users,high,matched 'awareness',4
awareness programs,Community / Users,high,matched 'awareness',4
borehole construction,Infrastructure,high,matched 'construction',4
borehole maintenance,O&M,high,'maintenance' over 'borehole',4
breakdown response,Service Performance,high,matched 'breakdown',4
breakdown response time,Service Performance,high,matched 'response time',4
committee management turnover,Community Management,medium,'committee' over 'turnover',4
communicable diseases,Community / Users,high,matched 'disease',4
community access to clean water,Service Performance,high,'access to clean' over 'community',4
community capacity building,Capacity Building,high,'capacity build' over 'community',4
community fee payment,Community / Users,medium,'community' over 'payment',4
community ownership of project,Community Management,high,'community ownership' over 'community',4
community sanitation awareness,Community / Users,high,matched 'awareness',4
community water supply,Service Performance,high,'water supply' over 'community',4
construction materials quality,Infrastructure,high,matched 'construction',4
coordination with NGOs,Coordination,high,matched 'coordinat',4
corruption,Govt Management,high,matched 'corruption',4
dry season,Environmental,high,matched 'dry season',4
dumping site,Infrastructure,high,matched 'dumping site',4
dumping site solution,Infrastructure,high,matched 'dumping site',4
environmental cleanliness,Environmental,high,'environmental' over 'cleanliness',4
facility maintenance,O&M,high,'maintenance' over 'facility',4
financial constraint,Govt / External Finance,high,matched 'financial constraint',4
financial transparency,Community Finance,high,matched 'financial transparency',4
flood,Environmental,medium,matched 'flood',4
fund management,Govt / External Finance,low,token-overlap fallback (11),4
good governance,Govt Management,high,matched 'governance',4
health expenditure,Community / Users,high,matched 'health',4
health problems,Community / Users,high,matched 'health',4
infrastructure damage,Infrastructure,high,matched 'infrastructure',4
landfill site,Infrastructure,high,matched 'landfill',4
latrine construction,Infrastructure,high,matched 'construction',4
liquid waste collection service,Service Performance,high,matched 'waste collection service',4
local spare parts availability,O&M,high,matched 'spare part',4
local technical capacity,Capacity Building,low,token-overlap fallback (9),4
maintenance cost coverage,O&M,high,'maintenance' over 'coverage',4
maintenance of water schemes,O&M,high,matched 'maintenance',4
maintenance response time,Service Performance,high,'response time' over 'maintenance',4
management quality,O&M,low,token-overlap fallback (6),4
new water scheme construction,Infrastructure,high,matched 'scheme construction',4
one-health package implementation,Infrastructure,high,'implementation' over 'health',4
operational sustainability,Sustainability,high,matched 'sustainab',4
pastoral community settlement,Community / Users,high,matched 'settlement',4
political instability,Politics,high,matched 'political instability',4
project failure,Planning,low,token-overlap fallback (7),4
project success,Planning,low,token-overlap fallback (7),4
proper site selection,Planning,high,'site selection' over 'election',4
proper waste management,Service Performance,high,matched 'waste management',4
public health problems,Community / Users,high,matched 'public',4
record keeping,Monitoring,high,matched 'record keeping',4
regular stakeholder meetings,Coordination,high,matched 'stakeholder',4
river pollution,Environmental,high,matched 'pollution',4
river water quality,Service Performance,high,'water quality' over 'river',4
river water treatment,Service Performance,high,'water treatment' over 'river',4
running costs,O&M,high,matched 'running cost',4
rural-urban migration,Planning,medium,'rural-urban' over 'migration',4
sand dam construction,Infrastructure,high,matched 'construction',4
sanitation and hygiene practices,Community / Users,high,matched 'sanitation and hygiene',4
sanitation and hygiene problems,Community / Users,high,matched 'sanitation and hygiene',4
sanitation practices,Service Performance,low,token-overlap fallback (10),4
sanitation problem,Service Performance,high,matched 'sanitation problem',4
sanitation problem solving,Service Performance,high,matched 'sanitation problem',4
scheme financial capacity,Govt / External Finance,high,matched 'financial capacity',4
school enrollment,Community / Users,high,matched 'school',4
sense of belongingness,Community Management,low,token-overlap fallback (2),4
sense of community ownership,Community Management,high,'community ownership' over 'community',4
service delivery,Service Performance,high,matched 'service deliver',4
solar power,Infrastructure,medium,matched 'solar',4
stagnant water,Service Performance,low,token-overlap fallback (29),4
stakeholder participation,Coordination,high,'stakeholder participation' over 'participation',4
sustainable water and sanitation service,Sustainability,high,'sustainable water and sanitation' over 'water and sanitatio,4
technical skills training,Capacity Building,high,matched 'training',4
time spent fetching water,Service Performance,low,token-overlap fallback (32),4
timely repair,O&M,high,matched 'repair',4
training continuity,Capacity Building,high,matched 'training',4
underground water availability,Service Performance,medium,'water availab' over 'ground water',4
urbanization,Planning,high,matched 'urbanization',4
waste collection capacity,Service Performance,high,matched 'waste collect',4
waste disposal capacity,Community / Users,low,token-overlap fallback (11),4
waste disposal infrastructure,Infrastructure,high,matched 'infrastructure',4
waste disposal practices,Community / Users,high,matched 'waste disposal practice',4
waste disposal site construction,Infrastructure,high,matched 'disposal site',4
waste disposal site identification,Infrastructure,high,matched 'disposal site',4
waste management practices,Service Performance,high,matched 'waste management',4
water affordability,Community Finance,high,matched 'affordab',4
water bill,Community Finance,high,matched 'water bill',4
water demand satisfaction,Community / Users,high,matched 'water demand',4
water infrastructure expansion,Infrastructure,high,matched 'infrastructure',4
water infrastructure sustainability,Infrastructure,high,'infrastructure' over 'sustainab',4
water policy/bill,Laws + Regulations,high,matched 'policy',4
water project completion,Service Performance,low,token-overlap fallback (29),4
water resource identification,Environmental,high,matched 'water resource',4
water salinity,Environmental,high,matched 'salinity',4
water scheme utilization,Service Performance,low,token-overlap fallback (29),4
water source functionality,Service Performance,high,matched 'functionality',4
water source maintenance,O&M,high,matched 'maintenance',4
water supply volume,Service Performance,high,matched 'water supply',4
water yields,Service Performance,high,matched 'water yield',4
water/sanitation service sustainability,Sustainability,high,'sanitation service sustainability' over 'sanitation service,4
woreda budget,Govt / External Finance,low,'budget' over 'woreda',4
woreda water office capacity,Govt Management,high,matched 'office capacity',4
FundiFix model,Community / Users,low,no match — defaulted to Community / Users,3
FundiFix partnership,Coordination,high,matched 'partnership',3
NGO coordination,Coordination,high,matched 'coordinat',3
NGO partnerships,Coordination,high,matched 'partnership',3
One-WASH program implementation,Infrastructure,high,matched 'implementation',3
WASH Forum,Coordination,high,matched 'wash forum',3
WASH committee effectiveness,Community Management,high,matched 'wash committee',3
WASH coordination task force,Coordination,high,matched 'coordinat',3
WASH problem resolution,Community Management,low,token-overlap fallback (2),3
WASH service delivery,Service Performance,high,matched 'service deliver',3
WASHCo capacity,Community Management,high,matched 'washco',3
WUC account management,Community Management,medium,matched 'wuc',3
Water Act,Service Performance,low,token-overlap fallback (29),3
access to appropriate waste disposal place,Service Performance,low,token-overlap fallback (13),3
accountability for fund misuse,Monitoring,high,'accountab' over 'misuse',3
additional latrine construction,Infrastructure,high,matched 'construction',3
all-inclusive management model,O&M,low,token-overlap fallback (6),3
alternative water sources,Service Performance,low,token-overlap fallback (29),3
appropriate research,Community / Users,low,no match — defaulted to Community / Users,3
aridity,Community / Users,low,no match — defaulted to Community / Users,3
asset replacement,Community / Users,low,no match — defaulted to Community / Users,3
automatic billing system,Community Finance,high,matched 'billing',3
bid pricing accuracy,Community / Users,low,no match — defaulted to Community / Users,3
borehole drilling,Infrastructure,high,matched 'borehole',3
borehole salinity,Infrastructure,low,'borehole' over 'salinity',3
breakdowns,Service Performance,high,matched 'breakdown',3
budget availability,Govt / External Finance,high,matched 'budget',3
budget source diversification,Govt / External Finance,high,matched 'budget',3
capital budget,Govt / External Finance,high,matched 'budget',3
clean environment,Community / Users,high,'clean environment' over 'environment',3
climate change mitigation,Environmental,high,matched 'climate',3
committee management capacity,Community Management,high,matched 'committee',3
committee role clarity,Community Management,high,matched 'committee',3
committee stability,Community Management,high,matched 'committee',3
committee turnover,Community Management,medium,'committee' over 'turnover',3
community acceptance of dumping site,Community / Users,high,'community acceptance' over 'dumping site',3
community awareness about sanitation,Community / Users,high,matched 'awareness',3
community awareness on proper use of water schemes,Community / Users,high,matched 'proper use',3
community contribution,Community Finance,high,'community contribution' over 'community',3
community education,Capacity Building,high,'community education' over 'community',3
community empowerment,Community / Users,high,matched 'community',3
community financial contributions,Community Finance,high,'community financial' over 'community',3
community health disorders,Community / Users,high,matched 'community',3
community hygiene,Community / Users,high,matched 'community',3
community initiative,Community / Users,high,matched 'community',3
community management capacity,Community Management,high,'community management' over 'community',3
community ownership mindset,Community Management,high,'community ownership' over 'community',3
community ownership of water schemes,Community Management,high,'community ownership' over 'community',3
community participation in water projects,Community Management,high,'community participation' over 'community',3
community payment for waste collection,Service Performance,high,'waste collect' over 'community',3
community priority identification,Community / Users,high,matched 'community',3
community self-management of water service,Service Performance,high,'water service' over 'community',3
community sense of ownership of water schemes,Community Management,high,'community sense of ownership' over 'community',3
community skills in O&M,Community / Users,high,'community' over 'o&m',3
community trust,Community / Users,high,matched 'community trust',3
community waste sorting,Community / Users,high,matched 'community',3
community willingness to pay,Community Finance,high,'willingness to pay' over 'community',3
consistent messaging about Whave Solutions,Private Sector,medium,matched 'whave',3
construction quality,Infrastructure,high,matched 'construction',3
coordination among stakeholders,Coordination,high,matched 'stakeholder',3
coordination continuity,Coordination,high,matched 'coordinat',3
cost effectiveness,O&M,low,token-overlap fallback (8),3
county water policy,Laws + Regulations,high,matched 'policy',3
directive implementation,Infrastructure,high,'implementation' over 'directive',3
distance to fetch water,Service Performance,low,token-overlap fallback (29),3
dumping site availability,Infrastructure,high,matched 'dumping site',3
duplication of efforts,Coordination,high,matched 'duplication of effort',3
duplication of interventions,Coordination,high,matched 'duplication',3
economic growth,Private Sector,high,matched 'economic',3
efficient water use,Service Performance,low,token-overlap fallback (29),3
electricity costs,O&M,high,'electricity cost' over 'electricity',3
employment opportunity,Private Sector,high,matched 'employment opportunit',3
environmental conservation,Environmental,high,matched 'environmental',3
expert capacity,Govt Management,high,matched 'expert',3
finance,Govt / External Finance,high,matched 'finance',3
financial report timeliness,Monitoring,high,matched 'report',3
financial reserves,Govt / External Finance,low,token-overlap fallback (8),3
financing,Govt / External Finance,high,matched 'financing',3
fund mobilization,Capacity Building,high,matched 'mobiliz',3
garbage truck availability,Infrastructure,medium,matched 'truck',3
good reputation,Community / Users,low,no match — defaulted to Community / Users,3
government financial support,Govt / External Finance,high,'financial support' over 'government',3
government funding,Govt / External Finance,high,'government funding' over 'government',3
government-NGO collaboration,Govt Management,low,'government' over 'collaborat',3
health conditions,Community / Users,high,matched 'health',3
health extension workers,Community / Users,high,matched 'health',3
health outcomes,Community / Users,high,matched 'health',3
household water supply,Service Performance,high,'water supply' over 'household',3
hydrological data,Monitoring,medium,matched 'data',3
hygiene and sanitation practices,Community / Users,high,matched 'hygiene',3
improper waste disposal in ditches,Community / Users,high,matched 'improper waste disposal',3
improper waste dumping,Community / Users,low,token-overlap fallback (10),3
inappropriate waste disposal practices,Community / Users,high,matched 'waste disposal practice',3
infrastructure maintenance capacity,Infrastructure,high,'infrastructure' over 'maintenance',3
infrastructure rehabilitation,Infrastructure,high,'infrastructure' over 'rehabilitat',3
infrastructure sustainability,Infrastructure,high,'infrastructure' over 'sustainab',3
institutional accountability,Monitoring,high,matched 'accountab',3
institutional capacity,Govt Management,high,matched 'institutional capacity',3
institutional coordination,Coordination,high,matched 'coordinat',3
institutional liquid waste discharge to rivers,Service Performance,high,matched 'liquid waste',3
institutional/legal framework,Laws + Regulations,medium,matched 'legal',3
investment attraction,Govt / External Finance,high,matched 'investment',3
job opportunities,Community / Users,low,no match — defaulted to Community / Users,3
knowledge,Coordination,low,token-overlap fallback (1),3
latrine capacity,Infrastructure,high,matched 'latrine',3
latrine filling rate,Infrastructure,high,matched 'latrine',3
latrine maintenance,O&M,high,'maintenance' over 'latrine',3
latrine/pit emptying service access,Service Performance,high,'service access' over 'latrine',3
liquid waste filtering systems,Service Performance,high,matched 'liquid waste',3
livestock and agricultural production,Community / Users,high,matched 'livestock',3
local expert capacity,Govt Management,high,matched 'expert',3
local maintenance capacity,O&M,high,matched 'maintenance',3
long-term water projects,Service Performance,low,token-overlap fallback (29),3
machineries and equipment,Infrastructure,high,matched 'equipment',3
machinery breakdown,Service Performance,low,'breakdown' over 'machinery',3
maintenance service,O&M,high,matched 'maintenance',3
maintenance team transportation,O&M,high,'maintenance' over 'transport',3
maintenance timeliness,O&M,high,matched 'maintenance',3
management capacity,Capacity Building,low,token-overlap fallback (7),3
management committee turnover,Community Management,high,'management committee' over 'turnover',3
management effectiveness,O&M,low,token-overlap fallback (6),3
minor repairs,O&M,high,matched 'repair',3
misuse of water revenue,Community Finance,medium,'revenue' over 'misuse',3
monitoring and evaluation system,Monitoring,high,matched 'monitoring',3
monitoring effectiveness,Monitoring,high,matched 'monitoring',3
monitoring system,Monitoring,high,matched 'monitoring',3
nomadic community settlement,Community / Users,high,matched 'settlement',3
old water supply lines,Service Performance,high,matched 'water supply',3
operation and maintenance capacity,O&M,high,matched 'operation and maintenance',3
operation and maintenance knowledge,O&M,high,matched 'operation and maintenance',3
personal and community hygiene,Community / Users,high,matched 'community',3
pipeline monitoring,Monitoring,medium,'monitoring' over 'pipeline',3
political interference in committee management,Politics,high,'political interfer' over 'committee',3
population size,Community / Users,high,matched 'population',3
preventive maintenance,O&M,high,matched 'maintenance',3
professional water utility management,O&M,high,'utility management' over 'professional',3
project financial resources,Govt / External Finance,high,matched 'financial resource',3
project operationalization,Planning,low,token-overlap fallback (7),3
project relevance to community,Community / Users,high,matched 'community',3
project stalling,Planning,low,token-overlap fallback (7),3
prompt repair,O&M,high,matched 'repair',3
pump availability,Infrastructure,low,token-overlap fallback (2),3
pump breakdown,Service Performance,high,matched 'breakdown',3
pump functionality,Service Performance,high,matched 'functionality',3
qualified personnel,Govt Management,high,matched 'personnel',3
regular monitoring of water schemes,Monitoring,high,matched 'monitoring',3
regular water supply,Service Performance,high,matched 'water supply',3
rehabilitation needs,O&M,high,matched 'rehabilitat',3
repair capacity,O&M,high,matched 'repair',3
repair timeliness,O&M,high,matched 'repair',3
reservoir capacity,Infrastructure,high,matched 'reservoir',3
resource efficiency,Govt / External Finance,low,token-overlap fallback (3),3
resource pooling,Govt / External Finance,low,token-overlap fallback (3),3
resource wastage,Govt / External Finance,low,token-overlap fallback (3),3
revenue accountability,Monitoring,medium,'accountab' over 'revenue',3
revenue management,Community Finance,high,matched 'revenue',3
river water contamination,Service Performance,high,'water contaminat' over 'contaminat',3
rocky terrain,Environmental,high,matched 'terrain',3
rural road infrastructure,Infrastructure,high,matched 'infrastructure',3
rural scheme failure,Infrastructure,low,token-overlap fallback (4),3
rural scheme management,O&M,high,matched 'scheme management',3
rural water service sustainability,Sustainability,high,'water service sustainability' over 'water service',3
salinity levels,Environmental,high,matched 'salinity',3
sand dams,Infrastructure,medium,matched 'dams',3
sanitation access,Service Performance,high,matched 'sanitation access',3
sanitation and hygiene awareness,Community / Users,high,matched 'sanitation and hygiene',3
sanitation behavior change,Community / Users,high,matched 'behavior',3
sanitation compliance,Laws + Regulations,high,matched 'compliance',3
sanitation conditions,Service Performance,high,matched 'sanitation condition',3
sanitation infrastructure,Infrastructure,high,matched 'infrastructure',3
sanitation outcomes,Service Performance,low,token-overlap fallback (10),3
scheme accessibility,Infrastructure,low,token-overlap fallback (4),3
scheme monitoring,Monitoring,high,matched 'monitoring',3
security issues,Community / Users,low,no match — defaulted to Community / Users,3
service continuity,Service Performance,high,matched 'service continu',3
service coverage,Service Performance,high,matched 'service coverage',3
service delivery system,Service Performance,high,matched 'service deliver',3
sewage disposal cost,O&M,low,token-overlap fallback (8),3
sewage dumping truck availability,Service Performance,high,'dumping truck' over 'truck',3
sewerage/drainage lines,Infrastructure,high,matched 'sewerage',3
simultaneous maintenance response capacity,O&M,high,matched 'maintenance',3
skills,Capacity Building,low,token-overlap fallback (1),3
solar pump adoption,Infrastructure,medium,matched 'solar',3
solution implementation,Infrastructure,high,matched 'implementation',3
staffing,Govt Management,high,matched 'staffing',3
stakeholder awareness,Coordination,high,'stakeholder' over 'awareness',3
stakeholder meetings,Coordination,high,matched 'stakeholder',3
stakeholder networking,Coordination,high,matched 'stakeholder',3
stream development,Infrastructure,low,token-overlap fallback (3),3
strong WASH coordination,Coordination,high,matched 'coordinat',3
suction truck utilization,Infrastructure,medium,matched 'truck',3
sufficient water service,Service Performance,high,matched 'water service',3
sump wells in seasonal rivers,Community / Users,low,no match — defaulted to Community / Users,3
supervision quality,Monitoring,high,matched 'supervision',3
surface water availability,Service Performance,high,matched 'water availab',3
system functionality,Service Performance,high,matched 'functionality',3
technical capacity,Capacity Building,low,token-overlap fallback (9),3
technology adoption,Infrastructure,high,matched 'technology',3
timely project completion,Planning,low,token-overlap fallback (7),3
town environmental quality,Environmental,high,matched 'environmental',3
town growth,Planning,high,matched 'town growth',3
transport availability,Infrastructure,high,matched 'transport',3
transport capacity,Infrastructure,high,matched 'transport',3
tree plantation,Environmental,low,token-overlap fallback (1),3
uncontrolled waste dumping,Service Performance,low,token-overlap fallback (7),3
use of untreated water,Service Performance,low,token-overlap fallback (29),3
vandalism,Community / Users,high,matched 'vandal',3
waiting time at water sources,Service Performance,low,token-overlap fallback (32),3
waste accumulation,Service Performance,low,token-overlap fallback (6),3
waste collection vehicles,Service Performance,high,'waste collect' over 'vehicle',3
waste disposal service,Service Performance,low,token-overlap fallback (23),3
waste management capacity,Service Performance,high,matched 'waste management',3
waste volume,Service Performance,low,token-overlap fallback (6),3
water and sanitation service improvement,Service Performance,high,matched 'water and sanitation service',3
water availability during drought,Service Performance,high,'water availab' over 'drought',3
water facility development,Infrastructure,high,matched 'facility',3
water facility management,O&M,high,'facility management' over 'facility',3
water infrastructure,Infrastructure,high,matched 'infrastructure',3
water line rehabilitation,O&M,high,matched 'rehabilitat',3
water line replacement,Service Performance,low,token-overlap fallback (29),3
water point sustainability,Infrastructure,medium,'water point' over 'sustainab',3
water policy and regulations,Laws + Regulations,high,matched 'regulation',3
water pressure,Service Performance,high,matched 'water pressure',3
water problems,Service Performance,low,token-overlap fallback (29),3
water project funding,Govt / External Finance,high,matched 'funding',3
water project study quality,Planning,medium,matched 'study',3
water pump functionality,Service Performance,high,matched 'functionality',3
water pumping cost,Service Performance,low,token-overlap fallback (29),3
water recycling,Service Performance,low,token-overlap fallback (29),3
water reservoir capacity,Infrastructure,high,matched 'reservoir',3
water resource availability,Environmental,high,matched 'water resource',3
water resource management,Environmental,high,matched 'water resource',3
water resource scarcity,Environmental,high,matched 'water resource',3
water scarcity,Service Performance,high,matched 'water scarcity',3
water scheme condition,Service Performance,low,token-overlap fallback (30),3
water scheme contamination,Community / Users,high,matched 'contaminat',3
water scheme coverage,Service Performance,high,matched 'coverage',3
water scheme management quality,O&M,high,matched 'water scheme management',3
water scheme operation,O&M,high,matched 'scheme operation',3
water sector budget allocation,Govt / External Finance,high,matched 'budget',3
water sector development,Service Performance,low,token-overlap fallback (29),3
water sector funding,Govt / External Finance,high,matched 'funding',3
water sector performance,Service Performance,low,token-overlap fallback (30),3
water service cost,Service Performance,medium,'water service' over 'service cost',3
water service performance,Service Performance,high,matched 'service performance',3
water service quality,Service Performance,high,matched 'service quality',3
water service revenue,Service Performance,high,'water service' over 'revenue',3
water service solutions,Service Performance,high,matched 'water service',3
water source adequacy,Service Performance,low,token-overlap fallback (30),3
water source identification,Service Performance,low,token-overlap fallback (29),3
water supply access at health facilities,Service Performance,high,'water supply' over 'facilities',3
water supply expansion project completion,Service Performance,high,'water supply' over 'expansion',3
water supply interruption,Service Performance,high,matched 'water supply',3
water supply reliability,Service Performance,high,matched 'water supply',3
water supply shortage alleviation,Service Performance,high,matched 'water supply',3
water sustainability,Sustainability,high,matched 'water sustainability',3
water system functionality,Service Performance,high,matched 'functionality',3
water system operation,O&M,high,matched 'system operation',3
water table levels,Environmental,high,matched 'water table',3
water tariffs,Community Finance,high,matched 'tariff',3
water theft,Community / Users,medium,matched 'theft',3
water treatment materials supply,Service Performance,high,matched 'water treatment',3
water treatment requirements,Service Performance,high,matched 'water treatment',3
water utility office capacity,Govt Management,high,matched 'office capacity',3
willingness to pay,Community Finance,high,matched 'willingness to pay',3
wise use of water resources,Environmental,high,matched 'water resource',3
woreda technician capacity,O&M,high,'technician' over 'woreda',3
woreda water office budget,Govt / External Finance,low,'budget' over 'woreda',3
youth employment,Community / Users,medium,matched 'youth',3
zonal water office and development partners,Coordination,high,'development partner' over 'zonal',3
CDO transport (motorcycle),Infrastructure,high,matched 'transport',2
FundiFix maintenance contracts,O&M,high,matched 'maintenance',2
FundiFix proximity,Community / Users,low,no match — defaulted to Community / Users,2
FundiFix technical expertise,Govt Management,high,matched 'expert',2
Fundifix implementation,Infrastructure,high,matched 'implementation',2
Ganery river water scheme,Environmental,medium,matched 'river',2
Health Extension program,Community / Users,high,matched 'health',2
NGO accountability,Monitoring,high,'accountab' over 'ngo',2
NGO budget limitations,Govt / External Finance,high,'budget' over 'ngo',2
NGO intervention,Coordination,medium,matched 'ngo',2
NGO local office presence in region,Coordination,medium,matched 'ngo',2
NGO-government collaboration,Govt Management,low,'government' over 'collaborat',2
NGO-government coordination,Govt Management,medium,'government' over 'coordinat',2
O&M capacity,O&M,medium,matched 'o&m',2
O&M effectiveness,O&M,medium,matched 'o&m',2
O&M fund availability,O&M,medium,matched 'o&m',2
O&M sustainability,Sustainability,high,'sustainab' over 'o&m',2
ODF kebele achievement,Community / Users,low,no match — defaulted to Community / Users,2
WARMA licensing,Laws + Regulations,high,matched 'licensing',2
WASH budget utilization,Govt / External Finance,high,matched 'budget',2
WASH committee capacity,Capacity Building,high,'committee capacity' over 'wash committee',2
WASH implementation,Infrastructure,high,matched 'implementation',2
WASH principles adherence,Community Management,low,token-overlap fallback (2),2
WASH priority identification,Community Management,low,token-overlap fallback (2),2
WASH program effectiveness,Community Management,low,token-overlap fallback (2),2
WASH program performance,Community Management,low,token-overlap fallback (2),2
WASH service coverage,Service Performance,high,matched 'service coverage',2
WASHCO financial capacity,Govt / External Finance,high,'financial capacity' over 'washco',2
WASHCO performance,Community Management,high,matched 'washco',2
WASHCo maintenance capacity,O&M,high,'maintenance' over 'washco',2
WASHCo performance,Community Management,high,matched 'washco',2
WSP financial sustainability,Sustainability,high,matched 'sustainab',2
WSP management of community schemes,Community / Users,high,matched 'community',2
WSP management quality,O&M,low,token-overlap fallback (6),2
WSP performance,Service Performance,low,token-overlap fallback (1),2
WUC knowledge of responsibilities,Community Management,medium,matched 'wuc',2
WaSHCO capacity,Community Management,high,matched 'washco',2
Water ATM,Service Performance,low,token-overlap fallback (29),2
Water ATM mobile payment system,Community Finance,high,matched 'payment',2
Water Bill approval,Community Finance,high,matched 'water bill',2
access to basic sanitation items,Service Performance,low,token-overlap fallback (17),2
access to potable water,Service Performance,high,matched 'potable water',2
access to spare parts and maintenance materials,O&M,high,matched 'maintenance',2
accountability awareness,Community / Users,low,'awareness' over 'accountab',2
accountability mechanisms,Monitoring,high,matched 'accountab',2
achievement of sanitation goals,Service Performance,low,token-overlap fallback (10),2
additional water schemes,Service Performance,low,token-overlap fallback (29),2
adequate technicians,O&M,high,matched 'technician',2
aging water facilities,Infrastructure,high,matched 'facilities',2
aging water lines,Service Performance,low,token-overlap fallback (29),2
agricultural productivity,Community / Users,high,matched 'cultural',2
algae contamination of stored water,Community / Users,high,matched 'contaminat',2
alternative power sources,Infrastructure,low,token-overlap fallback (2),2
appropriate site selection,Planning,high,'site selection' over 'election',2
appropriate technology selection,Infrastructure,high,'technology' over 'election',2
appropriate waste disposal sites,Infrastructure,high,matched 'disposal site',2
appropriate waste dumping site,Infrastructure,high,matched 'dumping site',2
appropriate water pricing,Service Performance,low,token-overlap fallback (29),2
area cleanliness,Community / Users,high,matched 'cleanliness',2
arid climatic conditions,Community / Users,low,no match — defaulted to Community / Users,2
artisan availability,Monitoring,low,token-overlap fallback (1),2
attitudinal change,Capacity Building,low,token-overlap fallback (2),2
awareness campaigns,Capacity Building,high,'awareness campaign' over 'awareness',2
awareness enhancement program,Community / Users,high,matched 'awareness',2
awareness enhancement training,Community / Users,medium,'awareness' over 'training',2
bathing service provision,Service Performance,high,matched 'service provis',2
beneficiary complaints,Community / Users,low,no match — defaulted to Community / Users,2
board management autonomy,O&M,low,token-overlap fallback (6),2
borehole availability,Infrastructure,high,matched 'borehole',2
borehole breakdown,Service Performance,medium,'breakdown' over 'borehole',2
borehole drilling capacity,Infrastructure,high,matched 'borehole',2
borehole drilling risk,Infrastructure,high,matched 'borehole',2
borehole maintenance frequency,O&M,high,'maintenance' over 'borehole',2
borehole management quality,Infrastructure,high,matched 'borehole',2
borehole quality,Infrastructure,high,matched 'borehole',2
borehole repair capacity,Infrastructure,medium,'borehole' over 'repair',2
borehole sustainability,Sustainability,medium,'sustainab' over 'borehole',2
borehole utilization,Infrastructure,high,matched 'borehole',2
breakdown awareness,Service Performance,medium,'breakdown' over 'awareness',2
breakdown response capability,Service Performance,high,matched 'breakdown',2
bucket fetching from wells,Community / Users,low,no match — defaulted to Community / Users,2
budget adequacy,Govt / External Finance,high,matched 'budget',2
budget allocation for sanitation,Govt / External Finance,high,matched 'budget',2
budget misuse,Govt / External Finance,low,'budget' over 'misuse',2
budget problem resolution,Govt / External Finance,high,matched 'budget',2
budget shortage,Govt / External Finance,high,matched 'budget',2
budget sufficiency,Govt / External Finance,high,matched 'budget',2
budget utilization efficiency,Govt / External Finance,high,matched 'budget',2
capacity building effectiveness,Capacity Building,high,matched 'capacity build',2
capacity building for management committees,Community Management,high,'management committee' over 'capacity build',2
capacity building of management committees,Community Management,high,'management committee' over 'capacity build',2
capacity building of water management committees,Community Management,high,'water management committee' over 'capacity build',2
capacity building training for WASHCos,Capacity Building,high,'capacity build' over 'washco',2
capacity development,Capacity Building,high,matched 'capacity development',2
capital availability,Govt / External Finance,low,token-overlap fallback (1),2
capital budget allocation,Govt / External Finance,high,matched 'budget',2
capital budget for water works,Govt / External Finance,high,matched 'budget',2
child illness,Community / Users,high,matched 'illness',2
chlorinated water consumption,Service Performance,low,token-overlap fallback (29),2
city administration decision-making,Govt Management,high,matched 'city administration',2
clean living environment,Environmental,high,matched 'environment',2
clean water source,Service Performance,high,matched 'clean water',2
clean work areas,Coordination,low,token-overlap fallback (3),2
coaching and mentorship,Capacity Building,high,matched 'mentorship',2
collaborative work,Coordination,high,matched 'collaborat',2
collective action,Govt Management,low,token-overlap fallback (1),2
collective problem-solving,Service Performance,low,token-overlap fallback (1),2
committee affordability,Community Management,medium,'committee' over 'affordab',2
committee capacity building,Capacity Building,high,'committee capacity' over 'committee',2
committee cohesion,Community Management,high,matched 'committee',2
committee financial management,Community Management,high,matched 'committee',2
committee financial mismanagement,Community Management,low,'committee' over 'mismanage',2
committee fund mismanagement,Govt / External Finance,high,'fund mismanage' over 'committee',2
committee funds,Community Management,high,matched 'committee',2
committee governance stability,Govt Management,medium,'governance' over 'committee',2
committee performance,Community Management,high,matched 'committee',2
committee technical skills,Community Management,high,matched 'committee',2
committee training,Capacity Building,high,'committee training' over 'committee',2
committee training on maintenance,Capacity Building,high,'committee training' over 'maintenance',2
common agreement on sanitation priority,Service Performance,low,token-overlap fallback (10),2
communal latrine construction,Infrastructure,high,matched 'construction',2
communal latrine development,Infrastructure,high,matched 'latrine',2
communicable disease,Community / Users,high,matched 'disease',2
communication mechanisms between ministries and regional bureaus,Capacity Building,low,token-overlap fallback (2),2
community O&M cost,Community / Users,high,'community' over 'o&m',2
community acceptance of water project,Community / Users,high,matched 'community acceptance',2
community access to waste disposal,Community / Users,high,matched 'community',2
community accountability,Community / Users,low,'community' over 'accountab',2
community and stakeholder coordination,Coordination,high,'stakeholder' over 'community',2
community awareness and mobilization,Community / Users,medium,'awareness' over 'mobiliz',2
community awareness campaigns,Capacity Building,high,'awareness campaign' over 'awareness',2
community awareness on WASH,Community / Users,high,matched 'awareness',2
community awareness on hygiene,Community / Users,high,matched 'awareness',2
community awareness on water and sanitation,Community / Users,high,matched 'awareness',2
community awareness on water resources,Environmental,high,'water resource' over 'awareness',2
community awareness on water scheme use,Community / Users,high,matched 'awareness',2
community awareness training,Community / Users,medium,'awareness' over 'training',2
community borehole management,Community / Users,low,'community' over 'borehole',2
community capacity,Community / Users,high,matched 'community',2
community commitment to environmental cleanliness,Environmental,high,'environmental' over 'cleanliness',2
community complaints,Community / Users,high,matched 'community',2
community confidence in local water officers,Community / Users,medium,'community' over 'officer',2
community conflict,Community / Users,high,matched 'community conflict',2
community consultation in water scheme design,Community / Users,high,'community' over 'design',2
community contribution to maintenance,Community Finance,high,'community contribution' over 'maintenance',2
community contributions,Community Finance,high,'community contribution' over 'community',2
community dependency on implementing actors,Community / Users,high,matched 'community',2
community detachment from water project,Community / Users,high,matched 'community',2
community development,Community / Users,high,matched 'community',2
community disease,Community / Users,high,matched 'community',2
community engagement from word go,Community Management,high,'community engagement' over 'community',2
community expectation of free water service,Service Performance,high,'water service' over 'community',2
community exposure to new technology,Infrastructure,medium,'technology' over 'community',2
community farming and income,Community / Users,high,'community' over 'income',2
community financial management,Community Finance,high,'community financial' over 'community',2
community funding capacity,Community Finance,high,'community fund' over 'community',2
community governance accountability,Govt Management,medium,'governance' over 'community',2
community health problems,Community / Users,high,matched 'community',2
community hygiene and sanitation,Community / Users,high,matched 'community',2
community income collection from water service,Service Performance,high,'water service' over 'community',2
community knowledge,Community / Users,high,matched 'community knowledge',2
community knowledge of waste management,Community / Users,medium,'community knowledge' over 'waste management',2
community latrine care,Community / Users,medium,'community' over 'latrine',2
community leader training,Community / Users,medium,'community' over 'training',2
community maintenance capacity,O&M,high,'maintenance' over 'community',2
community migration,Community / Users,high,matched 'community',2
community mobility,Community / Users,high,matched 'community',2
community mobilization program,Capacity Building,high,'community mobiliz' over 'community',2
community motivation for sanitation,Community / Users,high,matched 'community',2
community motivation to manage borehole,Community / Users,low,'community' over 'borehole',2
community needs assessment,Planning,high,'needs assessment' over 'community',2
community ownership of projects,Community Management,high,'community ownership' over 'community',2
community ownership of scheme,Community Management,high,'community ownership' over 'community',2
community ownership of water projects,Community Management,high,'community ownership' over 'community',2
community ownership of water system,Community Management,high,'community ownership' over 'community',2
community participation in WASH,Community Management,high,'community participation' over 'community',2
community participation in project design,Community Management,high,'community participation' over 'project design',2
community participation in water scheme development,Community Management,high,'community participation' over 'scheme development',2
community poverty,Community / Users,high,matched 'community',2
community project contribution,Community / Users,high,matched 'community',2
community project management,Planning,high,'project management' over 'community',2
community representative participation,Community Management,high,'participation' over 'community',2
community responsibility for maintenance,O&M,high,'maintenance' over 'community',2
community river water use,Community / Users,high,'community' over 'river',2
community sanitation practices,Community / Users,high,matched 'community',2
community sanitation responsibility,Community / Users,high,matched 'community',2
community sense of belonging,Community / Users,high,matched 'community',2
community settlement in villages,Community / Users,high,matched 'settlement',2
community technical skills,Community / Users,high,matched 'community',2
community technology capacity,Infrastructure,medium,'technology' over 'community',2
community training and sensitization,Community / Users,medium,'community' over 'training',2
community training on operation and maintenance,O&M,high,'operation and maintenance' over 'community',2
community training on water scheme use,Community / Users,medium,'community' over 'training',2
community understanding of maintenance roles,Community / Users,high,'community understanding' over 'maintenance',2
community understanding of sanitation consequences,Community / Users,high,matched 'community understanding',2
community understanding of water source protection,Environmental,medium,'water source protection' over 'community understanding',2
community waste management practices,Service Performance,high,'waste management' over 'community',2
community water management,Community / Users,high,matched 'community',2
community water management system,Community / Users,high,matched 'community',2
community water service access,Service Performance,high,'service access' over 'community',2
community-government collaboration,Govt Management,low,'government' over 'collaborat',2
community-government relations,Govt Management,medium,'government' over 'community',2
compensation payment to dumping site neighbors,Infrastructure,high,'dumping site' over 'payment',2
compost production,Community / Users,low,no match — defaulted to Community / Users,2
construction duration,Infrastructure,high,matched 'construction',2
continuity of water services,Service Performance,high,matched 'water service',2
continuous capacity building,Capacity Building,high,matched 'capacity build',2
continuous training and coaching,Capacity Building,high,matched 'training',2
contractor project delivery,Private Sector,high,matched 'contractor',2
contractor work quality,Private Sector,high,matched 'contractor',2
contractual work approach,Coordination,low,token-overlap fallback (3),2
coordinated decision-making,Govt Management,high,'decision-making' over 'coordinat',2
coordinated local government and NGO actions,Govt Management,medium,'government' over 'coordinat',2
coordination among WASH partners,Coordination,high,matched 'coordinat',2
coordination among WASH stakeholders,Coordination,high,matched 'stakeholder',2
coordination among actors,Coordination,high,matched 'coordinat',2
coordination among organizations,Coordination,high,matched 'coordinat',2
coordination between actors,Coordination,high,matched 'coordinat',2
coordination between bodies,Coordination,high,matched 'coordinat',2
coordination between sector offices,Coordination,high,matched 'coordinat',2
coordination system,Coordination,high,matched 'coordinat',2
coordination task force,Coordination,high,matched 'coordinat',2
coordination with experienced organizations,Coordination,high,matched 'coordinat',2
coordination with implementing organizations,Coordination,high,matched 'coordinat',2
county budget allocation to WSPs,Govt / External Finance,high,matched 'budget',2
county government funding,Govt / External Finance,high,'government funding' over 'government',2
county government support,Govt / External Finance,high,'government support' over 'government',2
county government-service provider coordination,Private Sector,high,'service provider' over 'government',2
county officer oversight,Monitoring,medium,'oversight' over 'officer',2
county officer oversight of schemes,Monitoring,medium,'oversight' over 'officer',2
cross-stakeholder water well maintenance,O&M,medium,'maintenance' over 'stakeholder',2
damping site acquisition,Infrastructure,low,token-overlap fallback (3),2
deep borehole development in arid areas,Infrastructure,high,matched 'borehole',2
deep well development,Infrastructure,medium,matched 'well',2
delay in budget release,Govt / External Finance,high,matched 'budget',2
delayed maintenance response,O&M,high,matched 'maintenance',2
demand-supply incompatibility,Community / Users,high,matched 'demand',2
dependence on external actors,Govt / External Finance,low,token-overlap fallback (4),2
dependency syndrome,Community / Users,low,no match — defaulted to Community / Users,2
desalination,Community / Users,low,no match — defaulted to Community / Users,2
desalination equipment cost recovery,Community Finance,high,'cost recovery' over 'equipment',2
desalination technology and cost requirements,Infrastructure,high,matched 'technology',2
designated waste disposal area,Planning,high,matched 'design',2
development partner engagement,Coordination,high,matched 'development partner',2
devolution,Community / Users,low,no match — defaulted to Community / Users,2
diesel running costs,O&M,high,matched 'running cost',2
diesel-based water schemes,Service Performance,low,token-overlap fallback (29),2
difficult topography,Environmental,high,matched 'topography',2
disease outbreaks,Community / Users,high,matched 'outbreak',2
district-Whave partnership,Coordination,high,'partnership' over 'district',2
donor dependency,Govt / External Finance,medium,matched 'donor',2
donor willingness to support,Govt / External Finance,medium,matched 'donor',2
downtime,Service Performance,high,matched 'downtime',2
drainage blockage,Infrastructure,high,matched 'drainage',2
drainage diversion,Infrastructure,high,matched 'drainage',2
drainage infrastructure,Infrastructure,high,matched 'infrastructure',2
drainage problem resolution,Infrastructure,high,matched 'drainage',2
drinking water availability,Service Performance,high,matched 'drinking water',2
dumping site access,Infrastructure,high,matched 'dumping site',2
dumping site acquisition,Infrastructure,high,matched 'dumping site',2
dumping site problem resolution,Infrastructure,high,matched 'dumping site',2
dustbin availability,Monitoring,low,token-overlap fallback (1),2
early detection of management issues,O&M,low,token-overlap fallback (6),2
economic wellbeing,Community / Users,medium,'wellbeing' over 'economic',2
effective sector coordination,Coordination,high,matched 'coordinat',2
efficient budget use,Govt / External Finance,high,matched 'budget',2
emergency advocacy,Community / Users,low,no match — defaulted to Community / Users,2
emergency repair funding,Govt / External Finance,low,'funding' over 'repair',2
employment opportunities,Private Sector,high,matched 'employment opportunit',2
energy costs for pumping,O&M,high,matched 'energy cost',2
environmental law enforcement,Environmental,high,'environmental' over 'enforcement',2
equipment functionality,Service Performance,high,'functionality' over 'equipment',2
equipment lifespan,Infrastructure,high,matched 'equipment',2
equitable distribution of water points,Infrastructure,high,matched 'water point',2
expert training,Capacity Building,medium,'training' over 'expert',2
exploitation of local resources,Govt Management,low,token-overlap fallback (2),2
external actor support,Govt / External Finance,low,token-overlap fallback (9),2
external dependency,Govt / External Finance,low,token-overlap fallback (4),2
external donor funding,Govt / External Finance,high,matched 'funding',2
external funding,Govt / External Finance,high,matched 'external funding',2
external funding dependence,Govt / External Finance,high,matched 'external funding',2
external support dependency,Govt / External Finance,high,matched 'external support',2
factory chemical discharge,Community / Users,low,no match — defaulted to Community / Users,2
factory waste pollution,Environmental,high,matched 'pollution',2
fair price municipal services,Govt Management,high,matched 'municipal',2
farm ponds and sand dams,Infrastructure,medium,matched 'dams',2
farmer livelihoods,Community / Users,high,matched 'livelihood',2
farmer tax payment,Community Finance,medium,'payment' over 'farmer',2
fault detection,Community / Users,low,no match — defaulted to Community / Users,2
federal bureau procurement process,Private Sector,high,matched 'procurement',2
financial contributions for maintenance,O&M,high,matched 'maintenance',2
financial management quality,Govt / External Finance,low,token-overlap fallback (8),2
financial management skills,Govt / External Finance,low,token-overlap fallback (8),2
financial management training,Capacity Building,high,matched 'training',2
financial management understanding,Govt / External Finance,low,token-overlap fallback (8),2
financial self-sufficiency,Govt / External Finance,low,token-overlap fallback (8),2
financial sustainability,Sustainability,high,matched 'sustainab',2
financial transaction transparency,Community Finance,high,matched 'transparen',2
food insecurity,Community / Users,low,no match — defaulted to Community / Users,2
free water mentality,Service Performance,low,token-overlap fallback (29),2
frequency of breakdowns,Service Performance,high,matched 'breakdown',2
frequent training,Capacity Building,high,matched 'training',2
fuel cost,O&M,high,matched 'fuel cost',2
fuel costs,O&M,high,matched 'fuel cost',2
fund accountability,Monitoring,high,matched 'accountab',2
fund collection for operations,Govt / External Finance,low,token-overlap fallback (12),2
fund management accountability,Monitoring,high,matched 'accountab',2
fund wastage,Govt / External Finance,low,token-overlap fallback (11),2
funding for minor repairs,Govt / External Finance,low,'funding' over 'repair',2
gap identification,Community / Users,low,no match — defaulted to Community / Users,2
garbage truck procurement,Private Sector,high,'procurement' over 'truck',2
generator functionality,Service Performance,high,'functionality' over 'generator',2
good leadership,Govt Management,high,matched 'leadership',2
government and NGO financial contribution,Govt Management,high,'government' over 'ngo',2
government attention to WASH program,Govt Management,high,matched 'government attention',2
government attention to water sector,Govt Management,high,matched 'government attention',2
government budget for sanitation,Govt / External Finance,high,'government budget' over 'government',2
government bureaucracy,Govt Management,high,matched 'government',2
government emphasis on sanitation service,Service Performance,high,'sanitation service' over 'government',2
government leadership,Govt Management,high,matched 'government',2
government monitoring of WASHCOs,Govt Management,medium,'government' over 'monitoring',2
government resource allocation,Govt / External Finance,high,'resource allocation' over 'government',2
government sanitation planning,Govt Management,high,'government' over 'planning',2
government subsidies,Govt / External Finance,high,'government subsid' over 'government',2
government-community collaboration,Govt Management,low,'government' over 'collaborat',2
government-partner coordination,Govt Management,medium,'government' over 'coordinat',2
grazing land availability,Laws + Regulations,low,token-overlap fallback (6),2
green areas and favorable environment,Environmental,high,matched 'environment',2
groundwater availability,Service Performance,high,'water availab' over 'groundwater',2
groundwater potential,Environmental,high,matched 'groundwater',2
groundwater potential mapping,Environmental,high,matched 'groundwater',2
groundwater recharge,Environmental,high,matched 'groundwater',2
groundwater resource information,Environmental,high,matched 'water resource',2
groundwater salinity,Environmental,high,matched 'groundwater',2
hand pump breakdown,Service Performance,low,'breakdown' over 'hand pump',2
handwashing culture,Community / Users,high,matched 'culture',2
head of office turnover,Govt Management,high,matched 'turnover',2
health and sanitation education,Capacity Building,high,'sanitation education' over 'education',2
health problems from improper waste,Community / Users,high,matched 'health',2
high pipeline pressure,Infrastructure,high,matched 'pipeline',2
household waste disposal,Community / Users,high,matched 'household',2
household waste management,Service Performance,high,'waste management' over 'household',2
household water access,Service Performance,high,'water access' over 'household',2
human resource capacity,Govt Management,high,matched 'human resource',2
hygiene and sanitation behaviors,Community / Users,high,matched 'behavior',2
hygiene awareness,Community / Users,high,matched 'awareness',2
hygiene awareness training,Community / Users,medium,'awareness' over 'training',2
hygiene management,Community / Users,high,matched 'hygiene',2
hygiene practices,Community / Users,high,matched 'hygiene',2
hygiene problems,Community / Users,high,matched 'hygiene',2
identification of areas needing water supply,Service Performance,high,matched 'water supply',2
identification of community management gaps,Community Management,high,'community management' over 'community',2
identification of potential water sources,Service Performance,low,token-overlap fallback (29),2
identification of water scheme management gaps,O&M,high,matched 'water scheme management',2
illegal water connections,Service Performance,low,token-overlap fallback (29),2
immediate maintenance service,O&M,high,matched 'maintenance',2
implementing partner engagement,Coordination,high,matched 'partner engagement',2
improper waste disposal behavior,Community / Users,high,matched 'improper waste disposal',2
improved public health,Community / Users,high,matched 'public',2
income generation,Community Finance,high,matched 'income',2
independent repair capacity,O&M,high,matched 'repair',2
indiscriminate waste disposal,Community / Users,low,token-overlap fallback (12),2
industrial waste treatment plants,Infrastructure,high,matched 'waste treatment',2
infiltration galleries in riverbeds,Community / Users,low,no match — defaulted to Community / Users,2
information exchange,Coordination,low,token-overlap fallback (1),2
information sharing among organizations,Coordination,high,matched 'information sharing',2
information sharing among water actors,Coordination,high,matched 'information sharing',2
information sharing between partners,Coordination,high,matched 'information sharing',2
infrastructure condition,Infrastructure,high,matched 'infrastructure',2
infrastructure durability,Infrastructure,high,matched 'infrastructure',2
infrastructure expansion,Infrastructure,high,matched 'infrastructure',2
infrastructure functionality,Infrastructure,medium,'infrastructure' over 'functionality',2
infrastructure maintenance capability,Infrastructure,high,'infrastructure' over 'maintenance',2
infrastructure protection,Infrastructure,high,matched 'infrastructure',2
infrastructure repair capacity,Infrastructure,high,'infrastructure' over 'repair',2
infrastructure replacement,Infrastructure,high,matched 'infrastructure',2
infrastructure vulnerability,Infrastructure,high,matched 'infrastructure',2
institutional WASH development,Coordination,low,token-overlap fallback (4),2
institutional attention,Govt Management,low,token-overlap fallback (2),2
institutional performance,Service Performance,low,token-overlap fallback (1),2
integrated infrastructure planning,Infrastructure,high,'infrastructure' over 'planning',2
intensive trainings,Capacity Building,high,matched 'training',2
inter-actor collaboration,Coordination,high,matched 'collaborat',2
inter-actor coordination,Coordination,high,matched 'coordinat',2
inter-institutional coordination,Coordination,high,matched 'inter-institutional',2
inter-organizational collaboration,Coordination,high,matched 'inter-organiz',2
inter-organizational knowledge sharing,Coordination,high,matched 'knowledge sharing',2
inter-organizational learning,Coordination,high,matched 'inter-organiz',2
inter-partner coordination,Coordination,high,matched 'coordinat',2
inter-stakeholder collaboration,Coordination,high,matched 'stakeholder',2
irresponsible waste disposal,Community / Users,low,token-overlap fallback (11),2
issue identification,Laws + Regulations,low,token-overlap fallback (1),2
joint problem solving,Coordination,low,token-overlap fallback (2),2
knowledge of WASH actors and coverage areas,Service Performance,high,matched 'coverage',2
knowledge of partner activities,Coordination,low,token-overlap fallback (5),2
knowledge of regional challenges,Coordination,low,token-overlap fallback (1),2
labor turnover,Govt Management,high,matched 'turnover',2
lake water contamination,Service Performance,high,'water contaminat' over 'contaminat',2
landfill construction funding,Infrastructure,high,'construction' over 'funding',2
landfill overflow,Infrastructure,high,matched 'landfill',2
landfill sites,Infrastructure,high,matched 'landfill',2
latrine adoption,Infrastructure,high,matched 'latrine',2
latrine durability,Infrastructure,high,matched 'latrine',2
latrine group savings,Infrastructure,low,'latrine' over 'savings',2
latrine suction frequency,Infrastructure,high,matched 'latrine',2
latrine use culture,Infrastructure,medium,'latrine' over 'culture',2
law enforcement mechanism,Laws + Regulations,high,matched 'enforcement',2
leadership awareness,Govt Management,medium,'leadership' over 'awareness',2
leadership quality,Govt Management,high,matched 'leadership',2
legal accountability for fund misuse,Monitoring,high,'accountab' over 'misuse',2
legal framework,Laws + Regulations,medium,matched 'legal',2
liquid waste collection,Service Performance,high,matched 'waste collect',2
liquid waste discharge to open drainage,Service Performance,high,'liquid waste' over 'drainage',2
liquid waste disposal,Service Performance,high,matched 'liquid waste',2
liquid waste disposal area availability,Service Performance,high,matched 'liquid waste',2
liquid waste disposal place,Service Performance,high,matched 'liquid waste',2
liquid waste dump site construction,Service Performance,low,'liquid waste' over 'construction',2
liquid waste in open drainage,Service Performance,high,'liquid waste' over 'drainage',2
liquid waste leakage to streets,Service Performance,high,matched 'liquid waste',2
liquid waste treatment,Infrastructure,high,'waste treatment' over 'liquid waste',2
liquid waste treatment in sewage system,Infrastructure,high,'waste treatment' over 'liquid waste',2
liquid waste treatment plant,Infrastructure,high,'waste treatment' over 'liquid waste',2
local community repair capacity,Community / Users,high,'community' over 'repair',2
local scheme maintenance,O&M,high,matched 'maintenance',2
local technician availability,O&M,high,matched 'technician',2
local water sector workforce,Govt Management,high,matched 'workforce',2
logistics capacity,Capacity Building,low,token-overlap fallback (7),2
long-term water supply planning,Service Performance,high,'water supply' over 'planning',2
low borehole yield,Infrastructure,high,matched 'borehole',2
machine maintenance,O&M,high,matched 'maintenance',2
machinery breakdown during drilling,Service Performance,low,'breakdown' over 'machinery',2
maintenance and repair capacity,O&M,high,matched 'maintenance',2
maintenance capability,O&M,high,matched 'maintenance',2
maintenance cost,O&M,high,matched 'maintenance',2
maintenance coverage,O&M,high,'maintenance' over 'coverage',2
maintenance fund,O&M,high,matched 'maintenance',2
maintenance fund management,O&M,high,matched 'maintenance',2
maintenance quality,O&M,high,matched 'maintenance',2
maintenance responsibility,O&M,high,matched 'maintenance',2
maintenance service delivery,Service Performance,high,'service deliver' over 'maintenance',2
maintenance vehicles,O&M,high,'maintenance' over 'vehicle',2
major infrastructure breakdowns,Infrastructure,high,'infrastructure' over 'breakdown',2
management accountability,Monitoring,high,matched 'accountab',2
management awareness,Community / Users,high,matched 'awareness',2
management committee revenue,Community Management,high,'management committee' over 'revenue',2
management skills,O&M,low,token-overlap fallback (6),2
material quality,Service Performance,low,token-overlap fallback (3),2
meeting allowance expenditure,Govt / External Finance,low,token-overlap fallback (2),2
mega projects,Community / Users,low,no match — defaulted to Community / Users,2
memorandum of understanding with community,Community / Users,high,matched 'community',2
menstrual hygiene management,Community / Users,high,matched 'hygiene',2
minor maintenance,O&M,high,matched 'maintenance',2
minor maintenance of water schemes,O&M,high,matched 'maintenance',2
minor repair capacity,O&M,high,matched 'repair',2
misappropriation of scheme revenue,Community Finance,high,matched 'revenue',2
mismanagement,Govt Management,high,matched 'mismanage',2
mobile nature of pastoral community,Community / Users,high,matched 'community',2
modern dumping site,Infrastructure,high,matched 'dumping site',2
modern dumping site construction,Infrastructure,high,matched 'construction',2
modern recycling waste system,Service Performance,low,token-overlap fallback (6),2
modernized waste disposal system,Community / Users,low,token-overlap fallback (11),2
monitoring and enforcement mechanisms,Laws + Regulations,medium,'enforcement' over 'monitoring',2
monitoring and support of water users associations,Monitoring,high,'monitoring' over 'users',2
monitoring coverage,Monitoring,medium,'monitoring' over 'coverage',2
monitoring frequency,Monitoring,high,matched 'monitoring',2
monitoring of water schemes,Monitoring,high,matched 'monitoring',2
monitoring transport,Infrastructure,low,'transport' over 'monitoring',2
mosquito reproduction,Community / Users,low,no match — defaulted to Community / Users,2
motor pump operation,O&M,low,token-overlap fallback (5),2
motorbikes,Community / Users,low,no match — defaulted to Community / Users,2
multi-stakeholder coordination,Coordination,high,matched 'multi-stakeholder',2
multi-stakeholder involvement,Coordination,high,matched 'stakeholder involvement',2
multi-stakeholder partnership,Coordination,high,matched 'multi-stakeholder',2
new infrastructure lines,Infrastructure,high,matched 'infrastructure',2
new water facility construction,Infrastructure,high,matched 'construction',2
new water projects,Service Performance,low,token-overlap fallback (29),2
new water schemes,Service Performance,low,token-overlap fallback (29),2
new water tank construction,Infrastructure,high,matched 'construction',2
new water technologies,Service Performance,low,token-overlap fallback (29),2
nomadic lifestyle,Community / Users,high,matched 'lifestyle',2
non-revenue water,Community Finance,high,matched 'revenue',2
number of water sources,Service Performance,low,token-overlap fallback (29),2
office expansion capacity,Infrastructure,high,matched 'expansion',2
office financial resources,Govt / External Finance,high,matched 'financial resource',2
old equipment,Infrastructure,high,matched 'equipment',2
on-ground monitoring,Monitoring,high,matched 'monitoring',2
on-job training,Capacity Building,high,matched 'training',2
open ditch waste disposal,Community / Users,low,token-overlap fallback (13),2
open space toilet use,Infrastructure,high,matched 'toilet',2
open waste dumping,Community / Users,low,token-overlap fallback (8),2
operating cost,O&M,high,matched 'operating cost',2
operation and maintenance funding,O&M,high,'operation and maintenance' over 'funding',2
operation cost recovery,Community Finance,high,matched 'cost recovery',2
operational capacity,Capacity Building,low,token-overlap fallback (7),2
operational efficiency,O&M,low,token-overlap fallback (1),2
operations and maintenance,O&M,high,matched 'operations and maintenance',2
organizational effectiveness,Community / Users,low,no match — defaulted to Community / Users,2
over-exploitation of water schemes,Service Performance,low,token-overlap fallback (33),2
overexploitation of water schemes,Service Performance,low,token-overlap fallback (29),2
parking infrastructure,Infrastructure,high,matched 'infrastructure',2
partner resource pooling,Govt / External Finance,low,token-overlap fallback (4),2
partnership,Coordination,high,matched 'partnership',2
pastoralist settlement stability,Community / Users,high,matched 'settlement',2
performance contracts,Service Performance,low,token-overlap fallback (1),2
personal interests of committee members,Community Management,high,matched 'committee',2
personnel accountability,Govt Management,medium,'personnel' over 'accountab',2
pipe bursting,Infrastructure,medium,matched 'pipe',2
pipe bursts,Infrastructure,medium,matched 'pipe',2
pipe replacement,Infrastructure,medium,matched 'pipe',2
pipe rust,Infrastructure,medium,matched 'pipe',2
pipeline bursts,Infrastructure,high,matched 'pipeline',2
pipeline damage,Infrastructure,high,matched 'pipeline',2
pipeline diversion before reservoir,Infrastructure,high,matched 'reservoir',2
pipeline materials cost,Infrastructure,high,matched 'pipeline',2
plan implementation,Planning,high,'plan implementation' over 'implementation',2
plastic bag use,Community / Users,low,no match — defaulted to Community / Users,2
policy for community water schemes,Community / Users,high,'community' over 'policy',2
policy implementation,Infrastructure,high,'implementation' over 'policy',2
political favoritism in service delivery,Service Performance,high,'service deliver' over 'politic',2
political interference in water management,Politics,high,matched 'political interfer',2
political motivation of government projects,Govt Management,high,'government' over 'politic',2
potable water access,Service Performance,high,matched 'potable water',2
poverty,Community / Users,high,matched 'poverty',2
power outage,Infrastructure,high,matched 'power outage',2
pre-construction water study,Infrastructure,high,'construction' over 'study',2
pre-payment quality assessment,Planning,high,'assessment' over 'payment',2
preventive maintenance by Whave,O&M,high,'maintenance' over 'whave',2
private partnerships with water management committees,Community Management,high,'water management committee' over 'private partnership',2
private service provider (FundiFix model),Private Sector,high,matched 'service provider',2
procurement efficiency,Private Sector,high,matched 'procurement',2
procurement process,Private Sector,high,matched 'procurement',2
procurement process efficiency,Private Sector,high,matched 'procurement',2
procurement process improvement,Private Sector,high,matched 'procurement',2
productivity,Community / Users,low,no match — defaulted to Community / Users,2
professional capacity,Govt Management,high,matched 'professional',2
professional personnel,Govt Management,high,matched 'professional',2
professional scheme management,O&M,high,'scheme management' over 'professional',2
professional staff recruitment,Govt Management,high,matched 'professional',2
program expansion,Infrastructure,high,matched 'expansion',2
program overlap,Community / Users,low,no match — defaulted to Community / Users,2
project completion,Planning,low,token-overlap fallback (7),2
project continuity after NGO exit,Coordination,medium,matched 'ngo',2
project fund security,Govt / External Finance,low,token-overlap fallback (11),2
project funds,Planning,low,token-overlap fallback (7),2
project handover to responsible bodies,Planning,low,token-overlap fallback (7),2
project implementation effectiveness,Infrastructure,high,matched 'project implementation',2
project implementation quality,Infrastructure,high,matched 'project implementation',2
project maintenance,O&M,high,matched 'maintenance',2
project management quality,Planning,high,matched 'project management',2
project overlap,Planning,low,token-overlap fallback (7),2
project ownership,Community Management,high,matched 'ownership',2
project progress,Planning,low,token-overlap fallback (7),2
project quality,Planning,low,token-overlap fallback (7),2
project savings fund,Community Finance,high,matched 'savings',2
proper liquid waste disposal,Service Performance,high,matched 'liquid waste',2
proper maintenance,O&M,high,matched 'maintenance',2
proper use of water facilities,Infrastructure,medium,'facilities' over 'proper use',2
public toilet availability,Infrastructure,medium,'toilet' over 'public',2
public toilet construction,Infrastructure,high,'construction' over 'public',2
pumping cost,O&M,low,token-overlap fallback (8),2
pumping costs,Community / Users,low,no match — defaulted to Community / Users,2
pumping requirement,Community / Users,low,no match — defaulted to Community / Users,2
purchasing power,Infrastructure,low,token-overlap fallback (2),2
qualified personnel at woreda level,Govt Management,high,matched 'personnel',2
qualified personnel at woreda water office,Govt Management,high,matched 'personnel',2
qualified water technicians,O&M,high,matched 'technician',2
quality of construction materials,Infrastructure,high,matched 'construction',2
regional government budget allocation,Govt / External Finance,high,'government budget' over 'government',2
regional water design bureau involvement,Planning,high,matched 'design',2
regular inter-sector meetings,Coordination,high,matched 'inter-sector',2
regular maintenance of water facilities,O&M,medium,'maintenance' over 'facilities',2
regular meetings,Community / Users,low,no match — defaulted to Community / Users,2
regulatory reporting platform,Laws + Regulations,medium,'regulatory' over 'reporting',2
rehabilitation capacity,O&M,high,matched 'rehabilitat',2
reliance on community management model,Community Management,high,'community management' over 'community',2
repair cost inflation,O&M,high,matched 'repair',2
repair delay,O&M,high,matched 'repair',2
repair of non-functional water schemes,Service Performance,high,'non-functional' over 'repair',2
repairs and maintenance capacity,O&M,high,matched 'maintenance',2
reservoir fill level,Infrastructure,high,matched 'reservoir',2
reservoir filling rate,Infrastructure,high,matched 'reservoir',2
resource aggregation,Govt / External Finance,low,token-overlap fallback (3),2
resource allocation,Govt / External Finance,high,matched 'resource allocation',2
resource availability,Govt / External Finance,low,token-overlap fallback (3),2
resource duplication,Coordination,high,matched 'duplication',2
resource management,O&M,low,token-overlap fallback (6),2
resource utilization efficiency,Govt / External Finance,low,token-overlap fallback (3),2
resources,Community / Users,low,no match — defaulted to Community / Users,2
response time to water problems,Service Performance,high,matched 'response time',2
responsibility sharing,Coordination,low,token-overlap fallback (4),2
responsible body at town level,Govt Management,low,token-overlap fallback (2),2
responsible monitoring body at kebele level,Monitoring,high,matched 'monitoring',2
revenue collection efficiency,Community Finance,high,matched 'revenue collection',2
revenue generation,Community Finance,high,matched 'revenue generation',2
revenue misuse,Community Finance,medium,'revenue' over 'misuse',2
revenue pooling,Community Finance,high,matched 'revenue',2
revenue utilization,Community Finance,high,matched 'revenue',2
river contamination from garbage,Community / Users,high,'contaminat' over 'river',2
river water capacity,Environmental,medium,matched 'river',2
role confusion between Tanathi and county,Govt Management,low,token-overlap fallback (3),2
rural community settlement program,Community / Users,high,matched 'settlement',2
rural road construction,Infrastructure,high,matched 'construction',2
rural scheme performance,Infrastructure,low,token-overlap fallback (4),2
rural water service delivery,Service Performance,high,matched 'service deliver',2
rural water service quality,Service Performance,high,matched 'service quality',2
sand dams and sump wells,Infrastructure,medium,matched 'dams',2
sanitary regulation compliance,Laws + Regulations,high,matched 'regulation',2
sanitation accountability,Monitoring,high,matched 'accountab',2
sanitation and hygiene education,Community / Users,high,'sanitation and hygiene' over 'hygiene education',2
sanitation and hygiene expert capacity,Community / Users,high,'sanitation and hygiene' over 'expert',2
sanitation and hygiene outcomes,Community / Users,high,matched 'sanitation and hygiene',2
sanitation and hygiene status,Community / Users,high,matched 'sanitation and hygiene',2
sanitation awareness,Community / Users,high,matched 'awareness',2
sanitation behavior,Community / Users,high,matched 'behavior',2
sanitation coordination,Coordination,high,matched 'coordinat',2
sanitation education,Capacity Building,high,'sanitation education' over 'education',2
sanitation financing,Govt / External Finance,high,matched 'financing',2
sanitation goal achievement,Service Performance,low,token-overlap fallback (10),2
sanitation habits,Service Performance,low,token-overlap fallback (10),2
sanitation improvements,Service Performance,high,matched 'sanitation improv',2
sanitation infrastructure development,Infrastructure,high,matched 'infrastructure',2
sanitation malpractices,Service Performance,low,token-overlap fallback (10),2
sanitation problem reduction,Service Performance,high,matched 'sanitation problem',2
sanitation project implementation,Infrastructure,high,matched 'project implementation',2
sanitation quality,Service Performance,low,token-overlap fallback (13),2
sanitation service annual plan,Service Performance,high,'sanitation service' over 'plan',2
sanitation service demand,Service Performance,high,'sanitation service' over 'demand',2
sanitation services,Service Performance,high,matched 'sanitation service',2
sanitation supply availability,Service Performance,low,token-overlap fallback (11),2
sanitation system strength,Service Performance,low,token-overlap fallback (10),2
scattered community settlement,Community / Users,high,matched 'settlement',2
scheme cluster fund,Govt / External Finance,low,token-overlap fallback (11),2
scheme construction quality,Infrastructure,high,matched 'scheme construction',2
scheme functionality,Service Performance,high,matched 'functionality',2
scheme fund availability,Govt / External Finance,low,token-overlap fallback (11),2
scheme maintenance capacity,O&M,high,matched 'maintenance',2
scheme manager,Infrastructure,low,token-overlap fallback (4),2
scheme monitoring and control,Monitoring,high,matched 'monitoring',2
scheme repair capacity,O&M,high,matched 'repair',2
scheme self-sufficiency model,Infrastructure,low,token-overlap fallback (4),2
school WASH funding,Govt / External Finance,medium,'funding' over 'school',2
school attendance,Community / Users,high,matched 'school',2
school feeding program,Community / Users,high,matched 'school',2
school water access,Service Performance,high,'water access' over 'school',2
sector accountability,Monitoring,high,matched 'accountab',2
sector coordination,Coordination,high,matched 'coordinat',2
secured funding,Govt / External Finance,high,matched 'funding',2
sedentary community settlement,Community / Users,high,matched 'settlement',2
sedentary lifestyle,Community / Users,high,matched 'lifestyle',2
sense of ownership of water schemes,Community Management,high,matched 'sense of ownership',2
septic tank maintenance,O&M,high,'maintenance' over 'septic',2
service continuity during breakdown,Service Performance,high,matched 'service continu',2
service improvement,Service Performance,high,matched 'service improv',2
service quality,Service Performance,high,matched 'service quality',2
sewage drainage infrastructure,Infrastructure,high,matched 'infrastructure',2
sewage dumping sites,Infrastructure,high,matched 'dumping site',2
sewage overflow,Service Performance,low,token-overlap fallback (1),2
sewage suction capacity,Capacity Building,low,token-overlap fallback (7),2
sewage suction service,Service Performance,low,token-overlap fallback (18),2
sewage treatment plant,Infrastructure,high,matched 'treatment plant',2
sewerage project resumption,Infrastructure,high,matched 'sewerage',2
sewerage system development,Infrastructure,high,matched 'sewerage',2
shallow well development,Infrastructure,medium,matched 'well',2
site for sewage suction,Infrastructure,low,token-overlap fallback (3),2
skilled professionals,Govt Management,high,matched 'professional',2
skilled technical manpower,Govt Management,high,matched 'manpower',2
society education,Community / Users,high,matched 'education',2
soil conservation,Community / Users,low,no match — defaulted to Community / Users,2
solar energy technology,Infrastructure,high,matched 'technology',2
solar energy water pumps,Infrastructure,medium,matched 'solar',2
solar panel adoption,Infrastructure,medium,matched 'solar',2
solar power adoption,Infrastructure,medium,matched 'solar',2
solar pumping systems,Infrastructure,medium,matched 'solar',2
solar scheme adoption,Infrastructure,medium,matched 'solar',2
solid and liquid waste management,Service Performance,high,matched 'waste management',2
solid waste accumulation,Service Performance,high,matched 'solid waste',2
solid waste disposal system,Service Performance,high,matched 'solid waste',2
solid waste removal,Service Performance,high,matched 'waste removal',2
spare parts stockpiling,O&M,high,matched 'spare part',2
spring water development,Environmental,high,matched 'spring',2
stable community settlement,Community / Users,high,matched 'settlement',2
staffing levels,Govt Management,high,matched 'staffing',2
stakeholder accountability,Coordination,high,'stakeholder' over 'accountab',2
stakeholder awareness of WRA role,Coordination,high,'stakeholder' over 'awareness',2
stakeholder awareness of completed projects,Coordination,high,'stakeholder' over 'awareness',2
stakeholder contributions to WASH,Coordination,high,matched 'stakeholder',2
stakeholder forum,Coordination,high,matched 'stakeholder',2
stakeholder identification,Coordination,high,matched 'stakeholder',2
street waste and open urination,Service Performance,low,token-overlap fallback (6),2
sub-county water office control,Govt Management,high,matched 'sub-county',2
supervision and monitoring,Monitoring,high,matched 'supervision',2
surface water contamination,Service Performance,high,'water contaminat' over 'contaminat',2
surface water harvesting,Environmental,high,matched 'water harvesting',2
sustainability,Sustainability,high,matched 'sustainab',2
sustainability of rural water schemes,Sustainability,high,matched 'sustainab',2
sustainable changes,Sustainability,high,matched 'sustainab',2
sustainable waste management,Service Performance,high,'waste management' over 'sustainab',2
sustainable water service delivery,Sustainability,high,'sustainable water service' over 'service deliver',2
system maintenance,O&M,high,matched 'maintenance',2
system sustainability,Sustainability,high,matched 'sustainab',2
systems management,O&M,low,token-overlap fallback (6),2
technical employee at water scheme,Govt Management,high,matched 'employee',2
technician capacity,O&M,high,matched 'technician',2
technician deployment to rural areas,O&M,high,matched 'technician',2
time for economic activities,Private Sector,high,matched 'economic',2
time savings for women,Community Finance,high,'savings' over 'women',2
timely breakdown repair,Service Performance,high,'breakdown' over 'repair',2
timely breakdown response,Service Performance,high,matched 'breakdown',2
timely expenditure collection from regions,Govt / External Finance,low,token-overlap fallback (3),2
timely maintenance service,O&M,high,matched 'maintenance',2
timely minor maintenance,O&M,high,matched 'maintenance',2
timely repair of infrastructure failures,Infrastructure,high,'infrastructure' over 'repair',2
timely system repair,O&M,high,matched 'repair',2
tourism industry,Community / Users,low,no match — defaulted to Community / Users,2
town expansion,Planning,high,'town expansion' over 'expansion',2
town water utility capacity,Govt Management,high,matched 'town water',2
trained technicians,O&M,high,matched 'technician',2
training internalization,Capacity Building,high,matched 'training',2
training reach,Capacity Building,high,matched 'training',2
transparency,Community Finance,high,matched 'transparen',2
transparency and accountability of water user committees,Community Management,high,'water user committee' over 'transparen',2
transparency between community and officials,Community Finance,medium,'transparen' over 'officials',2
transport of raw materials,Infrastructure,high,matched 'transport',2
trust deed,Community / Users,low,token-overlap fallback (1),2
unauthorized pipeline connections,Infrastructure,high,matched 'pipeline',2
underground water quantity,Service Performance,high,'water quantity' over 'ground water',2
unpaid bill follow-up,Monitoring,high,matched 'follow-up',2
unplanned water point drilling,Infrastructure,high,matched 'water point',2
up-to-date water data,Monitoring,medium,matched 'data',2
urbanization and industrialization,Planning,high,matched 'urbanization',2
use of fluoride-contaminated water,Community / Users,high,matched 'contaminat',2
use of river water,Environmental,medium,matched 'river',2
use of unprotected water sources,Service Performance,low,token-overlap fallback (29),2
use of unsafe river water,Environmental,medium,matched 'river',2
vacuum truck procurement,Service Performance,high,'vacuum truck' over 'procurement',2
walking distance to water source,Service Performance,low,token-overlap fallback (29),2
waste collection,Service Performance,high,matched 'waste collect',2
waste collection association funding,Service Performance,high,'waste collect' over 'funding',2
waste collection behavior,Service Performance,high,'waste collect' over 'behavior',2
waste collection cost,Service Performance,high,matched 'waste collect',2
waste collection delay,Service Performance,high,matched 'waste collect',2
waste collection effectiveness,Service Performance,high,matched 'waste collect',2
waste collection service providers,Service Performance,high,'waste collection service' over 'service provider',2
waste collection service provision,Service Performance,high,matched 'waste collection service',2
waste discharge to environment,Environmental,high,matched 'environment',2
waste disposal,Community / Users,low,token-overlap fallback (11),2
waste disposal compliance,Laws + Regulations,high,matched 'compliance',2
waste disposal on farmland,Community / Users,low,token-overlap fallback (11),2
waste disposal site adequacy,Infrastructure,high,matched 'disposal site',2
waste disposal site funding,Infrastructure,high,'disposal site' over 'funding',2
waste disposal sites,Infrastructure,high,matched 'disposal site',2
waste disposal space,Community / Users,low,token-overlap fallback (11),2
waste disposal system improvement,Community / Users,low,token-overlap fallback (11),2
waste dumping on farmlands,Service Performance,low,token-overlap fallback (7),2
waste management effectiveness,Service Performance,high,matched 'waste management',2
waste management efficiency,Service Performance,high,matched 'waste management',2
waste management enterprises,Service Performance,high,'waste management' over 'enterprise',2
waste management financing,Service Performance,high,'waste management' over 'financing',2
waste management infrastructure,Service Performance,high,'waste management' over 'infrastructure',2
waste production,Service Performance,low,token-overlap fallback (6),2
waste returning to community,Community / Users,high,matched 'community',2
waste transportation mechanisms,Infrastructure,high,matched 'transport',2
waste treatment,Infrastructure,high,matched 'waste treatment',2
waste truck service,Infrastructure,medium,matched 'truck',2
water abstraction capacity,Service Performance,low,token-overlap fallback (30),2
water access in pastoralist areas,Service Performance,high,matched 'water access',2
water accessibility,Service Performance,high,matched 'water access',2
water and sanitation service capacity,Service Performance,high,matched 'water and sanitation service',2
water and sanitation service delivery,Service Performance,high,matched 'water and sanitation service',2
water board effectiveness,Service Performance,low,token-overlap fallback (29),2
water borne disease incidence,Community / Users,high,matched 'water borne',2
water committee cohesion,Community Management,high,matched 'water committee',2
water committees,Community Management,high,matched 'water committee',2
water consumption monitoring and bill collection system,Monitoring,high,matched 'monitoring',2
water cost,Service Performance,low,token-overlap fallback (29),2
water coverage data,Service Performance,high,'water coverage' over 'data',2
water demand and supply assessment,Community / Users,high,'water demand' over 'assessment',2
water demand fulfillment,Community / Users,high,matched 'water demand',2
water distribution management improvement,Service Performance,low,token-overlap fallback (30),2
water distribution system installation,Infrastructure,high,matched 'installation',2
water facility functionality,Service Performance,high,'functionality' over 'facility',2
water facility management capacity,O&M,high,'facility management' over 'facility',2
water fetching distance,Service Performance,low,token-overlap fallback (29),2
water intermittency,Service Performance,low,token-overlap fallback (29),2
water line contamination,Community / Users,high,matched 'contaminat',2
water line maintenance,O&M,high,matched 'maintenance',2
water management unions,Service Performance,low,token-overlap fallback (30),2
water pipe replacement,Infrastructure,medium,matched 'pipe',2
water point congestion,Infrastructure,high,matched 'water point',2
water point functionality,Service Performance,high,'functionality' over 'water point',2
water pollution,Environmental,high,matched 'pollution',2
water problem mitigation,Service Performance,low,token-overlap fallback (30),2
water production level,Service Performance,low,token-overlap fallback (29),2
water project implementation,Infrastructure,high,matched 'project implementation',2
water project implementation in remote areas,Infrastructure,high,matched 'project implementation',2
water project implementation quality,Infrastructure,high,matched 'project implementation',2
water project utilization,Service Performance,low,token-overlap fallback (29),2
water pump procurement,Private Sector,high,matched 'procurement',2
water purification capacity,Service Performance,low,token-overlap fallback (30),2
water purification technology,Infrastructure,high,matched 'technology',2
water purity,Service Performance,low,token-overlap fallback (29),2
water quality at household level,Service Performance,high,'water quality' over 'household',2
water quality problems,Service Performance,high,matched 'water quality',2
water reservoir adequacy,Infrastructure,high,matched 'reservoir',2
water revenue,Community Finance,high,matched 'revenue',2
water revenue collection,Community Finance,high,matched 'revenue collection',2
water sales revenue,Community Finance,high,matched 'revenue',2
water sales tracking,Monitoring,high,matched 'tracking',2
water scheme availability,Service Performance,low,token-overlap fallback (29),2
water scheme capacity,Service Performance,low,token-overlap fallback (30),2
water scheme care,Service Performance,low,token-overlap fallback (29),2
water scheme development cost,Infrastructure,high,matched 'scheme development',2
water scheme durability,Service Performance,low,token-overlap fallback (29),2
water scheme functionality in remote areas,Service Performance,high,matched 'functionality',2
water scheme functioning,Service Performance,high,matched 'functioning',2
water scheme implementation,Infrastructure,high,matched 'implementation',2
water scheme lifespan,Service Performance,low,token-overlap fallback (29),2
water scheme misuse,Community / Users,high,matched 'misuse',2
water scheme performance,Service Performance,low,token-overlap fallback (30),2
water scheme protection,Service Performance,low,token-overlap fallback (29),2
water scheme rehabilitation,O&M,high,matched 'rehabilitat',2
water scheme service duration,Service Performance,low,token-overlap fallback (46),2
water scheme service in remote areas,Service Performance,low,token-overlap fallback (46),2
water scheme status information,Service Performance,low,token-overlap fallback (30),2
water sector budget,Govt / External Finance,high,matched 'budget',2
water sector policy,Laws + Regulations,high,matched 'policy',2
water service access for institutions,Service Performance,high,matched 'service access',2
water service development,Service Performance,high,matched 'water service',2
water service effectiveness,Service Performance,high,matched 'water service',2
water service maintenance,Service Performance,high,'water service' over 'maintenance',2
water service problem management,Service Performance,high,matched 'water service',2
water service problem resolution,Service Performance,high,matched 'water service',2
water service use,Service Performance,high,matched 'water service',2
water source accessibility,Service Performance,low,token-overlap fallback (29),2
water source contamination,Community / Users,high,matched 'contaminat',2
water source distance,Service Performance,low,token-overlap fallback (29),2
water source pollution control,Environmental,high,matched 'pollution',2
water source reliability,Service Performance,low,token-overlap fallback (29),2
water supply expansion delay,Service Performance,high,'water supply' over 'expansion',2
water supply improvement,Service Performance,high,matched 'water supply',2
water supply service adequacy,Service Performance,high,matched 'water supply',2
water supply source expansion,Service Performance,high,'water supply' over 'expansion',2
water system continuity,Service Performance,low,token-overlap fallback (30),2
water table,Environmental,high,matched 'water table',2
water table decline,Environmental,high,matched 'water table',2
water table level,Environmental,high,matched 'water table',2
water technician staffing,O&M,high,'technician' over 'staffing',2
water treatment chemical distribution,Service Performance,high,matched 'water treatment',2
water treatment cost,Service Performance,high,matched 'water treatment',2
water treatment practices,Service Performance,high,matched 'water treatment',2
water treatment technology,Service Performance,high,'water treatment' over 'technology',2
water use associations,Service Performance,low,token-overlap fallback (29),2
water user committee executive corruption,Community Management,high,'water user committee' over 'corruption',2
water waste,Service Performance,low,token-overlap fallback (35),2
water well functionality,Service Performance,high,'functionality' over 'well',2
water well location viability,Infrastructure,medium,matched 'well',2
water well sustainability,Sustainability,high,'sustainab' over 'well',2
water-borne disease prevention,Community / Users,high,matched 'water-borne',2
water/sanitation program implementation,Infrastructure,high,matched 'implementation',2
waterborne disease incidence,Community / Users,high,matched 'waterborne',2
wise water use,Service Performance,low,token-overlap fallback (29),2
women development groups,Community / Users,medium,matched 'women',2
woreda administration capacity,Govt Management,high,matched 'administration',2
woreda financial capacity,Govt / External Finance,high,'financial capacity' over 'woreda',2
woreda water office monitoring capacity,Monitoring,high,'monitoring' over 'woreda',2
work plan implementation capacity,Planning,high,'plan implementation' over 'implementation',2
work quality,Service Performance,low,token-overlap fallback (3),2
worker responsibility,Community / Users,low,no match — defaulted to Community / Users,2
youth spare parts associations,O&M,high,'spare part' over 'youth',2
ASAL conditions,Community / Users,low,no match — defaulted to Community / Users,1
Abay River water quality,Service Performance,high,'water quality' over 'river',1
African Development Bank funding,Govt / External Finance,high,matched 'funding',1
African Development Bank support,Govt / External Finance,low,token-overlap fallback (5),1
Awash River as water source,Environmental,medium,matched 'river',1
Beresa River connection to water pipeline,Infrastructure,high,'pipeline' over 'river',1
CBO political connections,Politics,high,matched 'politic',1
CDO outreach effectiveness,Capacity Building,high,matched 'outreach',1
CDO problem reporting capacity,Monitoring,high,matched 'reporting',1
CDO-Whave Solutions communication,Private Sector,medium,matched 'whave',1
CDO-Whave collaboration,Coordination,high,'collaborat' over 'whave',1
CIDP alignment with partner proposals,Coordination,low,token-overlap fallback (4),1
CLTS effectiveness,Community / Users,low,no match — defaulted to Community / Users,1
COVID-19 pandemic,Community / Users,low,no match — defaulted to Community / Users,1
CSO engagement,Coordination,low,token-overlap fallback (2),1
County Integrated Development Plan,Planning,medium,matched 'plan',1
County Water Act,Service Performance,low,token-overlap fallback (29),1
EIA sector monitoring of industries,Monitoring,high,matched 'monitoring',1
Environmental Protection Sector presence at city level,Environmental,high,matched 'environmental',1
First Impact Methodology training,Capacity Building,high,matched 'training',1
Fundfix model,Community / Users,low,no match — defaulted to Community / Users,1
FundiFix adoption,Community / Users,low,no match — defaulted to Community / Users,1
FundiFix integration before NGO exit,Coordination,high,matched 'integration',1
FundiFix network expansion,Infrastructure,high,matched 'expansion',1
FundiFix rapid failure response,Service Performance,low,token-overlap fallback (1),1
FundiFix response time,Service Performance,high,matched 'response time',1
FundiFix spare parts access,O&M,high,matched 'spare part',1
Fundifix community reporting system,Monitoring,high,'reporting system' over 'community',1
Fundifix doing rehabilitation,O&M,high,matched 'rehabilitat',1
Fundifix financial autonomy,Govt / External Finance,low,token-overlap fallback (8),1
Fundifix funding,Govt / External Finance,high,matched 'funding',1
Fundifix geographic coverage,Service Performance,low,'coverage' over 'geograph',1
Fundifix maintenance liability,O&M,high,matched 'maintenance',1
GO-NGO coordination,Coordination,high,matched 'coordinat',1
IRC WASH advocacy,Community Management,low,token-overlap fallback (2),1
IRC partnership,Coordination,high,matched 'partnership',1
Jinka University,Community / Users,low,no match — defaulted to Community / Users,1
KEWI technical training,Capacity Building,high,matched 'training',1
KIWASH performance improvement plan,Planning,medium,matched 'plan',1
KIWASH program,Community / Users,low,no match — defaulted to Community / Users,1
KIWASH program extension,Community / Users,low,no match — defaulted to Community / Users,1
Learning Alliance,Coordination,high,matched 'learning alliance',1
Learning Alliance participation,Coordination,high,'learning alliance' over 'participation',1
M&E facilitation funding,Govt / External Finance,high,'funding' over 'm&e',1
MCA-county officer role agreement,Govt Management,high,matched 'officer',1
MHM facilities in latrines,Infrastructure,high,matched 'facilities',1
MPESA paybill fund access,Govt / External Finance,low,token-overlap fallback (11),1
Mazegaja sector planning,Planning,high,matched 'planning',1
Ministry of Water oversight,Monitoring,high,matched 'oversight',1
NGO alignment with county vision,Coordination,medium,matched 'ngo',1
NGO and bilateral organization involvement,Coordination,medium,matched 'ngo',1
NGO and donor funding,Govt / External Finance,high,'funding' over 'ngo',1
NGO and government intervention,Govt Management,high,'government intervention' over 'ngo',1
NGO and partner contributions,Coordination,medium,matched 'ngo',1
NGO and private sector involvement,Private Sector,high,'private sector' over 'ngo',1
NGO and stakeholder collaboration,Coordination,high,matched 'stakeholder',1
NGO and water office coordination,Coordination,high,matched 'coordinat',1
NGO awareness campaigns,Capacity Building,high,'awareness campaign' over 'awareness',1
NGO budget,Govt / External Finance,high,'budget' over 'ngo',1
NGO collaboration with community mobilization unit,Capacity Building,high,'community mobiliz' over 'collaborat',1
NGO commitment to community education,Capacity Building,high,'community education' over 'community',1
NGO consultation with regional water bureau,Coordination,medium,matched 'ngo',1
NGO cooperation,Coordination,high,matched 'cooperation',1
NGO cooperation in materials and spare parts,Coordination,low,'cooperation' over 'spare part',1
NGO coordination and reporting,Coordination,low,'coordinat' over 'reporting',1
NGO deployment of technical experts,Govt Management,high,'expert' over 'ngo',1
NGO direct construction of water schemes,Infrastructure,high,'construction' over 'ngo',1
NGO donor accountability,Monitoring,high,'accountab' over 'donor',1
NGO emergency focus,Coordination,medium,matched 'ngo',1
NGO engagement in urban water development,Coordination,medium,matched 'ngo',1
NGO engagement in water and sanitation,Coordination,medium,matched 'ngo',1
NGO financial and technical support,Capacity Building,high,'technical support' over 'ngo',1
NGO financial support,Govt / External Finance,high,'financial support' over 'ngo',1
NGO funding proposals,Govt / External Finance,high,'ngo funding' over 'ngo',1
NGO geographic dispersion,Environmental,high,'geograph' over 'ngo',1
NGO investment in water projects,Govt / External Finance,high,'investment' over 'ngo',1
NGO involvement,Coordination,medium,matched 'ngo',1
NGO involvement of woreda water office in project implementation,Infrastructure,high,'project implementation' over 'woreda',1
NGO linkage to local institutions,Coordination,medium,matched 'ngo',1
NGO material and equipment support,Infrastructure,high,'equipment' over 'ngo',1
NGO material transport for water schemes,Infrastructure,high,'transport' over 'ngo',1
NGO mobilization,Capacity Building,high,'mobiliz' over 'ngo',1
NGO participation,Community Management,high,'participation' over 'ngo',1
NGO participation in coordination meetings,Community Management,high,'participation' over 'coordinat',1
NGO participation in water projects,Community Management,high,'participation' over 'ngo',1
NGO partnership,Coordination,high,matched 'partnership',1
NGO presence,Coordination,medium,matched 'ngo',1
NGO program alignment,Coordination,medium,matched 'ngo',1
NGO project fit,Coordination,medium,matched 'ngo',1
NGO project implementation quality,Infrastructure,high,'project implementation' over 'ngo',1
NGO project withdrawal,Coordination,medium,matched 'ngo',1
NGO technical and financial support,Govt / External Finance,high,'financial support' over 'ngo',1
NGO-community coordination,Coordination,low,'coordinat' over 'community',1
NGO-provided training for associations,Capacity Building,high,'training' over 'ngo',1
NGO-regional government relationship,Govt Management,high,'government' over 'ngo',1
NGO-water office coordination,Coordination,high,matched 'coordinat',1
NGO/partner support,Coordination,medium,matched 'ngo',1
O&M cost recovery,Community Finance,high,'cost recovery' over 'o&m',1
O&M costs,O&M,medium,matched 'o&m',1
O&M equipment availability,Infrastructure,high,'equipment' over 'o&m',1
O&M funding,Govt / External Finance,high,'funding' over 'o&m',1
O&M planning at project inception,Planning,high,'planning' over 'o&m',1
O&M revenue,Community Finance,high,'revenue' over 'o&m',1
O&M service coverage,Service Performance,high,'service coverage' over 'o&m',1
O&M skills,O&M,medium,matched 'o&m',1
O&M training,Capacity Building,high,'training' over 'o&m',1
ODF kebele creation,Capacity Building,low,token-overlap fallback (1),1
ODF program targets,Community / Users,low,no match — defaulted to Community / Users,1
One-WASH program performance,Community Management,low,token-overlap fallback (2),1
PCPD programs,Community / Users,low,no match — defaulted to Community / Users,1
PIC compensation,Community / Users,low,no match — defaulted to Community / Users,1
PVCA methodology,Community / Users,low,no match — defaulted to Community / Users,1
RRU coverage area,Service Performance,high,matched 'coverage',1
Red Cross spare parts provision,O&M,high,matched 'spare part',1
Regional Water Bureau geological studies,Planning,high,matched 'studies',1
SLTS program,Community / Users,low,no match — defaulted to Community / Users,1
Symbiosis approach implementation,Infrastructure,high,matched 'implementation',1
TVET graduate hiring,Community / Users,low,no match — defaulted to Community / Users,1
TVET invitation for capacity development,Capacity Building,high,matched 'capacity development',1
TVET sector participation,Community Management,high,matched 'participation',1
TVET-water sector coordination,Coordination,high,matched 'coordinat',1
Tanathi funding,Govt / External Finance,high,matched 'funding',1
Trade sector license enforcement,Laws + Regulations,high,matched 'enforcement',1
Transform WASH program implementation,Infrastructure,high,matched 'implementation',1
Urban Sanitation Committee,Community Management,high,matched 'committee',1
WASH Coordination Office geological study,Coordination,high,'coordinat' over 'study',1
WASH Forum networking,Coordination,high,matched 'networking',1
WASH Forum partnership,Coordination,high,matched 'partnership',1
WASH Forums,Coordination,high,matched 'wash forum',1
WASH activity execution,Community Management,low,token-overlap fallback (2),1
WASH activity implementation,Infrastructure,high,matched 'implementation',1
WASH actor coordination,Coordination,high,matched 'coordinat',1
WASH and livelihood service progress,Community / Users,high,matched 'livelihood',1
WASH awareness,Community / Users,high,matched 'awareness',1
WASH awareness campaign through media,Capacity Building,high,'awareness campaign' over 'awareness',1
WASH budget allocation,Govt / External Finance,high,matched 'budget',1
WASH cluster coordination,Coordination,high,matched 'coordinat',1
WASH cluster coordination office,Coordination,high,matched 'coordinat',1
WASH committee awareness,Community Management,high,'wash committee' over 'awareness',1
WASH committee chair workload,Community Management,high,matched 'wash committee',1
WASH committee coordination,Community Management,high,'wash committee' over 'coordinat',1
WASH committee institutionalization,Community Management,high,matched 'wash committee',1
WASH committee maintenance self-sufficiency,Community Management,high,'wash committee' over 'maintenance',1
WASH committee management capacity,Community Management,high,matched 'wash committee',1
WASH committee mandate clarity,Community Management,high,'wash committee' over 'mandate',1
WASH committee performance,Community Management,high,matched 'wash committee',1
WASH committee practical exposure,Community Management,high,matched 'wash committee',1
WASH committee quarterly performance evaluation,Community Management,high,'wash committee' over 'evaluation',1
WASH committee restructuring,Community Management,high,matched 'wash committee',1
WASH committee support,Community Management,high,matched 'wash committee',1
WASH committee training,Capacity Building,high,'committee training' over 'wash committee',1
WASH community worker empowerment,Community / Users,high,matched 'community',1
WASH coordination effectiveness,Coordination,high,matched 'coordinat',1
WASH coordination framework,Coordination,high,matched 'coordinat',1
WASH coordination office autonomy,Coordination,high,matched 'coordinat',1
WASH coordination office dependency on regional water bureau,Coordination,high,matched 'coordinat',1
WASH coordination office effectiveness,Coordination,high,matched 'coordinat',1
WASH coordination office management,Coordination,high,matched 'coordinat',1
WASH coordinator,Coordination,high,matched 'coordinat',1
WASH coordinator support,Coordination,high,matched 'coordinat',1
WASH enterprise business management approach,Private Sector,high,matched 'enterprise',1
WASH facility functionality in schools and health facilities,Service Performance,high,'functionality' over 'facilities',1
WASH facility utilization,Infrastructure,high,matched 'facility',1
WASH financial resources,Govt / External Finance,high,matched 'financial resource',1
WASH forum best practice sharing,Coordination,high,matched 'wash forum',1
WASH forum information sharing,Coordination,high,matched 'information sharing',1
WASH forum networking,Coordination,high,matched 'networking',1
WASH forum partnerships,Coordination,high,matched 'partnership',1
WASH forum presentations,Coordination,high,matched 'wash forum',1
WASH forum training,Coordination,medium,'wash forum' over 'training',1
WASH forum training and briefing,Coordination,medium,'wash forum' over 'training',1
WASH knowledge sharing,Coordination,high,matched 'knowledge sharing',1
WASH management capacity,Community Management,low,token-overlap fallback (7),1
WASH participation,Community Management,high,matched 'participation',1
WASH plan implementation,Planning,high,'plan implementation' over 'implementation',1
WASH planning and execution,Planning,high,matched 'planning',1
WASH problem alleviation,Community Management,low,token-overlap fallback (2),1
WASH program implementation,Infrastructure,high,matched 'implementation',1
WASH program institutionalization,Community Management,low,token-overlap fallback (2),1
WASH program outreach to all residents,Capacity Building,low,'outreach' over 'resident',1
WASH program recognition as major national program,Community Management,low,token-overlap fallback (2),1
WASH program strength,Community Management,low,token-overlap fallback (2),1
WASH program sustainability,Sustainability,high,matched 'sustainab',1
WASH project completion,Planning,low,token-overlap fallback (7),1
WASH project effectiveness,Planning,low,token-overlap fallback (7),1
WASH resource access,Service Performance,low,token-overlap fallback (7),1
WASH sector attention,Coordination,low,token-overlap fallback (5),1
WASH sector capacity,Govt Management,high,matched 'sector capacity',1
WASH sector effectiveness,Coordination,low,token-overlap fallback (5),1
WASH sector problem solving,Coordination,low,token-overlap fallback (5),1
WASH service continuity,Service Performance,high,matched 'service continu',1
WASH service improvement,Service Performance,high,matched 'service improv',1
WASH service outcomes,Service Performance,low,token-overlap fallback (17),1
WASH service problem solving,Service Performance,low,token-overlap fallback (18),1
WASH service quality,Service Performance,high,matched 'service quality',1
WASH service self-sufficiency,Service Performance,low,token-overlap fallback (17),1
WASH stakeholder capacity,Coordination,high,matched 'stakeholder',1
WASH stakeholder engagement in sanitation,Coordination,high,matched 'stakeholder engagement',1
WASH stakeholder focus on infrastructure construction,Infrastructure,high,'infrastructure' over 'stakeholder',1
WASH stakeholder inclusion of awareness creation in strategic plans,Capacity Building,high,'awareness creation' over 'stakeholder',1
WASH stakeholder leadership,Coordination,medium,'stakeholder' over 'leadership',1
WASH stream committee commitment,Community Management,high,matched 'committee',1
WASH stream committee engagement,Community Management,high,matched 'committee',1
WASH system integration,Coordination,high,matched 'integration',1
WASHCO bylaws,Community Management,high,matched 'washco',1
WASHCO capacity,Community Management,high,matched 'washco',1
WASHCO empowerment,Community Management,high,matched 'washco',1
WASHCO establishment,Community Management,high,matched 'washco',1
WASHCO financial management,Community Management,high,matched 'washco',1
WASHCO financing and incentives,Govt / External Finance,low,'financing' over 'incentive',1
WASHCO functionality,Service Performance,high,'functionality' over 'washco',1
WASHCO revenue,Community Finance,medium,'revenue' over 'washco',1
WASHCO technical capacity,Community Management,high,matched 'washco',1
WASHCo financial accountability,Community Finance,high,'financial accountab' over 'accountab',1
WASHCo financial transparency,Community Finance,high,'financial transparency' over 'washco',1
WASHCo functional capacity,Service Performance,high,'functional' over 'washco',1
WASHCo maintenance capability,O&M,high,'maintenance' over 'washco',1
WASHCo maintenance tools,O&M,high,'maintenance' over 'washco',1
WASHCo management capacity,Community Management,high,matched 'washco',1
WASHCo monitoring by authorities,Monitoring,high,'monitoring' over 'washco',1
WASHCo peer learning visits,Community Management,high,matched 'washco',1
WASHCo technical capacity,Community Management,high,matched 'washco',1
WASHCo technical training on maintenance,O&M,high,'maintenance' over 'training',1
WASHCo training,Capacity Building,medium,'training' over 'washco',1
WASHco capacity,Community Management,high,matched 'washco',1
WASHco capacity building,Capacity Building,high,'capacity build' over 'washco',1
WASHco effectiveness,Community Management,high,matched 'washco',1
WASHco hand tools,Community Management,high,matched 'washco',1
WASHco monitoring capacity,Monitoring,high,'monitoring' over 'washco',1
WASHco refreshment training,Capacity Building,medium,'training' over 'washco',1
WASHco technical skills,Community Management,high,matched 'washco',1
WASHco training,Capacity Building,medium,'training' over 'washco',1
WASHco training and capacity building,Capacity Building,high,'capacity build' over 'washco',1
WASHco training and supplies,Capacity Building,medium,'training' over 'washco',1
WASHcos commitment and follow-up,Monitoring,high,'follow-up' over 'washco',1
WASHcos training,Capacity Building,medium,'training' over 'washco',1
WASHcos transformation to water user associations,Community Management,high,'water user association' over 'user',1
WASREB management models,O&M,low,token-overlap fallback (6),1
WASREB regulatory linkage,Laws + Regulations,high,matched 'regulatory',1
WRUA formation,Coordination,low,token-overlap fallback (1),1
WRUA funding,Govt / External Finance,high,matched 'funding',1
WRUA programs,Community / Users,low,no match — defaulted to Community / Users,1
WSC training,Capacity Building,high,matched 'training',1
WSP asset development,Infrastructure,low,token-overlap fallback (3),1
WSP authority to develop assets,Infrastructure,low,token-overlap fallback (3),1
WSP capacity,Capacity Building,low,token-overlap fallback (7),1
WSP capacity building,Capacity Building,high,matched 'capacity build',1
WSP dependence on Tanathi and county,Govt Management,low,token-overlap fallback (3),1
WSP financial burden,Govt / External Finance,low,token-overlap fallback (8),1
WSP governance adherence,Govt Management,high,matched 'governance',1
WSP institutional and financial capacity,Govt / External Finance,high,matched 'financial capacity',1
WSP institutional capacity,Govt Management,high,matched 'institutional capacity',1
WSP management,O&M,low,token-overlap fallback (6),1
WSP operational independence,O&M,low,token-overlap fallback (1),1
WSP performance visibility,Service Performance,low,token-overlap fallback (1),1
WSP scheme transition,Infrastructure,low,token-overlap fallback (4),1
WSP service delivery capacity,Service Performance,high,matched 'service deliver',1
WSP-community scheme partnership,Coordination,high,'partnership' over 'community',1
WaSHCO capacity building,Capacity Building,high,'capacity build' over 'washco',1
WaSHCO discharge of responsibilities,Community Management,high,matched 'washco',1
WaSHCO effectiveness,Community Management,high,matched 'washco',1
WaSHCO functionality,Service Performance,high,'functionality' over 'washco',1
WaSHCO functioning,Service Performance,high,'functioning' over 'washco',1
WaSHCO legitimacy,Community Management,high,matched 'washco',1
WaSHCO member training,Capacity Building,medium,'training' over 'washco',1
WaSHCO operational sustainability,Sustainability,high,'sustainab' over 'washco',1
WaSHCo fee collection,Community Finance,high,'fee collection' over 'washco',1
WaSHCo financial sustainability,Sustainability,high,'sustainab' over 'washco',1
WaSHCo member capacity,Community Management,high,matched 'washco',1
WaSHCo performance,Community Management,high,matched 'washco',1
WaSHCo training and material,Capacity Building,medium,'training' over 'washco',1
WaSHCo training capacity,Capacity Building,medium,'training' over 'washco',1
WaSHCo training initiative,Capacity Building,medium,'training' over 'washco',1
Water ATM initial cost,Service Performance,low,token-overlap fallback (29),1
Water Act 2002 mandate restriction,Laws + Regulations,high,matched 'mandate',1
Water Act 2002 tariff structure,Community Finance,high,matched 'tariff',1
Water Act 2016,Service Performance,low,token-overlap fallback (29),1
Water Sector Trust Fund support,Service Performance,low,token-overlap fallback (29),1
Water Unions,Service Performance,low,token-overlap fallback (29),1
Whave Solutions intervention,Private Sector,medium,matched 'whave',1
Whave Solutions maintenance approach,O&M,high,'maintenance' over 'whave',1
Whave collaboration with water pump mechanics and WUC,Coordination,medium,'collaborat' over 'mechanic',1
Whave service contract,Private Sector,medium,matched 'whave',1
Whave service suspension,Private Sector,medium,matched 'whave',1
World Bank and municipality budget,Govt Management,high,'municipal' over 'budget',1
World Bank feedback discussions on implementation procedures,Infrastructure,high,matched 'implementation',1
World Bank financed water supply expansion,Service Performance,high,'water supply' over 'expansion',1
World Bank funding,Govt / External Finance,high,matched 'funding',1
World Bank oversight and advice,Monitoring,high,matched 'oversight',1
World Bank procurement guidelines,Private Sector,medium,'procurement' over 'guideline',1
World Bank programs and funds,Community / Users,low,no match — defaulted to Community / Users,1
World Bank project management quality,Planning,high,matched 'project management',1
World Bank waste disposal programs,Community / Users,low,token-overlap fallback (11),1
abattoir service provision,Service Performance,high,matched 'service provis',1
ability to address sanitation and hygiene,Community / Users,high,matched 'sanitation and hygiene',1
ability to charge cost-recovery water tariff,Community Finance,high,matched 'cost-recovery',1
ability to employ trained staff,Govt Management,medium,matched 'staff',1
ability to operate complex systems,Sustainability,low,token-overlap fallback (9),1
ability to pay for water services,Community Finance,low,'ability to pay' over 'water service',1
ability to pay operational staff,Community Finance,high,'ability to pay' over 'staff',1
ability to repair project breakdowns,Service Performance,high,'breakdown' over 'repair',1
absence of rural water companies,Private Sector,high,matched 'companies',1
abstraction compliance,Laws + Regulations,high,matched 'compliance',1
abstraction monitoring,Monitoring,high,matched 'monitoring',1
abstraction record keeping,Monitoring,high,matched 'record keeping',1
abstraction volume data,Monitoring,medium,matched 'data',1
acceptance of scheme water sources,Service Performance,low,token-overlap fallback (29),1
access for unserved populations,Community / Users,high,matched 'population',1
access to basic needs,Service Performance,low,token-overlap fallback (7),1
access to clean drinking water,Service Performance,high,matched 'access to clean',1
access to credit,Service Performance,low,token-overlap fallback (7),1
access to credit from county government,Govt Management,high,matched 'government',1
access to drinking water,Service Performance,high,matched 'drinking water',1
access to health and adult education services,Community / Users,high,matched 'education',1
access to health and education services,Community / Users,high,matched 'education',1
access to large water containers,Service Performance,low,token-overlap fallback (36),1
access to multiple services for pastoralists,Service Performance,low,token-overlap fallback (7),1
access to natural fertilizers,Service Performance,low,token-overlap fallback (7),1
access to raw materials,Service Performance,low,token-overlap fallback (7),1
access to rural kebeles,Service Performance,low,token-overlap fallback (7),1
access to sanitation materials,Service Performance,low,token-overlap fallback (17),1
access to services,Service Performance,low,token-overlap fallback (7),1
access to spare parts and repair services,O&M,high,matched 'spare part',1
access to spare parts in rural areas,O&M,high,matched 'spare part',1
access to specialized technicians,O&M,high,matched 'technician',1
access to toolkits,Service Performance,low,token-overlap fallback (7),1
access to water,Service Performance,high,matched 'access to water',1
access to water and sanitation services,Service Performance,high,matched 'water and sanitation service',1
access to water in saline areas,Service Performance,high,matched 'access to water',1
"access to water, health, education services",Service Performance,high,'access to water' over 'education',1
access to wells and springs,Environmental,high,matched 'spring',1
accessibility for health posts and community,Community / Users,high,matched 'community',1
accountability and check-and-balance systems,Monitoring,high,matched 'accountab',1
accountability and transparency,Community Finance,medium,'transparen' over 'accountab',1
accountability for accomplishments in WASH committee meetings,Community Management,high,'wash committee' over 'accountab',1
accountability for liquid waste management,Service Performance,high,'waste management' over 'accountab',1
accountability for task completion,Monitoring,high,matched 'accountab',1
accountability mechanism,Monitoring,high,matched 'accountab',1
accountability of government and NGOs,Govt Management,medium,'government' over 'accountab',1
accountability of water scheme managers,Monitoring,high,matched 'accountab',1
accountability of water user committees,Community Management,high,'water user committee' over 'accountab',1
accountability system,Monitoring,high,matched 'accountab',1
accountability to community,Community / Users,low,'community' over 'accountab',1
accountability to sub-county water office,Govt Management,medium,'sub-county' over 'accountab',1
accountable body for sanitation,Monitoring,high,matched 'accountab',1
accuracy of monitoring reports,Monitoring,high,matched 'monitoring',1
accurate community information,Community / Users,high,matched 'community',1
accurate maintenance diagnosis,O&M,high,matched 'maintenance',1
action plan evaluation,Monitoring,high,'evaluation' over 'plan',1
active WASH committees,Community Management,high,matched 'wash committee',1
active management committees with bank accounts,Community Management,high,matched 'management committee',1
activity prioritization,Planning,high,matched 'prioritization',1
actor accountability for sanitation,Monitoring,high,matched 'accountab',1
actor availability,Monitoring,low,token-overlap fallback (1),1
actor capacity to intervene,Capacity Building,low,token-overlap fallback (7),1
actor coordination,Coordination,high,matched 'coordinat',1
actor coordination in water and sanitation,Coordination,high,matched 'coordinat',1
actor information for intervention,Govt Management,low,token-overlap fallback (1),1
actual engagement in infrastructure development,Infrastructure,high,matched 'infrastructure',1
ad hoc committee management,Community Management,high,matched 'committee',1
ad hoc committee water management capacity,Community Management,high,matched 'committee',1
adaptive intervention planning,Planning,high,matched 'planning',1
additional financial support,Govt / External Finance,high,matched 'financial support',1
additional funding,Govt / External Finance,high,matched 'funding',1
additional income,Community Finance,high,matched 'income',1
additional latrines,Infrastructure,high,matched 'latrine',1
additional waste collection trucks,Service Performance,high,matched 'waste collect',1
additional water scheme development,Infrastructure,high,matched 'scheme development',1
additional water source development,Infrastructure,high,matched 'water source development',1
additional water sources,Service Performance,low,token-overlap fallback (29),1
additional water tank construction,Infrastructure,high,matched 'construction',1
additional water tanks,Service Performance,low,token-overlap fallback (29),1
addressing community priorities,Community / Users,high,matched 'community',1
addressing real water problems,Service Performance,low,token-overlap fallback (29),1
addressing soft components of sustainability,Sustainability,high,matched 'sustainab',1
adequate and skilled staff,Govt Management,medium,matched 'staff',1
adequate budget,Govt / External Finance,high,matched 'budget',1
adequate government budget,Govt / External Finance,high,'government budget' over 'government',1
adequate maintenance equipment at zonal level,O&M,high,'maintenance' over 'equipment',1
adequate manpower,Govt Management,high,matched 'manpower',1
adequate research on water potential areas,Service Performance,low,token-overlap fallback (29),1
adequate staffing,Govt Management,high,matched 'staffing',1
adequate trained technicians,O&M,high,matched 'technician',1
adequate waste disposal infrastructure,Infrastructure,high,matched 'infrastructure',1
adherence to construction standards,Infrastructure,high,'construction' over 'standard',1
adherence to contract implementation standards,Infrastructure,high,'implementation' over 'standard',1
adherence to coordination plans,Coordination,high,matched 'coordinat',1
adherence to implementation standards,Infrastructure,high,'implementation' over 'standard',1
adherence to project designs,Planning,high,matched 'project design',1
adherence to service standards,Laws + Regulations,high,matched 'standard',1
adherence to standard designs,Laws + Regulations,medium,'standard' over 'design',1
adherence to standardized designs,Laws + Regulations,medium,'standard' over 'design',1
administration monitoring and follow-up,Govt Management,high,'administration' over 'monitoring',1
administrative and institutional support,Govt Management,high,matched 'administrative',1
administrative attention to WASH stream committee,Govt Management,high,'administrative' over 'committee',1
administrative attention to water supply,Govt Management,medium,'administrative' over 'water supply',1
administrative evaluation of implementation,Infrastructure,medium,'implementation' over 'administrative',1
administrative monitoring of management committees,Community Management,high,'management committee' over 'administrative',1
administrator awareness of community problems,Community / Users,high,matched 'awareness',1
administrator commitment to grassroots engagement,Coordination,low,token-overlap fallback (2),1
adoption of new rural scheme models,Infrastructure,low,token-overlap fallback (4),1
adoption of sanitation practices as culture,Community / Users,high,matched 'culture',1
advisory support capacity,Capacity Building,low,token-overlap fallback (8),1
advocacy to regional government,Govt Management,high,matched 'government',1
affordability of preventive maintenance services,O&M,high,'maintenance' over 'affordab',1
affordable waste dumping service,Community Finance,high,matched 'affordab',1
aggregate community contributions,Community Finance,high,'community contribution' over 'community',1
aging infrastructure,Infrastructure,high,matched 'infrastructure',1
aging water infrastructure,Infrastructure,high,matched 'infrastructure',1
aging water pumps,Service Performance,low,token-overlap fallback (29),1
agricultural and cleaning water reuse,Community / Users,high,matched 'cultural',1
agricultural and industrial production inputs,Community / Users,high,matched 'cultural',1
agricultural outcomes,Community / Users,high,matched 'cultural',1
agro-pastoralist lifestyle,Community / Users,high,matched 'lifestyle',1
air pollution,Environmental,high,matched 'pollution',1
alignment of interventions with county priorities,Govt Management,low,token-overlap fallback (3),1
alignment with county strategic direction,Planning,high,matched 'strategic',1
alignment with government strategy,Govt Management,high,'government' over 'strategy',1
allocated dumping site,Infrastructure,high,matched 'dumping site',1
alternative dumping site identification,Infrastructure,high,matched 'dumping site',1
alternative plans for water service,Service Performance,high,matched 'water service',1
alternative power supply,Infrastructure,high,matched 'power supply',1
alternative site selection,Planning,high,'site selection' over 'election',1
alternative waste disposal area,Community / Users,low,token-overlap fallback (11),1
alternative water source planning,Planning,high,matched 'planning',1
"alternative water sources (deep well, etc.)",Infrastructure,medium,matched 'well',1
animal farming for business,Private Sector,medium,'business' over 'farming',1
annual budget allocation for waste infrastructure,Infrastructure,high,'infrastructure' over 'budget',1
annual budget for education,Community / Users,high,'education' over 'budget',1
annual coordination forums,Coordination,high,matched 'coordinat',1
annual savings,Community Finance,high,matched 'savings',1
application of water treatment chemicals,Service Performance,high,matched 'water treatment',1
appropriate capital budget,Govt / External Finance,high,matched 'budget',1
appropriate machinery selection,Infrastructure,medium,'machinery' over 'election',1
appropriate master plan,Planning,high,matched 'master plan',1
appropriate project choice,Planning,low,token-overlap fallback (7),1
appropriate project selection,Politics,high,matched 'election',1
appropriate resource use,Govt / External Finance,low,token-overlap fallback (3),1
appropriate sanitation infrastructure,Infrastructure,high,matched 'infrastructure',1
appropriate service delivery,Service Performance,high,matched 'service deliver',1
appropriate technology adoption,Infrastructure,high,matched 'technology',1
appropriate technology training,Infrastructure,high,'technology' over 'training',1
appropriate trainee identification,Community / Users,low,no match — defaulted to Community / Users,1
appropriate waste treatment,Infrastructure,high,matched 'waste treatment',1
appropriate water project siting,Planning,high,matched 'siting',1
appropriate water scheme design,Planning,high,matched 'design',1
appropriateness of project designs,Planning,high,matched 'project design',1
aquifer recharge rates,Environmental,high,matched 'aquifer',1
area contamination,Community / Users,high,matched 'contaminat',1
area sanitation,Service Performance,low,token-overlap fallback (10),1
area sanitation service,Service Performance,high,matched 'sanitation service',1
arid and semi-arid climate,Environmental,high,matched 'climate',1
arid and semi-arid land conditions,Laws + Regulations,low,token-overlap fallback (6),1
arid climate conditions,Environmental,high,matched 'climate',1
arid land conditions,Laws + Regulations,low,token-overlap fallback (6),1
arid/desert agro ecology,Community / Users,low,no match — defaulted to Community / Users,1
assessment quality,Planning,high,matched 'assessment',1
asset and equipment replacement,Infrastructure,high,matched 'equipment',1
asset collateral,Community / Users,low,no match — defaulted to Community / Users,1
asset inventory,Community / Users,low,no match — defaulted to Community / Users,1
asset replacement planning,Planning,high,matched 'planning',1
asset transfer restrictions,Infrastructure,low,token-overlap fallback (1),1
assigned cleaning workers,Community / Users,low,no match — defaulted to Community / Users,1
assistant director's office financial support,Govt / External Finance,high,matched 'financial support',1
association and staff capacity,Govt Management,medium,matched 'staff',1
assumption of no legal accountability for donor-funded projects,Monitoring,high,'accountab' over 'donor',1
attention to maintenance of existing water wells,O&M,high,matched 'maintenance',1
attention to sanitation issue,Service Performance,low,token-overlap fallback (10),1
attention to sanitation tasks,Service Performance,low,token-overlap fallback (10),1
attitude change in institutional staff,Govt Management,medium,matched 'staff',1
attitude problem in society,Community / Users,low,token-overlap fallback (2),1
attitude problem of government bodies,Govt Management,high,matched 'government',1
attitude toward waste management,Service Performance,high,matched 'waste management',1
attitudinal change in people,Capacity Building,low,token-overlap fallback (2),1
authority boundary clarity,Community / Users,low,no match — defaulted to Community / Users,1
authority understanding of problems,Community / Users,low,token-overlap fallback (1),1
authorization and permit compliance by water service providers,Private Sector,high,'water service provider' over 'water service',1
automated water payment systems,Community Finance,high,matched 'payment',1
autonomous board administration,Govt Management,high,matched 'administration',1
autonomous water board,Service Performance,low,token-overlap fallback (29),1
autonomous water service provider,Private Sector,high,'water service provider' over 'water service',1
availability of alternative packaging materials,Monitoring,low,token-overlap fallback (1),1
availability of electronic devices,Monitoring,low,token-overlap fallback (1),1
availability of latrine door,Infrastructure,high,matched 'latrine',1
availability of waste collection sites and sanitary materials,Service Performance,high,matched 'waste collect',1
available funding,Govt / External Finance,high,matched 'funding',1
awareness about value of water,Community / Users,high,matched 'awareness',1
awareness among concerned bodies,Community / Users,high,matched 'awareness',1
awareness and training programs,Community / Users,medium,'awareness' over 'training',1
awareness building activities on sanitation and hygiene,Community / Users,high,matched 'sanitation and hygiene',1
awareness campaign in kebeles,Capacity Building,high,'awareness campaign' over 'awareness',1
awareness campaigns alone,Capacity Building,high,'awareness campaign' over 'awareness',1
awareness campaigns for students and teachers,Capacity Building,high,'awareness campaign' over 'awareness',1
awareness campaigns on sanitation,Capacity Building,high,'awareness campaign' over 'awareness',1
awareness creation and mobilization,Capacity Building,high,'awareness creation' over 'awareness',1
awareness creation before enforcement,Capacity Building,high,'awareness creation' over 'enforcement',1
awareness creation campaign,Capacity Building,high,'awareness creation' over 'awareness',1
awareness creation campaigns,Capacity Building,high,'awareness creation' over 'awareness',1
awareness creation continuity and schedule,Capacity Building,high,'awareness creation' over 'awareness',1
awareness creation cost,Capacity Building,high,'awareness creation' over 'awareness',1
awareness creation on proper use of water schemes,Capacity Building,high,'awareness creation' over 'proper use',1
awareness creation on water and sanitation,Capacity Building,high,'awareness creation' over 'awareness',1
awareness creation platforms,Capacity Building,high,'awareness creation' over 'awareness',1
awareness effectiveness,Community / Users,high,matched 'awareness',1
awareness enhancement campaign,Community / Users,high,matched 'awareness',1
awareness enhancement training on waste management,Service Performance,high,'waste management' over 'awareness',1
awareness enhancement training on water scheme management,O&M,high,'water scheme management' over 'awareness',1
awareness enhancement trainings,Community / Users,medium,'awareness' over 'training',1
awareness of coverage gaps,Service Performance,low,'coverage' over 'awareness',1
awareness of sanitation and hygiene importance,Community / Users,high,matched 'sanitation and hygiene',1
awareness of waste disposal risks,Community / Users,high,matched 'awareness',1
awareness of water projects,Community / Users,high,matched 'awareness',1
awareness on efficient water utilization,Community / Users,high,matched 'awareness',1
awareness on proper water well utilization,Community / Users,high,'awareness' over 'well',1
awareness on sanitation and hygiene,Community / Users,high,matched 'sanitation and hygiene',1
awareness program costs,Community / Users,high,matched 'awareness',1
awareness programs by sanitation officer,Community / Users,medium,'awareness' over 'officer',1
awareness programs for waste sector workers,Community / Users,high,matched 'awareness',1
awareness raising program,Capacity Building,high,'awareness raising' over 'awareness',1
awareness training for regional officials,Govt Management,low,'officials' over 'awareness',1
awareness training on communal latrine management,Community / Users,medium,'awareness' over 'training',1
awareness training on latrine construction,Infrastructure,high,'construction' over 'awareness',1
awareness training programs,Community / Users,medium,'awareness' over 'training',1
balanced water utilization system,Service Performance,low,token-overlap fallback (29),1
bank account monitoring,Monitoring,high,matched 'monitoring',1
bank financing for community water projects,Govt / External Finance,low,'financing' over 'community',1
banking water revenue,Community Finance,high,matched 'revenue',1
basic facilities access,Infrastructure,high,matched 'facilities',1
basic service establishment,Service Performance,low,token-overlap fallback (17),1
bathing service income,Community Finance,high,matched 'income',1
behavior change,Community / Users,high,matched 'behavior',1
beneficiary feedback collection,Community Finance,low,token-overlap fallback (2),1
beneficiary trust,Community / Users,low,token-overlap fallback (1),1
bid bureaucracy,Govt Management,high,matched 'bureaucra',1
bidder competency requirements,Community / Users,low,no match — defaulted to Community / Users,1
bidder knowledge of local conditions,Govt Management,low,token-overlap fallback (2),1
billing accuracy,Community Finance,high,matched 'billing',1
billing system improvement,Community Finance,high,matched 'billing',1
binding accountability system,Monitoring,high,matched 'accountab',1
board independence,Community / Users,low,no match — defaulted to Community / Users,1
board monitoring,Monitoring,high,matched 'monitoring',1
bookkeeping training for WASH committee,Community Management,high,'wash committee' over 'training',1
bore hole drilling regulation,Infrastructure,low,'bore hole' over 'regulation',1
borehole abandonment,Infrastructure,high,matched 'borehole',1
borehole accessory completeness at commissioning,Infrastructure,high,matched 'borehole',1
borehole casing,Infrastructure,high,matched 'borehole',1
borehole completion documentation,Infrastructure,high,matched 'borehole',1
borehole condition,Infrastructure,high,matched 'borehole',1
borehole construction in underserved areas,Infrastructure,high,matched 'construction',1
borehole construction quality,Infrastructure,high,matched 'construction',1
borehole dependence,Infrastructure,high,matched 'borehole',1
borehole diagnosis and repair,Infrastructure,medium,'borehole' over 'repair',1
borehole distance from town,Infrastructure,high,matched 'borehole',1
borehole downtime,Service Performance,low,'downtime' over 'borehole',1
borehole drilling depth,Infrastructure,high,matched 'borehole',1
borehole drying,Infrastructure,high,matched 'borehole',1
borehole expansion,Infrastructure,high,matched 'expansion',1
borehole investment viability,Govt / External Finance,medium,'investment' over 'borehole',1
borehole legal status,Infrastructure,high,'borehole' over 'legal',1
borehole maintenance capacity,O&M,high,'maintenance' over 'borehole',1
borehole management,Infrastructure,high,matched 'borehole',1
borehole material quality,Infrastructure,high,matched 'borehole',1
borehole operation knowledge,Infrastructure,high,matched 'borehole',1
borehole operational reliability,Infrastructure,high,matched 'borehole',1
borehole overcrowding,Infrastructure,high,matched 'borehole',1
borehole overuse,Infrastructure,high,matched 'borehole',1
borehole project,Infrastructure,high,matched 'borehole',1
borehole proximity to communities,Infrastructure,high,matched 'borehole',1
borehole rechargeability,Infrastructure,high,matched 'borehole',1
borehole rehabilitation,O&M,high,'rehabilitat' over 'borehole',1
borehole repair,Infrastructure,medium,'borehole' over 'repair',1
borehole repair funding,Infrastructure,medium,'borehole' over 'funding',1
borehole site selection,Planning,high,'site selection' over 'borehole',1
borehole suitability,Infrastructure,high,matched 'borehole',1
borehole suitability for domestic use,Infrastructure,high,matched 'borehole',1
borehole supply capacity,Infrastructure,high,matched 'borehole',1
borehole technology,Infrastructure,high,matched 'technology',1
borehole usability,Infrastructure,high,matched 'borehole',1
borehole usability for domestic use,Infrastructure,high,matched 'borehole',1
borehole viability,Infrastructure,high,matched 'borehole',1
borehole water levels,Infrastructure,high,matched 'borehole',1
borehole water quality,Service Performance,high,'water quality' over 'borehole',1
borehole water utilization,Infrastructure,high,matched 'borehole',1
breakdown diagnosis and repair time,Service Performance,high,'breakdown' over 'repair',1
breakdown frequency,Service Performance,high,matched 'breakdown',1
breakdown maintenance capacity,O&M,medium,'maintenance' over 'breakdown',1
breakdown recovery capacity,Service Performance,high,matched 'breakdown',1
breakdown repair response,Service Performance,high,'breakdown' over 'repair',1
breakdown repair time,Service Performance,high,'breakdown' over 'repair',1
breakdown reporting,Service Performance,medium,'breakdown' over 'reporting',1
breakdown response capacity,Service Performance,high,matched 'breakdown',1
breakdown response delays,Service Performance,high,matched 'breakdown',1
broken and unrepaired water facilities,Infrastructure,high,'facilities' over 'repair',1
broken drainage pipes,Infrastructure,high,matched 'drainage',1
broken pipes,Community / Users,low,no match — defaulted to Community / Users,1
broken sewerage lines,Infrastructure,high,matched 'sewerage',1
budget accountability,Monitoring,high,'accountab' over 'budget',1
budget allocation based on accomplished activities,Govt / External Finance,high,matched 'budget',1
budget allocation decisions for sanitation,Govt / External Finance,high,matched 'budget',1
budget allocation efficiency,Govt / External Finance,high,matched 'budget',1
budget allocation for WaSHCo training,Capacity Building,medium,'training' over 'washco',1
budget allocation for modern dumping site,Infrastructure,high,'dumping site' over 'budget',1
budget allocation for suction,Govt / External Finance,high,matched 'budget',1
budget allocation for waste disposal site,Infrastructure,high,'disposal site' over 'budget',1
budget allocation for water,Govt / External Finance,high,matched 'budget',1
budget allocation for water infrastructure,Infrastructure,high,'infrastructure' over 'budget',1
budget allocation for water projects,Govt / External Finance,high,matched 'budget',1
budget allocation for water schemes,Govt / External Finance,high,matched 'budget',1
budget allocation for water sector,Govt / External Finance,high,matched 'budget',1
budget allocation to sanitation,Govt / External Finance,high,matched 'budget',1
budget allocation to sanitation section,Govt / External Finance,high,matched 'budget',1
budget allocation to sanitation sector,Govt / External Finance,high,matched 'budget',1
budget allocation to urban WSPs,Govt / External Finance,high,matched 'budget',1
budget allocation to water office,Govt / External Finance,high,matched 'budget',1
budget allocation to water utility office,Govt Management,medium,'utility' over 'budget',1
budget allocation to woreda finance offices,Govt / External Finance,medium,'finance' over 'woreda',1
budget allocation to woreda water office,Govt / External Finance,low,'budget' over 'woreda',1
budget and attention to sanitation,Govt / External Finance,high,matched 'budget',1
budget and finance,Govt / External Finance,high,matched 'finance',1
budget and manpower allocation for monitoring,Monitoring,medium,'monitoring' over 'manpower',1
budget and project consistency,Govt / External Finance,high,matched 'budget',1
budget and resource availability,Govt / External Finance,high,matched 'budget',1
budget and resources,Govt / External Finance,high,matched 'budget',1
budget and skilled manpower,Govt Management,medium,'manpower' over 'budget',1
budget constraint,Govt / External Finance,high,matched 'budget',1
budget constraints,Govt / External Finance,high,matched 'budget',1
budget cycle misalignment,Govt / External Finance,high,matched 'budget',1
budget delay improvement,Govt / External Finance,high,matched 'budget',1
budget disbursement,Govt / External Finance,high,matched 'budget',1
budget efficiency,Govt / External Finance,high,matched 'budget',1
budget flexibility,Govt / External Finance,high,matched 'budget',1
budget for water office,Govt / External Finance,high,matched 'budget',1
budget gap for sanitation,Govt / External Finance,high,matched 'budget',1
budget monitoring,Monitoring,high,'monitoring' over 'budget',1
budget planning and execution for sanitation,Planning,medium,'planning' over 'budget',1
budget problem,Govt / External Finance,high,matched 'budget',1
budget reallocation from other sectors,Govt / External Finance,high,matched 'budget',1
budget release,Govt / External Finance,high,matched 'budget',1
budget request eligibility,Govt / External Finance,high,matched 'budget',1
budget request for disposal site,Infrastructure,high,'disposal site' over 'budget',1
budget requirement,Govt / External Finance,high,matched 'budget',1
budget shortfall,Govt / External Finance,high,matched 'budget',1
budget source identification,Govt / External Finance,high,matched 'budget',1
budgeted and scheduled WASH forum,Coordination,high,'wash forum' over 'budget',1
building septic tanks,Infrastructure,high,matched 'septic',1
bulk storage,Infrastructure,low,token-overlap fallback (2),1
burden on existing disposal sites,Infrastructure,high,matched 'disposal site',1
burden on service seekers,Service Performance,low,token-overlap fallback (17),1
burden on town water supply,Service Performance,high,'water supply' over 'town water',1
burden on town water supply source,Service Performance,high,'water supply' over 'town water',1
burden on water infrastructure,Infrastructure,high,matched 'infrastructure',1
burden on women,Community / Users,medium,matched 'women',1
bureaucracy in municipality,Govt Management,high,matched 'municipal',1
bureaucratic procurement procedures,Private Sector,medium,'procurement' over 'bureaucra',1
business sanitation facilities,Infrastructure,high,'facilities' over 'business',1
capacity building and demonstrations,Capacity Building,high,matched 'capacity build',1
capacity building budget,Capacity Building,high,'capacity build' over 'budget',1
capacity building continuity,Capacity Building,high,matched 'capacity build',1
capacity building financing,Capacity Building,high,'capacity build' over 'financing',1
capacity building for health extension workers and woreda experts,Capacity Building,high,'capacity build' over 'woreda',1
capacity building for managers,Capacity Building,high,matched 'capacity build',1
capacity building for woreda experts,Capacity Building,high,'capacity build' over 'woreda',1
capacity building funding,Capacity Building,high,'capacity build' over 'funding',1
capacity building implementation,Infrastructure,medium,'implementation' over 'capacity build',1
capacity building interventions,Capacity Building,high,matched 'capacity build',1
capacity building investment,Capacity Building,high,'capacity build' over 'investment',1
capacity building of technical staff,Capacity Building,high,'capacity build' over 'staff',1
capacity building outcomes,Capacity Building,high,matched 'capacity build',1
capacity building program,Capacity Building,high,matched 'capacity build',1
capacity building programs,Capacity Building,high,matched 'capacity build',1
capacity building support to zones and woredas,Capacity Building,high,'capacity build' over 'woreda',1
capacity building training,Capacity Building,high,matched 'capacity build',1
capacity building training for WASHCos and water office staff,Capacity Building,high,'capacity build' over 'washco',1
capacity building trainings,Capacity Building,high,matched 'capacity build',1
capacity development of community persons and ministry staff,Capacity Building,high,'capacity development' over 'community',1
capacity gap assessment,Capacity Building,high,'capacity gap' over 'assessment',1
capacity of service providers,Private Sector,high,matched 'service provider',1
capacity of water technicians,O&M,high,matched 'technician',1
capacity to absorb population water demand,Community / Users,high,matched 'water demand',1
capacity to repair minor issues,O&M,high,matched 'repair',1
capacity to run water projects sustainably,Sustainability,high,matched 'sustainab',1
capital,Govt / External Finance,low,token-overlap fallback (1),1
capital allocation for sanitation,Govt / External Finance,high,matched 'capital allocation',1
capital budget allocation to zone,Govt / External Finance,high,'budget' over 'zone',1
capital budget constraint,Govt / External Finance,high,matched 'budget',1
capital budget for water facility,Infrastructure,high,'facility' over 'budget',1
capital budget requirement for borehole development,Infrastructure,high,'borehole' over 'budget',1
capital budget shortage,Govt / External Finance,high,matched 'budget',1
capital budget transfer to water services,Service Performance,high,'water service' over 'budget',1
capital equipment repair,Infrastructure,high,'equipment' over 'repair',1
capital expenditure coverage,Service Performance,high,matched 'coverage',1
capital for sanitation infrastructure,Infrastructure,high,matched 'infrastructure',1
capital investment,Govt / External Finance,high,matched 'investment',1
capital investment in non-functional water resources,Service Performance,low,'non-functional' over 'water resource',1
capital replacement costs,Govt / External Finance,low,token-overlap fallback (1),1
capital waste,Service Performance,low,token-overlap fallback (6),1
care for water/sanitation facilities,Infrastructure,high,matched 'facilities',1
caretaker capacity for minor maintenance,O&M,high,matched 'maintenance',1
caretaker skills,O&M,high,matched 'caretaker',1
caretaker training on water scheme management,O&M,high,'water scheme management' over 'training',1
cash flow shortage,Service Performance,low,token-overlap fallback (2),1
catchment area protection,Environmental,high,matched 'catchment',1
catchment area water quality,Service Performance,high,'water quality' over 'catchment',1
catchment conservation,Environmental,high,matched 'catchment',1
catchment conservation and protection,Environmental,high,matched 'catchment',1
catchment degradation,Environmental,high,matched 'catchment',1
catchment management,Environmental,high,matched 'catchment',1
catchment management programs,Environmental,high,matched 'catchment',1
catchment management training,Environmental,medium,'catchment' over 'training',1
catchment restoration,Environmental,high,matched 'catchment',1
catchment siltation,Environmental,high,matched 'catchment',1
cattle at water source,Community / Users,high,matched 'cattle',1
central committee/board,Community Management,high,matched 'committee',1
central control point,Infrastructure,low,token-overlap fallback (1),1
central government policy constraints,Govt Management,high,'government' over 'policy',1
central-level coordination,Coordination,high,matched 'coordinat',1
centralization of activities,Community / Users,low,no match — defaulted to Community / Users,1
centralization of maintenance tools at regional level,O&M,high,matched 'maintenance',1
centralized cash handling,Community / Users,low,no match — defaulted to Community / Users,1
centralized communal dumping site,Infrastructure,high,matched 'dumping site',1
centralized fund pooling,Govt / External Finance,low,token-overlap fallback (11),1
centralized management,O&M,low,token-overlap fallback (6),1
centralized resource management,O&M,low,token-overlap fallback (6),1
challenge discussion in meetings,Community / Users,low,no match — defaulted to Community / Users,1
challenge identification,Community / Users,low,no match — defaulted to Community / Users,1
challenge identification by water actors,Service Performance,low,token-overlap fallback (29),1
changing waste composition,Service Performance,low,token-overlap fallback (6),1
check-and-balance system,O&M,low,token-overlap fallback (2),1
chemical waste disposed in rivers,Service Performance,low,token-overlap fallback (6),1
child and animal safety at dump site,Infrastructure,high,'dump site' over 'child',1
child and maternal health,Community / Users,high,matched 'health',1
child health,Community / Users,high,matched 'health',1
child hygiene and sanitation practices,Community / Users,high,matched 'hygiene',1
childcare and family wellbeing,Community / Users,high,matched 'wellbeing',1
children's WASH education,Community / Users,high,matched 'education',1
children's health cases,Community / Users,high,matched 'children',1
cholera prevention,Community / Users,high,matched 'cholera',1
cholera/diarrheal disease,Community / Users,high,matched 'diarrhea',1
chrome chemical discharge from hide and skin factory,Community / Users,low,no match — defaulted to Community / Users,1
church financial burden for latrine emptying,Infrastructure,high,matched 'latrine',1
church latrine maintenance,O&M,high,'maintenance' over 'latrine',1
church sanitation education,Capacity Building,high,'sanitation education' over 'education',1
city administration action,Govt Management,high,matched 'city administration',1
city administration awareness of sanitation,Govt Management,high,'city administration' over 'awareness',1
city administration budget allocation,Govt Management,high,'city administration' over 'budget',1
city administration compensation,Govt Management,high,matched 'city administration',1
city administration coordination,Govt Management,high,'city administration' over 'coordinat',1
city administration environmental study before construction,Govt Management,high,'city administration' over 'environmental',1
city administration involvement,Govt Management,high,matched 'city administration',1
city administration manpower assignment,Govt Management,high,matched 'city administration',1
city administration stakeholder engagement,Coordination,high,'stakeholder engagement' over 'city administration',1
city administrator participation in meetings,Community Management,high,matched 'participation',1
city dweller growth,Capacity Building,low,token-overlap fallback (7),1
city green area coordination,Coordination,high,matched 'coordinat',1
city greening and waste management,Service Performance,high,matched 'waste management',1
city growth and industrialization,Planning,high,matched 'city growth',1
city infrastructure planning,Infrastructure,high,'infrastructure' over 'planning',1
city planning standards,Planning,low,'planning' over 'standard',1
city sanitation plan,Planning,medium,matched 'plan',1
city sanitation planning and implementation,Infrastructure,high,'implementation' over 'planning',1
city sanitation quality,Service Performance,low,token-overlap fallback (15),1
city sanitation tasks,Service Performance,low,token-overlap fallback (12),1
city water consumption,Service Performance,low,token-overlap fallback (31),1
civil engineers and researchers involvement,Community Management,low,token-overlap fallback (2),1
clarity of institutional roles,Govt Management,low,token-overlap fallback (1),1
clarity on mandate for sanitation work,Laws + Regulations,high,matched 'mandate',1
clay soil conditions,Community / Users,low,no match — defaulted to Community / Users,1
clean and safe living environment,Environmental,high,matched 'environment',1
clean drinking water access,Service Performance,high,matched 'drinking water',1
clean water,Service Performance,high,matched 'clean water',1
clean water maintenance,Service Performance,low,'clean water' over 'maintenance',1
clean water provision,Service Performance,high,matched 'water provis',1
clean water system maintenance,Service Performance,low,'clean water' over 'maintenance',1
clear financial procedures for tap water revenue,Community Finance,high,'revenue' over 'tap',1
clear handover criteria,Community / Users,low,no match — defaulted to Community / Users,1
clear job descriptions for committee members,Community Management,high,matched 'committee',1
clear mandate assignment to sanitation actors,Laws + Regulations,high,matched 'mandate',1
clear mission to technical team,Capacity Building,low,token-overlap fallback (2),1
clear role assignment,Community / Users,low,no match — defaulted to Community / Users,1
clear task assignment,Community / Users,low,no match — defaulted to Community / Users,1
climate and environment consideration in budget allocation,Environmental,high,'environment' over 'budget',1
climate change / drought,Environmental,high,matched 'climate',1
climate change and drought,Environmental,high,matched 'climate',1
climate change impact mitigation,Environmental,high,matched 'climate',1
climate change impacts,Environmental,high,matched 'climate',1
climate variability,Environmental,high,matched 'climate',1
climate-appropriate equipment selection,Infrastructure,medium,'equipment' over 'election',1
close follow-up on short-term WASH projects,Monitoring,high,matched 'follow-up',1
clustering of rural water service providers,Private Sector,high,'water service provider' over 'water service',1
clustering of schemes,Community / Users,low,no match — defaulted to Community / Users,1
cold climate,Environmental,high,matched 'climate',1
collaboration among organizations,Coordination,high,matched 'collaborat',1
collaboration with community leaders at kebele level,Coordination,medium,'collaborat' over 'community',1
collaborative action from private stakeholders and NGOs,Coordination,high,matched 'stakeholder',1
collaborative problem-solving,Coordination,high,matched 'collaborat',1
collaborative project implementation,Infrastructure,high,'project implementation' over 'collaborat',1
collaborative resource sharing,Coordination,high,matched 'collaborat',1
collaborative waste management with factories,Service Performance,high,'waste management' over 'collaborat',1
collective action on water sustainability,Sustainability,high,matched 'water sustainability',1
collective knowledge and resources for problem-solving,Service Performance,low,token-overlap fallback (1),1
collective knowledge and resources for waste management,Service Performance,high,matched 'waste management',1
collective planning among sector offices,Planning,high,matched 'planning',1
combined NGO resources,Coordination,medium,matched 'ngo',1
combined capacity building and infrastructure investment,Infrastructure,medium,'infrastructure' over 'capacity build',1
combined resource utilization,Govt / External Finance,low,token-overlap fallback (3),1
commercial water losses,Private Sector,high,matched 'commercial',1
commitment among concerned bodies,Politics,low,token-overlap fallback (1),1
commitment from administrators and WASH stream committee,Community Management,high,matched 'committee',1
commitment from frontline experts and decision makers,Govt Management,high,matched 'expert',1
commitment from water office,Service Performance,low,token-overlap fallback (29),1
commitment to managing water schemes,Service Performance,low,token-overlap fallback (29),1
commitment to regular meetings and monitoring,Monitoring,high,matched 'monitoring',1
commitment to sanitation goals,Service Performance,low,token-overlap fallback (10),1
commitment to scale community water initiatives,Community / Users,high,matched 'community',1
committed leadership,Govt Management,high,matched 'leadership',1
committee ability to fund repairs,Community Management,high,'committee' over 'repair',1
committee activity,Community Management,high,matched 'committee',1
committee advisory and guidance,Community Management,high,matched 'committee',1
committee and project efficiency,Community Management,high,matched 'committee',1
committee and staff training,Community Management,medium,'committee' over 'training',1
committee bank accounts,Community Management,high,matched 'committee',1
committee budgeting and business planning capacity,Community Management,medium,'committee' over 'planning',1
committee clustering,Community Management,high,matched 'committee',1
committee clustering (PMCs),Community Management,high,matched 'committee',1
committee compliance with training,Laws + Regulations,low,'compliance' over 'committee',1
committee continuity,Community Management,high,matched 'committee',1
committee corruption,Govt Management,medium,'corruption' over 'committee',1
committee earnings from community,Community Management,medium,'committee' over 'community',1
committee establishment,Community Management,high,matched 'committee',1
committee financial governance,Govt Management,medium,'governance' over 'committee',1
committee financial interests (self-dealing),Community Management,high,matched 'committee',1
committee financial reporting,Community Management,medium,'committee' over 'reporting',1
committee financial transparency,Community Finance,high,'financial transparency' over 'committee',1
committee functionality,Service Performance,high,'functionality' over 'committee',1
committee fund accountability,Community Management,medium,'committee' over 'accountab',1
committee fund banking practices,Community Management,high,matched 'committee',1
committee fund depletion,Community Management,high,matched 'committee',1
committee fund embezzlement,Community Management,high,matched 'committee',1
committee governance structure,Govt Management,medium,'governance' over 'committee',1
committee harmony,Community Management,high,matched 'committee',1
committee instability,Community Management,high,matched 'committee',1
committee knowledge of O&M,Community Management,high,'committee' over 'o&m',1
committee legitimacy,Community Management,high,matched 'committee',1
committee management of latrines,Community Management,medium,'committee' over 'latrine',1
committee management training,Community Management,medium,'committee' over 'training',1
committee member selection criteria,Community Management,medium,'committee' over 'election',1
committee member transition procedures,Community Management,high,matched 'committee',1
committee member turnover,Community Management,medium,'committee' over 'turnover',1
committee oversight and phase reporting,Community Management,medium,'committee' over 'oversight',1
committee politicking,Community Management,medium,'committee' over 'politic',1
committee removal,Community Management,high,matched 'committee',1
committee role separation,Community Management,high,matched 'committee',1
committee savings,Community Management,high,'committee' over 'savings',1
committee skill acquisition,Community Management,high,matched 'committee',1
committee support and monitoring,Monitoring,low,'monitoring' over 'committee',1
committee term limits,Community Management,high,matched 'committee',1
committee training and registration,Capacity Building,high,'committee training' over 'committee',1
committee training gap,Capacity Building,high,'committee training' over 'committee',1
committee training on operation and maintenance,O&M,high,'operation and maintenance' over 'committee training',1
committee training on procurement and record keeping,Capacity Building,high,'committee training' over 'record keeping',1
committee transparency,Community Finance,medium,'transparen' over 'committee',1
committee transparency and accountability,Community Finance,medium,'transparen' over 'committee',1
committee utility management,O&M,high,'utility management' over 'committee',1
common meeting sessions,Community / Users,low,no match — defaulted to Community / Users,1
common plans and regular meeting schedule,Community / Users,low,no match — defaulted to Community / Users,1
common plans and strategies,Community / Users,low,no match — defaulted to Community / Users,1
common water fund management,Service Performance,low,token-overlap fallback (30),1
common water sustainability plans,Sustainability,high,matched 'water sustainability',1
communal latrine cleanliness,Community / Users,high,'cleanliness' over 'latrine',1
communal latrine construction viability,Infrastructure,high,matched 'construction',1
communal latrine functionality,Service Performance,high,'functionality' over 'latrine',1
communal latrine maintenance,O&M,high,'maintenance' over 'latrine',1
communal latrine quantity,Infrastructure,high,matched 'latrine',1
communal latrines in public and slum areas,Infrastructure,medium,'latrine' over 'public',1
communal waste disposal place,Community / Users,low,token-overlap fallback (11),1
communicable and non-communicable disease prevalence,Community / Users,high,matched 'disease',1
communicable disease outbreak,Community / Users,high,matched 'outbreak',1
communication channels through formal and informal institutions,Capacity Building,low,token-overlap fallback (2),1
communication network,Capacity Building,low,token-overlap fallback (2),1
community ability to pay,Community Finance,high,'ability to pay' over 'community',1
community ability to run facilities,Infrastructure,medium,'facilities' over 'community',1
community ability to run water schemes sustainably,Sustainability,medium,'sustainab' over 'community',1
community acceptance of Whave,Community / Users,high,'community acceptance' over 'whave',1
community acceptance of waste disposal site,Community / Users,high,'community acceptance' over 'disposal site',1
community acceptance of waste disposal sites,Community / Users,high,'community acceptance' over 'disposal site',1
community acceptance of water resource persons,Community / Users,high,'community acceptance' over 'water resource',1
community access to project benefits,Community / Users,high,matched 'community',1
community access to spare parts,O&M,high,'spare part' over 'community',1
community access to supply towns,Community / Users,high,matched 'community',1
community access to water containers,Service Performance,high,'access to water' over 'community',1
community access to water points,Service Performance,high,'access to water' over 'water point',1
community accountability demand,Community / Users,low,'community' over 'accountab',1
community action planning,Community / Users,medium,'community' over 'planning',1
community active engagement,Community / Users,high,matched 'community',1
community adaptation to weather shocks,Community / Users,medium,'community' over 'weather',1
community adherence to maintenance guidelines,O&M,high,'maintenance' over 'community',1
community adherence to maintenance schedules,O&M,high,'maintenance' over 'community',1
community adoption of practices,Community / Users,high,matched 'community',1
community adoption of water practices,Community / Users,high,matched 'community',1
community affordability of diesel,Community / Users,medium,'community' over 'affordab',1
community affordability of running and maintenance cost,O&M,high,'maintenance' over 'community',1
community alignment,Community / Users,high,matched 'community',1
community and government supervision of water services,Service Performance,high,'water service' over 'supervision',1
community and investor financial contributions,Community / Users,medium,'community' over 'investor',1
community and kebele leader support,Community / Users,high,matched 'community',1
community and leadership attitude toward sanitation,Govt Management,medium,'leadership' over 'community',1
community and school WASH service,Community / Users,high,matched 'community',1
community and stakeholder participation,Coordination,high,'stakeholder participation' over 'participation',1
community and stakeholder support for water service,Service Performance,high,'water service' over 'stakeholder',1
community associations' finance and savings,Community / Users,medium,'community' over 'savings',1
community attitudes toward hygiene and sanitation,Community / Users,high,matched 'community attitude',1
community attitudes toward waste management,Community / Users,medium,'community attitude' over 'waste management',1
community awareness activities,Community / Users,high,matched 'awareness',1
community awareness and capacity building,Capacity Building,high,'capacity build' over 'awareness',1
community awareness and sense of belongingness,Community / Users,high,matched 'awareness',1
community awareness and sense of ownership,Community Management,high,'sense of ownership' over 'awareness',1
community awareness building program,Community / Users,high,matched 'awareness',1
community awareness campaign on waste management,Capacity Building,medium,'awareness campaign' over 'waste management',1
community awareness campaigns at woreda level,Capacity Building,high,'awareness campaign' over 'awareness',1
community awareness change,Community / Users,high,matched 'awareness',1
community awareness creation programs,Capacity Building,high,'awareness creation' over 'awareness',1
community awareness creation schemes,Capacity Building,high,'awareness creation' over 'awareness',1
community awareness enhancement campaign,Community / Users,high,matched 'awareness',1
community awareness in sanitation management,Community / Users,high,matched 'awareness',1
community awareness level,Community / Users,high,matched 'awareness',1
community awareness of cleanliness benefits,Community / Users,high,matched 'cleanliness',1
community awareness of consequences of lacking clean water,Service Performance,high,'clean water' over 'awareness',1
community awareness of fluoride side effects,Community / Users,high,matched 'awareness',1
community awareness of health benefits of latrines,Community / Users,medium,'awareness' over 'latrine',1
community awareness of microenterprise waste services,Private Sector,medium,'enterprise' over 'awareness',1
community awareness of ownership responsibility,Community Management,medium,'ownership' over 'awareness',1
community awareness of poor sanitation effects,Community / Users,high,matched 'awareness',1
community awareness of project ownership,Community Management,medium,'ownership' over 'awareness',1
community awareness of rights and obligations,Community / Users,high,matched 'awareness',1
community awareness of sanitation,Community / Users,high,matched 'awareness',1
community awareness of sanitation as income source,Community / Users,high,'awareness' over 'income',1
community awareness of sanitation consequences,Community / Users,high,matched 'awareness',1
community awareness of sustainability challenges,Sustainability,medium,'sustainab' over 'awareness',1
community awareness of waste management,Service Performance,high,'waste management' over 'awareness',1
community awareness of water treatment chemicals,Service Performance,high,'water treatment' over 'awareness',1
community awareness on clean water values and water-borne diseases,Service Performance,medium,'clean water' over 'water-borne',1
community awareness on component replacement needs,Community / Users,high,matched 'awareness',1
community awareness on efficient water use,Community / Users,high,matched 'awareness',1
community awareness on environmental protection,Environmental,high,'environmental' over 'awareness',1
community awareness on importance of participation,Community Management,high,'participation' over 'awareness',1
community awareness on operation and management of water schemes,Community / Users,high,matched 'awareness',1
community awareness on proper use of water facilities,Infrastructure,medium,'facilities' over 'proper use',1
community awareness on proper utilization,Community / Users,high,matched 'proper utilization',1
community awareness on proper water scheme use,Community / Users,high,matched 'awareness',1
community awareness on proper water service use,Service Performance,high,'water service' over 'awareness',1
community awareness on proper water use,Community / Users,high,matched 'awareness',1
community awareness on sanitation and hygiene,Community / Users,high,matched 'sanitation and hygiene',1
community awareness on sanitation norms,Community / Users,high,matched 'awareness',1
community awareness on scheme use,Community / Users,high,matched 'awareness',1
community awareness on solid waste management,Service Performance,high,'waste management' over 'awareness',1
community awareness on water facility use,Community / Users,low,'awareness' over 'facility',1
community awareness on water management,Community / Users,high,matched 'awareness',1
community awareness on water resource management,Environmental,high,'water resource' over 'awareness',1
community awareness on water scheme management,O&M,high,'water scheme management' over 'awareness',1
community awareness on water scheme use and management,Community / Users,high,matched 'awareness',1
community awareness on water scheme utilization,Community / Users,high,matched 'awareness',1
community awareness on water schemes,Community / Users,high,matched 'awareness',1
community bank account for water revenue,Community / Users,medium,'community' over 'revenue',1
community baraza and stakeholder engagement,Coordination,high,'stakeholder engagement' over 'community',1
community based organizations,Community / Users,high,matched 'community',1
community behavioral change,Community / Users,high,matched 'community behavior',1
community benefit from programs,Community / Users,high,matched 'community',1
community brought to common platform,Community / Users,medium,'community' over 'platform',1
community byelaws,Community / Users,high,matched 'community',1
community capacity building for water storage,Capacity Building,low,'capacity build' over 'water storage',1
community capacity for self-management,Community / Users,high,matched 'community',1
community capacity for water management,Community / Users,high,matched 'community',1
community capacity on O&M,Community / Users,high,'community' over 'o&m',1
community capacity to manage facilities,Infrastructure,medium,'facilities' over 'community',1
community capital,Community / Users,high,matched 'community',1
community care about infrastructure,Infrastructure,high,'infrastructure' over 'community',1
community care and management of water facilities,Infrastructure,medium,'facilities' over 'community',1
community carelessness,Community / Users,high,matched 'community',1
community cash collection,Community / Users,high,matched 'community',1
community cash collection for maintenance,O&M,high,'maintenance' over 'community',1
community cash management burden,Community / Users,high,matched 'community',1
community catchment management capacity,Environmental,medium,'catchment' over 'community',1
community change on sanitation,Community / Users,high,matched 'community',1
community chemical water treatment,Service Performance,high,'water treatment' over 'community',1
community committee management,Community Management,medium,'committee' over 'community',1
community compliance with documentation requirements,Laws + Regulations,medium,'compliance' over 'community',1
community compliance with water source management,Laws + Regulations,medium,'compliance' over 'community',1
community concentration,Community / Users,high,matched 'community',1
community confidence in water officers,Community / Users,medium,'community' over 'officer',1
community confidence in water supply,Service Performance,high,'water supply' over 'community',1
community conflicts,Community / Users,high,matched 'community conflict',1
community consultation,Community / Users,high,matched 'community',1
community consultation in ditch design,Community / Users,high,'community' over 'design',1
community consultation in pre-development study,Community / Users,high,'community' over 'study',1
community consultation in site selection,Planning,high,'site selection' over 'community',1
community contribution amounts,Community Finance,high,'community contribution' over 'community',1
community contribution model,Community Finance,high,'community contribution' over 'community',1
community control of water projects,Community / Users,high,matched 'community',1
community coordination and accountability,Coordination,low,'coordinat' over 'community',1
community cost sharing responsibility,Community / Users,high,matched 'community',1
community culture and indigenous knowledge,Community / Users,high,matched 'community',1
community culture of using water infrastructure,Infrastructure,high,'infrastructure' over 'community',1
community damage reporting,Community / Users,low,'community' over 'reporting',1
community demand for water service solutions,Community / Users,medium,'community demand' over 'water service',1
community dependence on external funding for maintenance,Community / Users,high,'community dependence' over 'external funding',1
community dependency on government support,Govt / External Finance,high,'government support' over 'government',1
community development and maintenance of natural springs,O&M,high,'maintenance' over 'community',1
community development officer facilitation,Community / Users,medium,'community' over 'officer',1
community disagreement on WaSHCO membership,Community / Users,high,'community' over 'washco',1
community documentation,Community / Users,high,matched 'community',1
community donations,Community / Users,high,matched 'community',1
community economic empowerment,Community / Users,medium,'community' over 'economic',1
community economic status,Community / Users,medium,'community' over 'economic',1
community education and training,Capacity Building,high,'community education' over 'community',1
community education level,Capacity Building,high,'community education' over 'community',1
community education on waste disposal,Capacity Building,high,'community education' over 'community',1
community education on water scheme maintenance,Capacity Building,high,'community education' over 'maintenance',1
community education on water scheme use,Capacity Building,high,'community education' over 'community',1
community education on water service,Capacity Building,high,'community education' over 'water service',1
community effort to protect water sources,Community / Users,high,matched 'community',1
community engagement and public relations,Community Management,high,'community engagement' over 'community',1
community engagement from design stage,Community Management,high,'community engagement' over 'community',1
community engagement in WASH,Community Management,high,'community engagement' over 'community',1
community engagement in construction,Community Management,high,'community engagement' over 'construction',1
community engagement in planning,Community Management,high,'community engagement' over 'community',1
community engagement in sanitation projects,Community Management,high,'community engagement' over 'community',1
community engagement in waste collection business,Community Management,high,'community engagement' over 'waste collect',1
community engagement in water facility management,Community Management,medium,'community engagement' over 'facility management',1
community engagement in water project design,Community Management,high,'community engagement' over 'project design',1
community engagement in water scheme development,Community Management,medium,'community engagement' over 'scheme development',1
community engagement in water system,Community Management,high,'community engagement' over 'community',1
community engagement practice,Community Management,high,'community engagement' over 'community',1
community enlightenment on good governance,Govt Management,medium,'governance' over 'community',1
community expectation of free water,Community / Users,high,matched 'community',1
community expertise,Community / Users,high,'community' over 'expert',1
community fault reporting reach,Community / Users,low,'community' over 'reporting',1
community financial accountability,Community Finance,high,'community financial' over 'community',1
community financial accountability burden,Community Finance,high,'community financial' over 'community',1
community financial capacity,Community Finance,medium,'community financial' over 'financial capacity',1
community financial contributions for maintenance,Community Finance,high,'community financial' over 'maintenance',1
community financial contributions to WASH committee,Community Finance,high,'community financial' over 'wash committee',1
community financial management capacity,Community Finance,high,'community financial' over 'community',1
community financial oversight,Community Finance,high,'community financial' over 'community',1
community financial reserves,Community Finance,high,'community financial' over 'community',1
community financial resources,Community Finance,medium,'community financial' over 'financial resource',1
community fund mobilization,Community Finance,high,'community fund' over 'community',1
community funds,Community Finance,high,'community fund' over 'community',1
community governance skills,Govt Management,medium,'governance' over 'community',1
community group management of public toilets,Community / Users,high,'community' over 'toilet',1
community guidance capacity,Community / Users,high,matched 'community',1
community guidance on technology selection,Infrastructure,medium,'technology' over 'community',1
community habit of calling waste collection associations,Service Performance,high,'waste collect' over 'community',1
community handover management model,Community / Users,high,matched 'community',1
community handover without sustainability model,Sustainability,medium,'sustainab' over 'community',1
community health and sanitation,Community / Users,high,matched 'community',1
community health condition,Community / Users,high,matched 'community',1
community health impact,Community / Users,high,matched 'community',1
community health outcomes,Community / Users,high,matched 'community',1
community hygiene and sanitation practices,Community / Users,high,matched 'community',1
community hygiene awareness,Community / Users,high,matched 'awareness',1
community hygiene behavior,Community / Users,high,matched 'community',1
community implementation of sanitation training,Infrastructure,high,'implementation' over 'community',1
community inclusion in research and planning,Community / Users,medium,'community' over 'planning',1
community income flows,Community / Users,high,'community' over 'income',1
community indigenous knowledge,Community / Users,high,matched 'community',1
community infrastructure protection,Infrastructure,high,'infrastructure' over 'community',1
community initiation,Community / Users,high,matched 'community',1
community initiative to build water sources,Community / Users,high,matched 'community',1
community input in project prioritization,Planning,high,'prioritization' over 'community',1
community input through barazas,Community / Users,high,matched 'community',1
community interest alignment,Community / Users,high,matched 'community',1
community interest in contributing,Community / Users,high,matched 'community',1
community interest in latrine use,Community / Users,medium,'community' over 'latrine',1
community involvement,Community Management,high,'community involvement' over 'community',1
community involvement from project start,Community Management,high,'community involvement' over 'community',1
community involvement in O&M,Community Management,high,'community involvement' over 'community',1
community involvement in construction,Community Management,high,'community involvement' over 'construction',1
community involvement in development of water facilities,Community Management,high,'community involvement' over 'facilities',1
community involvement in project decision-making,Community Management,high,'community involvement' over 'decision-making',1
community involvement in project design and implementation,Community Management,high,'community involvement' over 'implementation',1
community involvement in project development,Community Management,high,'community involvement' over 'community',1
community involvement in project planning,Community Management,high,'community involvement' over 'community',1
community involvement in project process,Community Management,high,'community involvement' over 'community',1
community involvement in scheme operations,Community Management,high,'community involvement' over 'scheme operation',1
community involvement in water project design,Community Management,high,'community involvement' over 'project design',1
community involvement in water projects,Community Management,high,'community involvement' over 'community',1
community knowledge about WASH,Community / Users,high,matched 'community knowledge',1
community knowledge of proper latrine construction,Community / Users,high,'community knowledge' over 'construction',1
community knowledge of system operation,Community / Users,high,'community knowledge' over 'system operation',1
community knowledge retention,Community / Users,high,'community knowledge' over 'retention',1
community labor and finance contributions,Community / Users,medium,'community' over 'finance',1
community labor and financial contributions,Community / Users,high,matched 'community',1
community labor mobilization,Community / Users,medium,'community' over 'mobiliz',1
community lack of initiative,Community / Users,high,matched 'community',1
community latrine construction,Infrastructure,high,'construction' over 'community',1
community linkage to government at project handover,Govt Management,medium,'government' over 'community',1
community livestock use of water schemes,Community / Users,high,matched 'community',1
community living conditions,Community / Users,high,matched 'community',1
community local knowledge,Community / Users,high,matched 'community',1
community maintenance fee burden,Community Finance,high,'maintenance fee' over 'maintenance',1
community maintenance fee payment,Community Finance,high,'maintenance fee' over 'maintenance',1
community maintenance fee stress,Community Finance,high,'maintenance fee' over 'maintenance',1
community maintenance of existing water schemes,O&M,high,'maintenance' over 'community',1
community management,Community Management,high,'community management' over 'community',1
community management accountability,Community Management,high,'community management' over 'community',1
community management committee expertise,Community Management,high,'management committee' over 'community',1
community management committee performance,Community Management,high,'management committee' over 'community',1
community management failure,Community Management,high,'community management' over 'community',1
community management model,Community Management,high,'community management' over 'community',1
community management of boreholes,Community Management,high,'community management' over 'community',1
community management of water facility,Community Management,high,'community management' over 'community',1
community management of water schemes,Community Management,high,'community management' over 'community',1
community management of water supplies,Community Management,high,'community management' over 'community',1
community management reporting transparency,Community Management,high,'community management' over 'transparen',1
community management skills,Community Management,high,'community management' over 'community',1
community management structure at lower level,Community Management,high,'community management' over 'community',1
community material contribution to projects,Community / Users,high,matched 'community',1
community meetings,Community / Users,high,matched 'community',1
community member maintenance,O&M,high,'maintenance' over 'community',1
community member responsibilities,Community / Users,high,matched 'community',1
community member training,Community / Users,medium,'community' over 'training',1
community mindset uniformity,Community / Users,high,matched 'community',1
community minor maintenance capacity,O&M,high,'maintenance' over 'community',1
community misuse of water schemes,Community / Users,high,matched 'community',1
community mobilization and awareness,Capacity Building,high,'community mobiliz' over 'awareness',1
community mobilization and training,Capacity Building,high,'community mobiliz' over 'community',1
community mobilization events,Capacity Building,high,'community mobiliz' over 'community',1
community mobilization for cleanliness,Capacity Building,high,'community mobiliz' over 'cleanliness',1
community mobilization for labor and finance,Capacity Building,high,'community mobiliz' over 'community',1
community mobilization for latrine sustainability,Capacity Building,high,'community mobiliz' over 'sustainab',1
community mobilization for small water schemes,Capacity Building,high,'community mobiliz' over 'community',1
community mobilization in pastoral context,Capacity Building,high,'community mobiliz' over 'community',1
community mobilization unit planning for O&M,Capacity Building,high,'community mobiliz' over 'community',1
community mobilization unit support,Capacity Building,high,'community mobiliz' over 'community',1
community monitoring,Monitoring,medium,'monitoring' over 'community',1
community monthly contributions,Community / Users,high,matched 'community',1
community motivation for environmental cleanliness,Environmental,high,'environmental' over 'cleanliness',1
community motivation to clean,Community / Users,high,matched 'community',1
community needs assessment at project inception,Planning,high,'needs assessment' over 'community',1
community needs data collection,Monitoring,high,'data collection' over 'community',1
community needs identification,Community / Users,high,matched 'community',1
community opposition to damping site,Community / Users,high,matched 'community',1
community opposition to government,Govt Management,medium,'government' over 'community',1
community opposition to waste disposal,Community / Users,high,matched 'community',1
community organizational capacity,Community / Users,high,matched 'community',1
community orientation,Community / Users,high,matched 'community',1
community outbreak response programs,Community / Users,high,matched 'community',1
community outreach capacity,Capacity Building,high,'community outreach' over 'community',1
community over-reliance on implementing organizations,Community / Users,high,matched 'community',1
community oversight of institutions,Community / Users,low,'community' over 'oversight',1
community ownership of water infrastructure,Community Management,high,'community ownership' over 'infrastructure',1
community ownership of water institutions,Community Management,high,'community ownership' over 'community',1
community ownership of water source,Community Management,high,'community ownership' over 'community',1
community ownership of water sources,Community Management,high,'community ownership' over 'community',1
community participation in decision-making and design,Community Management,high,'community participation' over 'decision-making',1
community participation in fund-raising,Community Management,high,'community participation' over 'community',1
community participation in maintenance,Community Management,high,'community participation' over 'maintenance',1
community participation in maintenance and management,Community Management,high,'community participation' over 'maintenance',1
community participation in material transport,Community Management,high,'community participation' over 'transport',1
community participation in planning,Community Management,high,'community participation' over 'community',1
community participation in project meetings,Community Management,high,'community participation' over 'community',1
community participation in research,Community Management,high,'community participation' over 'community',1
community participation in scheme design,Community Management,high,'community participation' over 'community',1
community participation in sustainability planning,Community Management,high,'community participation' over 'sustainab',1
community participation in water infrastructure development,Community Management,high,'community participation' over 'infrastructure',1
community participation in water scheme management,O&M,low,'water scheme management' over 'community participation',1
community participation in water service development,Community Management,high,'community participation' over 'water service',1
community participation in water study,Community Management,high,'community participation' over 'community',1
community payment compliance,Laws + Regulations,medium,'compliance' over 'community',1
community payment discipline,Community / Users,medium,'community' over 'payment',1
community payment for water,Community / Users,medium,'community' over 'payment',1
community payment for water service,Service Performance,high,'water service' over 'community',1
community payment uniformity,Community / Users,medium,'community' over 'payment',1
community perception of fluoride risk,Community / Users,high,matched 'community perception',1
community poverty perception,Community / Users,high,matched 'community',1
community problem reporting,Community / Users,low,'community' over 'reporting',1
community problem resolution,Community / Users,high,matched 'community',1
community problem-sharing,Community / Users,high,matched 'community',1
community program effectiveness,Community / Users,high,matched 'community',1
community project handover,Community / Users,high,matched 'community',1
community project service capacity,Community / Users,high,matched 'community',1
community proper handling practices,Community / Users,high,matched 'community',1
community proper use of water schemes,Community / Users,high,matched 'proper use',1
community public feedback on pollution,Environmental,medium,'pollution' over 'community',1
community public participation in planning,Community Management,high,'participation' over 'community',1
community quality of life,Community / Users,high,matched 'quality of life',1
community reliance on government for every problem,Govt Management,medium,'government' over 'community',1
community reliance on government for minor maintenance,O&M,medium,'maintenance' over 'government',1
community reliance on government for minor repairs,Govt Management,medium,'government' over 'community',1
community relocation,Community / Users,high,matched 'community',1
community relocation to river water,Community / Users,high,'community' over 'river',1
community repair capacity,Community / Users,high,'community' over 'repair',1
community reporting to sub-county water officer,Govt Management,medium,'sub-county' over 'community',1
community resistance,Community / Users,high,matched 'community resistance',1
community resource mobilization,Govt / External Finance,high,'resource mobiliz' over 'community',1
community resource mobilization for spare parts,Govt / External Finance,high,'resource mobiliz' over 'spare part',1
community resource persons with technical skills,Community / Users,high,matched 'community',1
community resources mapping,Community / Users,high,matched 'community',1
community responsibility for environmental cleanliness,Environmental,high,'environmental' over 'cleanliness',1
community responsibility for latrine maintenance,O&M,high,'maintenance' over 'community',1
community responsibility for water resources,Environmental,high,'water resource' over 'community',1
community responsibility for water services,Service Performance,high,'water service' over 'community',1
community responsibility for water source,Community / Users,high,matched 'community',1
community responsiveness,Community / Users,high,matched 'community',1
community revenue,Community / Users,medium,'community' over 'revenue',1
community revenue generation,Community Finance,high,'revenue generation' over 'community',1
community reversion to traditional water sources,Community / Users,high,matched 'community',1
community role as users,Community / Users,high,matched 'community',1
community sanitation and hygiene,Community / Users,high,matched 'sanitation and hygiene',1
community sanitation behavior,Community / Users,high,matched 'community',1
community sanitation knowledge,Community / Users,high,matched 'community',1
community satisfaction and engagement,Community / Users,high,matched 'community satisfaction',1
community satisfaction with water services,Community / Users,high,'community satisfaction' over 'water service',1
community scheme capacity,Community / Users,high,matched 'community',1
community scheme sustainability,Sustainability,high,'scheme sustainability' over 'community',1
community security,Community / Users,high,matched 'community',1
community selection of WaSHCO members,Community / Users,low,'community' over 'election',1
community self-financing,Govt / External Finance,low,'financing' over 'community',1
community self-investment in water projects,Govt / External Finance,medium,'investment' over 'community',1
community self-maintenance,O&M,high,'maintenance' over 'community',1
community self-maintenance of water infrastructure,Infrastructure,high,'infrastructure' over 'maintenance',1
community self-mobilization,Community / Users,medium,'community' over 'mobiliz',1
community self-repair capacity,Community / Users,high,'community' over 'repair',1
community sense of belonging to public properties,Community / Users,high,matched 'community',1
community sense of maintenance responsibility,O&M,high,'maintenance' over 'community',1
community sense of ownership for water schemes,Community Management,high,'community sense of ownership' over 'community',1
community sense of ownership over boreholes,Community Management,high,'community sense of ownership' over 'community',1
community settlement stability,Community / Users,high,matched 'settlement',1
community shared use of latrines,Community / Users,medium,'community' over 'latrine',1
community structures,Community / Users,high,matched 'community',1
community supervision of construction,Infrastructure,high,'construction' over 'supervision',1
community support,Community / Users,high,matched 'community',1
community support capacity,Community / Users,high,matched 'community',1
community support for factories,Community / Users,high,matched 'community',1
community technical skills training,Community / Users,medium,'community' over 'training',1
community training capacity,Community / Users,medium,'community' over 'training',1
community training delivery,Community / Users,medium,'community' over 'training',1
community training for borehole operation,Community / Users,low,'community' over 'borehole',1
community training in infrastructure maintenance,Infrastructure,high,'infrastructure' over 'maintenance',1
community training on FundiFix,Community / Users,medium,'community' over 'training',1
community training on O&M,Community / Users,medium,'community' over 'training',1
community training on financial management,Community / Users,medium,'community' over 'training',1
community training on fluoride-contaminated water,Community / Users,medium,'contaminat' over 'training',1
community training on operations,Community / Users,medium,'community' over 'training',1
community training on scheme utilization,Community / Users,medium,'community' over 'training',1
community training on water facility management,O&M,high,'facility management' over 'community',1
community training on water facility repair,Community / Users,low,'community' over 'facility',1
community training on water scheme use and repair,Community / Users,medium,'community' over 'training',1
community training on water scheme utilization,Community / Users,medium,'community' over 'training',1
community training participation,Community Management,high,'participation' over 'community',1
community training prior to implementation,Infrastructure,high,'implementation' over 'community',1
community training programs,Community / Users,medium,'community' over 'training',1
community transparency,Community Finance,medium,'transparen' over 'community',1
community travel distance for water,Community / Users,high,matched 'community',1
community trust in water service,Community / Users,medium,'community trust' over 'water service',1
community understanding of community sanitation,Community / Users,high,matched 'community understanding',1
community understanding of latrine cost and benefit,Community / Users,high,'community understanding' over 'latrine',1
community understanding of project,Community / Users,high,matched 'community understanding',1
community understanding of water service purpose,Community / Users,high,'community understanding' over 'water service',1
community uptake of information,Community / Users,high,matched 'community',1
community use of clean water,Service Performance,high,'clean water' over 'community',1
community value of water service,Service Performance,high,'water service' over 'community',1
community voice in WASH forums,Coordination,medium,'wash forum' over 'community',1
community waste collection enterprise,Service Performance,high,'waste collect' over 'enterprise',1
community waste disposal compliance,Laws + Regulations,medium,'compliance' over 'community',1
community waste disposal in drainage and ditches,Community / Users,low,'community' over 'drainage',1
community waste handling awareness,Community / Users,high,matched 'awareness',1
community waste management culture,Service Performance,high,'waste management' over 'community',1
community waste management knowledge,Service Performance,high,'waste management' over 'community',1
community water committee autonomy,Community Management,high,'water committee' over 'community',1
community water committees,Community Management,high,'water committee' over 'community',1
community water fee collection,Community Finance,high,'fee collection' over 'community',1
community water management capacity,Community / Users,high,matched 'community',1
community water management knowledge,Community / Users,high,matched 'community',1
community water project compliance,Laws + Regulations,medium,'compliance' over 'community',1
community water project sustainability,Sustainability,high,'project sustainability' over 'community',1
community water scheme maintenance,O&M,high,'maintenance' over 'community',1
community water scheme protection groups,Community / Users,high,matched 'community',1
community water scheme signups,Community / Users,high,matched 'community',1
community water service,Service Performance,high,'water service' over 'community',1
community water service coverage,Service Performance,high,'service coverage' over 'community',1
community water service problems,Service Performance,high,'water service' over 'community',1
community water supply failure,Service Performance,high,'water supply' over 'community',1
community water supply performance,Service Performance,high,'water supply' over 'community',1
community water use associations,Community / Users,high,matched 'community',1
community water users' associations,Community / Users,high,matched 'community',1
community willingness to accept awareness advice,Community / Users,high,matched 'awareness',1
community willingness to contribute money,Community / Users,high,matched 'community',1
community willingness to maintain contracts,O&M,low,'maintain' over 'community',1
community willingness to pay for waste services,Community Finance,high,'willingness to pay' over 'community',1
community willingness to pay maintenance fees,Community Finance,high,'willingness to pay' over 'maintenance',1
community willingness to travel for waste disposal,Community / Users,high,matched 'community',1
"community, partner and government financing",Govt Management,medium,'government' over 'financing',1
community-based maintenance providers,O&M,high,'maintenance' over 'community',1
community-based training,Community / Users,medium,'community' over 'training',1
community-centered project design,Planning,high,'project design' over 'community',1
community-centered research,Community / Users,high,matched 'community',1
community-company partnership,Coordination,high,'partnership' over 'community',1
community-government cooperation,Coordination,medium,'cooperation' over 'government',1
community-identified water priorities,Community / Users,high,matched 'community',1
community-initiated waste collection,Service Performance,high,'waste collect' over 'community',1
community-maintenance team collaboration,O&M,medium,'maintenance' over 'collaborat',1
community-managed minor maintenance,O&M,high,'maintenance' over 'community',1
community-managed system sustainability,Sustainability,medium,'sustainab' over 'community',1
community-managed water projects,Community / Users,high,matched 'community',1
community-sourced data,Community / Users,high,'community' over 'data',1
community-to-government referral system,Govt Management,medium,'government' over 'community',1
compatible infrastructure and sanitation planning,Infrastructure,high,'infrastructure' over 'planning',1
compensation adjustment,Community / Users,low,no match — defaulted to Community / Users,1
compensation dispute,Laws + Regulations,low,token-overlap fallback (1),1
compensation for displaced landowners,Community / Users,low,no match — defaulted to Community / Users,1
compensation issues with landowners,Community / Users,low,no match — defaulted to Community / Users,1
compensation payments to land owners,Community Finance,high,matched 'payment',1
competent technicians,O&M,high,matched 'technician',1
competing land use of suction site,Laws + Regulations,low,token-overlap fallback (6),1
competition among water providers,Service Performance,low,token-overlap fallback (29),1
competition for water sources,Service Performance,low,token-overlap fallback (29),1
competitive salary,Govt Management,high,matched 'salary',1
complaint resolution,Community / Users,low,no match — defaulted to Community / Users,1
complete water scheme installation,Infrastructure,high,matched 'installation',1
complex procurement process,Private Sector,high,matched 'procurement',1
compliance with financial regulations,Laws + Regulations,high,matched 'regulation',1
compliance with sanitary regulations,Laws + Regulations,high,matched 'regulation',1
compliance with sanitation procedures,Laws + Regulations,high,matched 'compliance',1
compliance with waste management plans,Service Performance,high,'waste management' over 'compliance',1
component replacement,Community / Users,low,no match — defaulted to Community / Users,1
composting and recycling,Community / Users,low,no match — defaulted to Community / Users,1
comprehensive groundwater study,Environmental,high,'groundwater' over 'study',1
comprehensive pre-development study,Planning,medium,matched 'study',1
comprehensive stakeholder reporting,Coordination,high,'stakeholder' over 'reporting',1
comprehensive water study,Planning,medium,matched 'study',1
concentrated budget control by water ministry,Govt / External Finance,high,matched 'budget',1
concentrated pastoral settlement,Community / Users,high,matched 'settlement',1
concentration of responsibility in water and sanitation office,Service Performance,low,token-overlap fallback (39),1
conducive environment for stakeholders,Environmental,medium,'environment' over 'stakeholder',1
conducive working environment,Environmental,high,matched 'environment',1
conflict between electric technicians and town administration,Govt Management,high,'town administration' over 'technician',1
conflict of interest among WASH stakeholders,Coordination,high,matched 'stakeholder',1
consistent construction design,Infrastructure,high,'construction' over 'design',1
consistent data,Monitoring,medium,matched 'data',1
consolidated inter-agency plan,Coordination,high,'inter-agency' over 'plan',1
consolidated water projects,Service Performance,low,token-overlap fallback (29),1
construction growth,Infrastructure,high,matched 'construction',1
construction on water scheme areas,Infrastructure,high,matched 'construction',1
construction progress,Infrastructure,high,matched 'construction',1
construction standards adherence,Infrastructure,high,'construction' over 'standard',1
construction supervision and monitoring,Infrastructure,high,'construction' over 'supervision',1
construction use of chlorinated water,Infrastructure,high,matched 'construction',1
construction-related infrastructure damage,Infrastructure,high,matched 'infrastructure',1
consultant engagement,Coordination,low,token-overlap fallback (2),1
consultant knowledge and experience of region,Coordination,low,token-overlap fallback (2),1
consultant unavailability,Community / Users,low,no match — defaulted to Community / Users,1
consultation before water projects,Service Performance,low,token-overlap fallback (29),1
consultation with WRA and NEMA,Community / Users,low,no match — defaulted to Community / Users,1
consultation with regional water bureau,Service Performance,low,token-overlap fallback (29),1
consulting and coordination,Coordination,high,matched 'coordinat',1
consumer voice mechanism,Monitoring,low,token-overlap fallback (2),1
contaminated river water use,Community / Users,high,'contaminat' over 'river',1
contaminated water use,Community / Users,high,matched 'contaminat',1
contamination from institutions,Community / Users,high,matched 'contaminat',1
context-appropriate data use,Monitoring,medium,matched 'data',1
continued liquid waste disposal,Service Performance,high,matched 'liquid waste',1
continued river pollution,Environmental,high,matched 'pollution',1
continued water service delivery,Service Performance,high,matched 'service deliver',1
continuity of community support,Community / Users,high,matched 'community',1
continuity of coordination efforts,Coordination,high,matched 'coordinat',1
continuity of trained personnel,Govt Management,high,matched 'personnel',1
continuous and proper reporting to learning alliance,Coordination,high,'learning alliance' over 'reporting',1
continuous assessment of committees,Planning,low,'assessment' over 'committee',1
continuous awareness creation,Capacity Building,high,'awareness creation' over 'awareness',1
continuous awareness creation programs,Capacity Building,high,'awareness creation' over 'awareness',1
continuous awareness program,Community / Users,high,matched 'awareness',1
continuous awareness programs,Community / Users,high,matched 'awareness',1
continuous borehole inspection,Monitoring,medium,'inspection' over 'borehole',1
continuous capacity building of county staff and WSPs,Capacity Building,high,'capacity build' over 'staff',1
continuous communication with institutions,Capacity Building,low,token-overlap fallback (2),1
continuous community mobilization,Capacity Building,high,'community mobiliz' over 'community',1
continuous community support,Community / Users,high,matched 'community',1
continuous community training,Community / Users,medium,'community' over 'training',1
continuous employee training,Govt Management,low,'employee' over 'training',1
continuous follow-up,Monitoring,high,matched 'follow-up',1
continuous hygiene education and awareness programs,Capacity Building,high,'hygiene education' over 'awareness',1
continuous management training,Capacity Building,high,matched 'training',1
continuous monitoring and supervision,Monitoring,high,matched 'supervision',1
continuous public awareness programs,Community / Users,high,matched 'awareness',1
continuous pump operation,O&M,low,token-overlap fallback (5),1
continuous sanitation campaigns,Service Performance,low,token-overlap fallback (10),1
continuous service provision,Service Performance,high,matched 'service provis',1
continuous training for administrators,Capacity Building,high,matched 'training',1
continuous training programs,Capacity Building,high,matched 'training',1
continuous water quality monitoring,Service Performance,high,'water quality' over 'monitoring',1
continuous water service delivery,Service Performance,high,matched 'service deliver',1
continuous water source functionality,Service Performance,high,matched 'functionality',1
continuous water supply,Service Performance,high,matched 'water supply',1
contract framework with equipment companies,Infrastructure,medium,'equipment' over 'companies',1
contracted hand pump mechanics,Infrastructure,medium,'hand pump' over 'mechanic',1
contracting Whave for repairs,O&M,high,'repair' over 'whave',1
contractor accountability,Private Sector,medium,'contractor' over 'accountab',1
contractor accountability for technical problems,Private Sector,medium,'contractor' over 'accountab',1
contractor capacity building,Capacity Building,high,'capacity build' over 'contractor',1
contractor competency,Private Sector,high,matched 'contractor',1
contractor implementation performance,Infrastructure,high,'implementation' over 'contractor',1
contractor knowledge of regional context,Private Sector,high,matched 'contractor',1
contractor monitoring,Monitoring,low,'monitoring' over 'contractor',1
contractor monitoring and evaluation,Monitoring,low,'monitoring' over 'contractor',1
contractor profit maximization,Private Sector,high,matched 'contractor',1
contractor selection quality,Private Sector,medium,'contractor' over 'election',1
contractor supervision,Monitoring,medium,'supervision' over 'contractor',1
contractor supervision and monitoring,Monitoring,medium,'supervision' over 'contractor',1
contractor technical capacity,Private Sector,high,matched 'contractor',1
contractor technical skill,Private Sector,high,matched 'contractor',1
contribution to project success,Planning,low,token-overlap fallback (7),1
contribution to water projects,Service Performance,low,token-overlap fallback (29),1
control of illegal sanitation actions,Service Performance,low,token-overlap fallback (10),1
control of illegal sewage connections,Community / Users,low,token-overlap fallback (2),1
controlled waste burning,Service Performance,low,token-overlap fallback (6),1
convincing project proposals to grant providers,Govt / External Finance,medium,matched 'grant',1
cooperation with partner organizations,Coordination,high,matched 'cooperation',1
cooperation with town water utility,Coordination,medium,'cooperation' over 'town water',1
cooperative logistic support,Coordination,high,matched 'cooperat',1
coordinated WASH planning and activities,Coordination,medium,'coordinat' over 'planning',1
coordinated action,Coordination,high,matched 'coordinat',1
coordinated actions,Coordination,high,matched 'coordinat',1
coordinated community cleaning schedule,Coordination,low,'coordinat' over 'community',1
coordinated effort of all relevant actors,Coordination,high,matched 'coordinat',1
coordinated government and NGO effort,Govt Management,medium,'government' over 'coordinat',1
coordinated infrastructure planning,Infrastructure,high,'infrastructure' over 'coordinat',1
coordinated multi-sector service delivery,Service Performance,high,'service deliver' over 'multi-sector',1
coordinated plan and action,Coordination,high,'coordinat' over 'plan',1
coordinated planning across institutions,Coordination,medium,'coordinat' over 'planning',1
coordinated planning among NGOs,Coordination,medium,'coordinat' over 'planning',1
coordinated pollution control,Environmental,medium,'pollution' over 'coordinat',1
coordinated resource mobilization,Govt / External Finance,high,'resource mobiliz' over 'coordinat',1
coordinated sanitation activities,Coordination,high,matched 'coordinat',1
coordinated system,Coordination,high,matched 'coordinat',1
coordinated waste disposal system,Coordination,high,matched 'coordinat',1
coordinating entity for water sector,Coordination,high,matched 'coordinat',1
coordination among WASH organizations,Coordination,high,matched 'coordinat',1
coordination among parties,Coordination,high,matched 'coordinat',1
coordination among sectors,Coordination,high,matched 'coordinat',1
coordination among water stakeholders,Coordination,high,matched 'stakeholder',1
coordination and commitment,Coordination,high,matched 'coordinat',1
coordination and information exchange,Coordination,high,matched 'coordinat',1
coordination and planning among concerned parties,Coordination,medium,'coordinat' over 'planning',1
coordination between actors and community representatives,Coordination,low,'coordinat' over 'community',1
coordination between governmental and non-governmental organizations,Coordination,high,'non-governmental organization' over 'government',1
coordination between permit bodies and sanitation sector,Coordination,high,'coordinat' over 'permit',1
coordination between stakeholders,Coordination,high,matched 'stakeholder',1
coordination between sub-county water officers and WASH coordinators,Govt Management,medium,'sub-county' over 'coordinat',1
coordination between town administration and water utility,Govt Management,high,'town administration' over 'coordinat',1
coordination between water bureau and health and education sectors,Coordination,low,'coordinat' over 'education',1
"coordination between water bureau, water works, and funders",Coordination,high,matched 'coordinat',1
coordination between water experts and community,Coordination,low,'coordinat' over 'community',1
coordination between woreda stakeholders and zonal offices,Coordination,high,'stakeholder' over 'woreda',1
coordination body capacity,Coordination,high,matched 'coordinat',1
coordination commitment,Coordination,high,matched 'coordinat',1
coordination communication system,Coordination,high,matched 'coordinat',1
coordination follow-up,Coordination,low,'coordinat' over 'follow-up',1
coordination for sanitation programs,Coordination,high,matched 'coordinat',1
coordination gap,Coordination,high,matched 'coordinat',1
coordination gap between regional and zonal WASH offices,Coordination,high,'coordinat' over 'zonal',1
coordination improvement,Coordination,high,matched 'coordinat',1
coordination limited to meetings only,Coordination,high,matched 'coordinat',1
coordination of WASH activities,Coordination,high,matched 'coordinat',1
coordination of WASH actors,Coordination,high,matched 'coordinat',1
coordination of efforts,Coordination,high,matched 'coordinat',1
coordination of ground-level and zonal technicians,O&M,medium,'technician' over 'coordinat',1
coordination of sanitation efforts,Coordination,high,matched 'coordinat',1
coordination office,Coordination,high,matched 'coordinat',1
coordination office effectiveness,Coordination,high,matched 'coordinat',1
coordination on waste management,Service Performance,high,'waste management' over 'coordinat',1
coordination performance,Coordination,high,matched 'coordinat',1
coordination quality,Coordination,high,matched 'coordinat',1
coordination seriousness,Coordination,high,matched 'coordinat',1
coordination with county government,Govt Management,medium,'government' over 'coordinat',1
coordination with government sector offices,Govt Management,medium,'government' over 'coordinat',1
coordination with health sector,Coordination,high,'coordinat' over 'health',1
coordination with higher authorities,Coordination,high,matched 'coordinat',1
coordination with industries,Coordination,high,matched 'coordinat',1
coordination with regional bureaus,Coordination,high,matched 'coordinat',1
coordination with regional water office,Coordination,high,matched 'coordinat',1
coordination with ward and village administrators,Coordination,high,matched 'coordinat',1
coordination with woreda stakeholders and kebele administrators,Coordination,high,'stakeholder' over 'woreda',1
corporate social responsibility,Capacity Building,low,token-overlap fallback (1),1
corporate structure of water utility,Govt Management,high,matched 'utility',1
corrective action on illegal sewage connections,Community / Users,low,token-overlap fallback (3),1
corrective action on water schemes,Service Performance,low,token-overlap fallback (29),1
corruption among water and sanitation officials,Govt Management,high,matched 'corruption',1
corruption among water scheme staff,Govt Management,high,matched 'corruption',1
cost efficiency,O&M,low,token-overlap fallback (8),1
cost of latrine emptying,Infrastructure,high,matched 'latrine',1
cost of liquid waste disposal,Service Performance,high,matched 'liquid waste',1
cost recovery,Community Finance,high,matched 'cost recovery',1
cost recovery for maintenance,Community Finance,medium,'cost recovery' over 'maintenance',1
cost-based tariffs,Community Finance,high,matched 'tariff',1
cost-effectiveness of water pumping,Service Performance,low,token-overlap fallback (29),1
cost-recovery water tariff,Community Finance,high,matched 'cost-recovery',1
counterfeit and cheap spare parts use,O&M,high,matched 'spare part',1
counterfeit spare parts,O&M,high,matched 'spare part',1
county O&M funding,Govt / External Finance,high,'funding' over 'o&m',1
county administration engagement,Govt Management,high,matched 'administration',1
county and NGO support effectiveness,Govt / External Finance,high,'ngo support' over 'ngo',1
county budget operational costs,O&M,high,'operational cost' over 'budget',1
county contracting of maintenance providers,O&M,high,matched 'maintenance',1
county engagement in major repairs,O&M,high,matched 'repair',1
county equipment sharing,Infrastructure,high,matched 'equipment',1
county financial resources,Govt / External Finance,high,matched 'financial resource',1
county financial year budget gap,Govt / External Finance,high,matched 'budget',1
county focus on new projects,Govt Management,low,token-overlap fallback (3),1
county focus on supply over maintenance,O&M,high,matched 'maintenance',1
county funding,Govt / External Finance,high,matched 'funding',1
county funding of handover costs,Govt / External Finance,high,matched 'funding',1
county geographic scale,Environmental,high,matched 'geograph',1
county government activities,Govt Management,high,matched 'government',1
county government devolution,Govt Management,high,matched 'government',1
county government engagement,Govt Management,high,matched 'government',1
county government facilitation of external partners,Govt Management,high,matched 'government',1
county government finance,Govt / External Finance,high,'government finance' over 'government',1
county government knowledge of installed equipment,Govt Management,low,'government' over 'equipment',1
county government standby funding,Govt Management,high,'government' over 'funding',1
county government support for management models,Govt / External Finance,high,'government support' over 'government',1
county government water prioritization,Planning,high,'prioritization' over 'government',1
county intervention planning,Planning,high,matched 'planning',1
county investment in asset renewal,Govt / External Finance,high,matched 'investment',1
county maintenance program,O&M,high,matched 'maintenance',1
county management capacity,Govt Management,low,token-overlap fallback (9),1
county monitoring and follow-up capacity,Monitoring,high,matched 'monitoring',1
county monitoring and supervision,Monitoring,high,matched 'supervision',1
county monitoring capacity,Monitoring,high,matched 'monitoring',1
county monitoring structure,Monitoring,high,matched 'monitoring',1
county officer coordination,Coordination,medium,'coordinat' over 'officer',1
county officer staffing,Govt Management,high,matched 'staffing',1
county official field performance,Govt Management,high,matched 'official',1
county official support,Govt Management,high,matched 'official',1
county performance indicators,Govt Management,low,token-overlap fallback (3),1
county procurement bureaucracy,Private Sector,medium,'procurement' over 'bureaucra',1
county rehabilitation requests,O&M,high,matched 'rehabilitat',1
county resource allocation,Govt / External Finance,high,matched 'resource allocation',1
county resource limitations,Govt Management,low,token-overlap fallback (4),1
county rural scheme policy,Laws + Regulations,high,matched 'policy',1
county salary payment,Community Finance,medium,'payment' over 'salary',1
county service management,O&M,high,matched 'service management',1
county supplementation of user payments,Community Finance,high,'payment' over 'user',1
county water funding gap,Govt / External Finance,high,matched 'funding',1
county water infrastructure investment,Infrastructure,high,'infrastructure' over 'investment',1
county water project implementation,Infrastructure,high,matched 'project implementation',1
county-NGO relationship,Coordination,medium,matched 'ngo',1
coverage of service gaps,Service Performance,high,matched 'coverage',1
cracked reservoir repair,Infrastructure,high,'reservoir' over 'repair',1
credit access from revolving fund,Govt / External Finance,low,token-overlap fallback (11),1
cross-organization learning,Coordination,low,token-overlap fallback (3),1
cross-sector collaboration on water and sanitation,Coordination,high,matched 'collaborat',1
cross-sector coordination,Coordination,high,matched 'coordinat',1
cross-sector coordination in school construction,Infrastructure,high,'construction' over 'coordinat',1
cross-sector coordination on water and sanitation,Coordination,high,matched 'coordinat',1
cross-sector responsibility sharing,Coordination,low,token-overlap fallback (7),1
cross-sector sanitation responsibility,Service Performance,low,token-overlap fallback (10),1
customer affordability,Community Finance,high,matched 'affordab',1
customer and utilization data management,Monitoring,high,matched 'data management',1
customer expectations for cleanliness,Community / Users,high,matched 'cleanliness',1
customer service disruption,Service Performance,high,matched 'service disruption',1
dam and reservoir construction,Infrastructure,high,matched 'construction',1
dam siltation,Environmental,high,'siltation' over 'dam',1
damage to water pipes and infrastructure,Infrastructure,high,matched 'infrastructure',1
damaged and old pipes,Community / Users,low,no match — defaulted to Community / Users,1
damping site,Infrastructure,low,token-overlap fallback (3),1
damping site availability,Infrastructure,low,token-overlap fallback (3),1
data accuracy verification,Monitoring,medium,matched 'data',1
data and information management,Monitoring,medium,matched 'data',1
data availability,Monitoring,high,matched 'data availability',1
data management quality,Monitoring,high,matched 'data management',1
data packaging quality,Monitoring,medium,matched 'data',1
data quality,Monitoring,high,matched 'data quality',1
decentralization of project design mandate,Planning,high,'project design' over 'mandate',1
decentralization of resources to sub-county level,Govt Management,high,matched 'sub-county',1
decentralized procurement management,Private Sector,high,matched 'procurement',1
decentralized procurement mandate,Private Sector,high,'procurement' over 'mandate',1
decentralized spare parts with mechanics,O&M,high,matched 'spare part',1
decentralized treatment plants,Infrastructure,high,matched 'treatment plant',1
dedicated awareness creation staff,Capacity Building,high,'awareness creation' over 'awareness',1
dedicated budget and program for sanitation,Govt / External Finance,high,matched 'budget',1
dedicated coordination committee,Community Management,medium,'committee' over 'coordinat',1
dedicated electric distribution line for water service,Service Performance,high,matched 'water service',1
dedicated latrine janitor,Infrastructure,high,matched 'latrine',1
dedicated liquid waste drainage system,Service Performance,high,'liquid waste' over 'drainage',1
dedicated replacement fund,Govt / External Finance,low,token-overlap fallback (11),1
deep borehole development,Infrastructure,high,matched 'borehole',1
deep excavation requirement,Community / Users,low,no match — defaulted to Community / Users,1
deep underground water projects,Environmental,high,matched 'ground water',1
deep well development funding,Govt / External Finance,high,'funding' over 'well',1
deep well hazards,Infrastructure,medium,matched 'well',1
defects liability period contract,Private Sector,low,token-overlap fallback (1),1
deferred major repairs,O&M,high,matched 'repair',1
deferred minor repairs,O&M,high,matched 'repair',1
delayed kiosk attendant payment,Community Finance,medium,'payment' over 'kiosk',1
delayed logistic support response,Govt / External Finance,low,token-overlap fallback (5),1
delayed repair of water schemes,O&M,high,matched 'repair',1
delayed repairs,O&M,high,matched 'repair',1
demand for pure water,Community / Users,high,matched 'demand',1
demand for water and energy solutions,Community / Users,high,matched 'demand',1
demand for water sources,Community / Users,high,matched 'demand',1
demand on municipal water supply,Service Performance,high,'water supply' over 'municipal',1
demand on piped water system,Community / Users,high,matched 'demand',1
demand on public water utility,Govt Management,medium,'utility' over 'public',1
demand on shared water source,Community / Users,high,matched 'demand',1
demand on town water supply,Service Performance,high,'water supply' over 'town water',1
demand-supply gap,Community / Users,high,matched 'demand',1
department-specific task focus,Community / Users,low,no match — defaulted to Community / Users,1
dependence on centralized technicians,O&M,high,matched 'technician',1
dependence on county government technical staff,Govt Management,high,matched 'government',1
dependence on external support,Govt / External Finance,high,matched 'external support',1
dependence on government support,Govt / External Finance,high,'government support' over 'government',1
dependency mindset,Community / Users,low,no match — defaulted to Community / Users,1
desalination cost,O&M,low,token-overlap fallback (8),1
desalination equipment running costs,O&M,high,'running cost' over 'equipment',1
desalination technology,Infrastructure,high,matched 'technology',1
desalinization,Community / Users,low,no match — defaulted to Community / Users,1
desert climate/lowland,Environmental,high,matched 'climate',1
desertification,Community / Users,low,no match — defaulted to Community / Users,1
design approval by county directorate,Planning,high,matched 'design',1
design approval by directorate of water,Planning,high,matched 'design',1
design quality,Planning,high,matched 'design',1
designated communal solid waste disposal area,Service Performance,high,'solid waste' over 'design',1
designated communal waste disposal area,Planning,high,matched 'design',1
designated dumping sites,Infrastructure,high,'dumping site' over 'design',1
designer consultation with local people,Planning,high,matched 'design',1
desired sanitation results,Service Performance,low,token-overlap fallback (10),1
detailed implementation directives and manuals,Infrastructure,high,'implementation' over 'directive',1
detailed investigation of soil and water table,Environmental,high,matched 'water table',1
determined and visionary leaders,Govt Management,low,token-overlap fallback (1),1
developer investment costs,Govt / External Finance,high,matched 'investment',1
dialogue meetings with technical and political leaders,Politics,high,matched 'politic',1
dialogue with development partners,Coordination,high,matched 'development partner',1
diesel and electricity dependency,Infrastructure,high,matched 'electricity',1
diesel dependency,Community / Users,low,no match — defaulted to Community / Users,1
diesel fuel cost,O&M,high,matched 'fuel cost',1
diesel fuel costs,O&M,high,matched 'fuel cost',1
diesel fuel procurement delays,Private Sector,high,matched 'procurement',1
diesel generator operating cost,O&M,high,'operating cost' over 'generator',1
diesel generator use for pumping,Infrastructure,high,matched 'generator',1
diesel generator-based water schemes,Infrastructure,high,matched 'generator',1
diesel generators,Infrastructure,high,matched 'generator',1
diesel to solar transition,Infrastructure,medium,matched 'solar',1
diesel-based water scheme maintenance requirements,O&M,high,matched 'maintenance',1
diesel-operated boreholes,Infrastructure,high,matched 'borehole',1
diesel-powered facilities,Infrastructure,high,matched 'facilities',1
diesel/electricity powered systems,Infrastructure,high,matched 'electricity',1
diesel/genset energy,Infrastructure,low,token-overlap fallback (2),1
difficult climate conditions and rural environment,Environmental,high,matched 'environment',1
difficult terrain,Environmental,high,matched 'terrain',1
dignity of school girls,Community / Users,high,matched 'school',1
direct budget allocation to board,Govt / External Finance,high,matched 'budget',1
direct cash collection,Community Finance,low,token-overlap fallback (2),1
direct disposal of liquid waste into rivers,Service Performance,high,matched 'liquid waste',1
direct funding to Fundifix,Govt / External Finance,high,matched 'funding',1
direct organizational management of boreholes,Infrastructure,high,matched 'borehole',1
direct pipeline connection,Infrastructure,high,matched 'pipeline',1
direct requests to county headquarters,Govt Management,low,token-overlap fallback (3),1
dirty water,Service Performance,low,token-overlap fallback (29),1
disease,Community / Users,high,matched 'disease',1
disease awareness,Community / Users,high,matched 'awareness',1
disease burden,Community / Users,high,matched 'disease',1
disease management,Community / Users,high,matched 'disease',1
disease risk,Community / Users,high,matched 'disease',1
disease transmission,Community / Users,high,matched 'disease',1
disinfectant supply,Service Performance,low,token-overlap fallback (1),1
disposal site construction,Infrastructure,high,matched 'disposal site',1
disposal site development,Infrastructure,high,matched 'disposal site',1
distance between WASH woredas,Govt Management,high,matched 'woreda',1
distance of dumping site,Infrastructure,high,matched 'dumping site',1
distance to disposal area,Community / Users,low,token-overlap fallback (7),1
distance to water for communities,Service Performance,low,token-overlap fallback (29),1
distance to water sources,Service Performance,low,token-overlap fallback (29),1
distance traveled for water,Service Performance,low,token-overlap fallback (29),1
distance traveled to collect water,Service Performance,low,token-overlap fallback (31),1
distant water source,Service Performance,low,token-overlap fallback (29),1
distribution system breakdown,Service Performance,high,matched 'breakdown',1
distribution system installation,Infrastructure,high,matched 'installation',1
distribution system monitoring,Monitoring,high,matched 'monitoring',1
district contracting flexibility,Govt Management,high,matched 'district',1
district leader authority,Govt Management,high,matched 'district',1
district local government support for WSC,Govt / External Finance,high,'government support' over 'government',1
district program uniformity,Govt Management,high,matched 'district',1
district-Whave maintenance contract,O&M,high,'maintenance' over 'district',1
district-community engagement,Community Management,high,'community engagement' over 'community',1
district-wide service coverage,Service Performance,high,'service coverage' over 'district',1
ditch blockage,Community / Users,low,no match — defaulted to Community / Users,1
diverse community management,Community Management,high,'community management' over 'community',1
division of labor among WASH stakeholders,Coordination,high,matched 'stakeholder',1
division of responsibilities among WASH stakeholders,Coordination,high,matched 'stakeholder',1
documentation compliance,Laws + Regulations,high,matched 'compliance',1
documentation of past projects,Community / Users,low,no match — defaulted to Community / Users,1
documented data system,Monitoring,medium,matched 'data',1
documented water service problem areas,Service Performance,high,matched 'water service',1
domestic use of saline boreholes,Infrastructure,high,matched 'borehole',1
donor and NGO support,Govt / External Finance,high,'ngo support' over 'ngo',1
donor and collaborator mobilization,Coordination,high,'collaborat' over 'mobiliz',1
donor and loan support,Govt / External Finance,medium,matched 'donor',1
donor and stakeholder funding,Coordination,high,'stakeholder' over 'funding',1
donor disengagement,Govt / External Finance,medium,matched 'donor',1
donor funding attractiveness,Govt / External Finance,high,matched 'funding',1
donor funding mobilization,Govt / External Finance,low,'funding' over 'mobiliz',1
donor project priorities,Govt / External Finance,medium,matched 'donor',1
donor support,Govt / External Finance,medium,matched 'donor',1
donor support for water containers,Govt / External Finance,medium,matched 'donor',1
donor targeting for uncovered areas,Govt / External Finance,medium,matched 'donor',1
donor-NGO partnerships,Coordination,high,'partnership' over 'donor',1
donor-based NGO funding,Govt / External Finance,high,'ngo funding' over 'ngo',1
donor-constructed water schemes,Govt / External Finance,medium,matched 'donor',1
donor/government establishment of water sources,Govt Management,high,'government' over 'donor',1
donor/partner engagement,Coordination,high,'partner engagement' over 'donor',1
door-to-door awareness training coverage,Service Performance,low,'coverage' over 'awareness',1
door-to-door garbage collection enterprises,Private Sector,high,matched 'enterprise',1
downstream community health,Community / Users,high,matched 'community',1
drainage and sewerage line development,Infrastructure,high,matched 'sewerage',1
drainage and sewerage system,Infrastructure,high,matched 'sewerage',1
drainage connectivity between latrines,Infrastructure,high,matched 'drainage',1
drainage contamination,Community / Users,medium,'contaminat' over 'drainage',1
drainage leakage,Infrastructure,high,matched 'drainage',1
drainage line connection violations,Infrastructure,high,matched 'drainage',1
drainage system contamination,Community / Users,medium,'contaminat' over 'drainage',1
drainage system integrity,Infrastructure,high,matched 'drainage',1
drainage system organization,Infrastructure,high,matched 'drainage',1
drinking water access,Service Performance,high,matched 'drinking water',1
drinking water and irrigation safety,Service Performance,high,'drinking water' over 'irrigation',1
drinking water contamination,Service Performance,high,'water contaminat' over 'contaminat',1
drinking water safety,Service Performance,high,matched 'drinking water',1
drought and failed rains,Environmental,high,matched 'drought',1
drought resilience,Environmental,high,matched 'drought',1
drought response,Environmental,high,matched 'drought',1
dry climate,Environmental,high,matched 'climate',1
dry season sewage suction,Environmental,high,matched 'dry season',1
dry season suctioning,Environmental,high,matched 'dry season',1
dry season water availability,Service Performance,high,'water availab' over 'dry season',1
dry season water supply,Service Performance,high,'water supply' over 'dry season',1
dry seasons,Environmental,high,matched 'dry season',1
dry/sunny seasons,Community / Users,low,no match — defaulted to Community / Users,1
dual pumping systems requirement,Community / Users,low,no match — defaulted to Community / Users,1
dump site fencing,Infrastructure,high,matched 'dump site',1
dump site financing,Infrastructure,medium,'dump site' over 'financing',1
dump site overflow,Infrastructure,high,matched 'dump site',1
dump site project continuation,Infrastructure,high,matched 'dump site',1
dumping site conditions,Infrastructure,high,matched 'dumping site',1
dumping site distance from town,Infrastructure,high,matched 'dumping site',1
dumping site operation,Infrastructure,high,matched 'dumping site',1
duplication of NGO efforts,Coordination,high,matched 'duplication',1
duplication of aid efforts,Coordination,high,'duplication' over 'aid',1
duplication of maintenance efforts,O&M,medium,'maintenance' over 'duplication',1
duplication of reporting efforts,Coordination,high,'duplication' over 'reporting',1
dustbin placement,Community / Users,low,no match — defaulted to Community / Users,1
early identification of at-risk facilities,Infrastructure,high,matched 'facilities',1
early intervention before breakdowns,Service Performance,high,matched 'breakdown',1
early meter reading and billing,Community Finance,high,matched 'billing',1
early problem intervention,Service Performance,low,token-overlap fallback (1),1
early warning system,O&M,low,token-overlap fallback (2),1
earth dam,Infrastructure,medium,matched 'dam',1
earth dam maintenance,O&M,high,'maintenance' over 'dam',1
earth dam recharge,Infrastructure,medium,matched 'dam',1
earth dam silting,Infrastructure,medium,matched 'dam',1
earth dam viability,Infrastructure,medium,matched 'dam',1
economic activity,Private Sector,high,matched 'economic',1
economic poverty,Private Sector,medium,'economic' over 'poverty',1
economic status,Private Sector,high,matched 'economic',1
economic transformation,Private Sector,high,matched 'economic',1
economical water use,Private Sector,high,matched 'economic',1
educated adults' opposition,Community / Users,low,no match — defaulted to Community / Users,1
education and awareness,Community / Users,high,matched 'awareness',1
education and continuous awareness creation,Capacity Building,high,'awareness creation' over 'awareness',1
education and health infrastructure,Infrastructure,high,'infrastructure' over 'education',1
education and health services,Community / Users,high,matched 'education',1
education level,Community / Users,high,matched 'education',1
education office capacity,Govt Management,high,'office capacity' over 'education',1
education on environmental protection and sanitation,Environmental,high,'environmental' over 'education',1
education on sanitation effects,Community / Users,high,matched 'education',1
education service delivery,Service Performance,high,'service deliver' over 'education',1
education-practice mismatch,Community / Users,high,matched 'education',1
educational outcomes,Community / Users,high,matched 'education',1
educational sector involvement,Community / Users,high,matched 'education',1
educational sector research and community service,Community / Users,high,matched 'community',1
effective coordinated plans and activities,Coordination,high,matched 'coordinat',1
effective coordination,Coordination,high,matched 'coordinat',1
effective maintenance budget,O&M,high,'maintenance' over 'budget',1
effective management structures,O&M,low,token-overlap fallback (6),1
effective planning,Planning,high,matched 'planning',1
effective resource allocation,Govt / External Finance,high,matched 'resource allocation',1
effective sanitation governance,Govt Management,high,matched 'governance',1
effective scheme management,O&M,high,matched 'scheme management',1
effective urban service delivery,Service Performance,high,matched 'service deliver',1
effective utilization of resources,Community / Users,low,token-overlap fallback (2),1
effective waste management,Service Performance,high,matched 'waste management',1
effective water office management,Service Performance,low,token-overlap fallback (30),1
effective water resource management,Environmental,high,matched 'water resource',1
effectiveness of water policies and plans,Laws + Regulations,high,matched 'policies',1
efficiency of WASH service delivery,Service Performance,high,matched 'service deliver',1
efficient budget utilization,Govt / External Finance,high,matched 'budget',1
efficient fund use,Govt / External Finance,low,token-overlap fallback (11),1
efficient management of rural water sources,Service Performance,low,token-overlap fallback (30),1
efficient water source utilization,Service Performance,low,token-overlap fallback (29),1
efficient water utilization,Service Performance,low,token-overlap fallback (29),1
effort for internal repairs and maintenance,O&M,high,matched 'maintenance',1
electric grid-based water schemes,Service Performance,low,token-overlap fallback (29),1
electric power infrastructure,Infrastructure,high,matched 'infrastructure',1
electric power outage,Infrastructure,high,matched 'power outage',1
electricity and diesel costs,Infrastructure,high,matched 'electricity',1
electricity and telecommunication infrastructure,Infrastructure,high,matched 'infrastructure',1
electricity grid connection,Infrastructure,high,matched 'electricity',1
electricity infrastructure expansion,Infrastructure,high,matched 'infrastructure',1
electricity management,Infrastructure,high,matched 'electricity',1
electricity office responsiveness,Infrastructure,high,matched 'electricity',1
electricity service reliability,Service Performance,high,'service reliab' over 'electricity',1
electricity supply,Infrastructure,high,matched 'electricity',1
electricity-dependent technology,Infrastructure,high,matched 'electricity',1
electronic data management,Monitoring,high,matched 'data management',1
electronic device availability,Monitoring,low,token-overlap fallback (1),1
emergency infrastructure repairs,Infrastructure,high,'infrastructure' over 'repair',1
emergency maintenance fund,O&M,high,matched 'maintenance',1
emergency repair savings,Community Finance,medium,'savings' over 'repair',1
emergency repairs,O&M,high,matched 'repair',1
emergency response capacity,Capacity Building,low,token-overlap fallback (7),1
emergency taskforce,Community / Users,low,no match — defaulted to Community / Users,1
emergency warning and water access,Service Performance,high,matched 'water access',1
emergency water trucking,Service Performance,low,token-overlap fallback (29),1
emergency-driven project implementation,Infrastructure,high,matched 'project implementation',1
employee capacity,Govt Management,high,matched 'employee',1
employee capacity building,Capacity Building,high,'capacity build' over 'employee',1
employee incentives,Govt Management,high,matched 'incentive',1
employee incentives and recognition,Govt Management,high,matched 'incentive',1
encroachment of water sources,Service Performance,low,token-overlap fallback (29),1
energy generation,Infrastructure,low,token-overlap fallback (2),1
enforcement mechanism for waste disposal,Laws + Regulations,high,matched 'enforcement',1
enforcement mechanisms for fund transfer,Laws + Regulations,high,matched 'enforcement',1
enforcement of open defecation penalties,Community / Users,high,'open defecation' over 'enforcement',1
enforcement of sanitation laws,Laws + Regulations,high,matched 'enforcement',1
enforcement of sanitation regulations,Laws + Regulations,high,matched 'enforcement',1
enforcement of street littering,Laws + Regulations,medium,'enforcement' over 'littering',1
enforcement without prior awareness,Laws + Regulations,medium,'enforcement' over 'awareness',1
engagement with Water User Committees,Community Management,high,'water user committee' over 'user',1
enterprise engagement in street cleaning,Private Sector,high,matched 'enterprise',1
enterprise involvement in latrine services,Private Sector,medium,'enterprise' over 'latrine',1
"enterprise support (carts, budget, credit)",Private Sector,high,'enterprise' over 'budget',1
enterprise viability,Private Sector,high,matched 'enterprise',1
environmental and climate fluctuation,Environmental,high,matched 'environmental',1
environmental conservation and rehabilitation,Environmental,medium,'environmental' over 'rehabilitat',1
environmental conservation awareness,Environmental,high,'environmental' over 'awareness',1
environmental degradation,Environmental,high,matched 'environmental',1
environmental harm,Environmental,high,matched 'environmental',1
environmental impact assessment,Environmental,high,'environmental' over 'assessment',1
environmental impact assessment for investments,Environmental,high,'environmental' over 'investment',1
environmental integration in WASH interventions,Environmental,high,'environmental' over 'integration',1
environmental law compliance,Environmental,high,'environmental' over 'compliance',1
environmental monitoring capacity,Environmental,high,'environmental' over 'monitoring',1
environmental protection and maintenance,Environmental,medium,'environmental' over 'maintenance',1
environmental quality,Environmental,high,matched 'environmental',1
environmental regulation enforcement,Environmental,high,'environmental' over 'enforcement',1
environmental regulatory monitoring,Environmental,high,'environmental' over 'monitoring',1
environmental research priority setting,Environmental,high,matched 'environmental',1
environmental sanitation problems,Service Performance,high,'sanitation problem' over 'environmental',1
epidemics,Community / Users,high,matched 'epidemic',1
equipment and spare parts,O&M,medium,'spare part' over 'equipment',1
equipment and spare parts availability,O&M,medium,'spare part' over 'equipment',1
equipment breakdown,Service Performance,low,'breakdown' over 'equipment',1
equipment breakdowns,Service Performance,low,'breakdown' over 'equipment',1
equipment damage,Infrastructure,high,matched 'equipment',1
equipment replacement capacity,Infrastructure,high,matched 'equipment',1
equitable access to potable water,Service Performance,high,matched 'potable water',1
equitable access to preventive maintenance,O&M,high,matched 'maintenance',1
equitable budget allocation from regional government,Govt Management,high,'government' over 'budget',1
equitable community water supply,Service Performance,high,'water supply' over 'community',1
equitable distribution of sanitation infrastructure,Infrastructure,high,matched 'infrastructure',1
equitable geographic distribution of funds,Environmental,high,matched 'geograph',1
equitable service coverage,Service Performance,high,matched 'service coverage',1
equitable service distribution,Service Performance,low,token-overlap fallback (17),1
equitable waste management,Service Performance,high,matched 'waste management',1
equitable water resource distribution,Environmental,high,matched 'water resource',1
equitable water service,Service Performance,high,matched 'water service',1
equitable water service distribution,Service Performance,high,matched 'water service',1
equitable water sharing,Service Performance,low,token-overlap fallback (29),1
equity in resource allocation,Govt / External Finance,high,matched 'resource allocation',1
establishment of basic sanitation and health facilities,Infrastructure,high,'facilities' over 'health',1
establishment of new water facilities,Infrastructure,high,matched 'facilities',1
establishment of new water sources,Service Performance,low,token-overlap fallback (29),1
ethical standards of contractors,Private Sector,medium,'contractor' over 'standard',1
evaporation water losses,Service Performance,low,token-overlap fallback (29),1
evidence-based action,Community Management,low,token-overlap fallback (2),1
evidence-based planning,Planning,high,matched 'planning',1
excess resource expenditure,Govt / External Finance,low,token-overlap fallback (5),1
excessive salt and fluoride content,Community / Users,low,no match — defaulted to Community / Users,1
exchange of ideas on interventions,Community / Users,low,no match — defaulted to Community / Users,1
execution of planned water works,Service Performance,low,token-overlap fallback (29),1
existing water scheme adequacy,Service Performance,low,token-overlap fallback (30),1
exit strategy after construction,Infrastructure,high,'construction' over 'strategy',1
expansion of residential structures,Infrastructure,medium,'expansion' over 'resident',1
expansion of water services to sub counties,Service Performance,high,'water service' over 'expansion',1
expansion to unserved areas,Infrastructure,high,matched 'expansion',1
expectation-setting discussion with community,Community / Users,high,matched 'community',1
expenditure on treating preventable diseases,Community / Users,high,matched 'disease',1
expensive component repair funding,Govt / External Finance,low,'funding' over 'repair',1
experience sharing by senior technicians,Coordination,high,'experience sharing' over 'technician',1
experience sharing from other cities,Coordination,high,matched 'experience sharing',1
expert capacity building,Capacity Building,high,'capacity build' over 'expert',1
expert consultation in project construction,Infrastructure,high,'construction' over 'expert',1
expert engagement in rural areas,Govt Management,high,matched 'expert',1
expert negligence,Govt Management,high,matched 'expert',1
expert responsibility,Govt Management,high,matched 'expert',1
expert skills,Govt Management,high,matched 'expert',1
expert training on solar systems,Capacity Building,medium,'training' over 'expert',1
expertise-position match for managers,Govt Management,high,matched 'expert',1
exposure to major rehabilitation costs,O&M,high,matched 'rehabilitat',1
extension worker capacity,Capacity Building,low,token-overlap fallback (7),1
external assistance,Govt / External Finance,high,matched 'external assistance',1
external financial support,Govt / External Finance,high,matched 'financial support',1
external financing,Govt / External Finance,high,matched 'financing',1
external intervention dependency,Govt / External Finance,low,token-overlap fallback (4),1
external management interference in WSPs,O&M,low,token-overlap fallback (6),1
external support mobilization,Govt / External Finance,high,'external support' over 'mobiliz',1
externally-initiated water project,Service Performance,low,token-overlap fallback (29),1
extreme weather events,Environmental,high,matched 'weather',1
facility access disputes,Infrastructure,high,matched 'facility',1
facility financial management and record keeping,Monitoring,high,'record keeping' over 'facility',1
facility financial sustainability,Sustainability,medium,'sustainab' over 'facility',1
facility monitoring,Monitoring,medium,'monitoring' over 'facility',1
facility operation,Infrastructure,high,matched 'facility',1
factory accountability,Monitoring,high,matched 'accountab',1
factory and business growth,Private Sector,high,matched 'business',1
factory and university liquid waste discharge,Service Performance,high,matched 'liquid waste',1
factory environmental compliance,Environmental,high,'environmental' over 'compliance',1
factory environmental pollution,Environmental,high,matched 'environmental',1
factory expansion,Infrastructure,high,matched 'expansion',1
factory growth,Planning,low,token-overlap fallback (3),1
factory liquid sewage,Service Performance,low,token-overlap fallback (2),1
factory liquid waste disposal,Service Performance,high,matched 'liquid waste',1
factory own water wells,Service Performance,low,token-overlap fallback (29),1
factory siting near water schemes,Planning,high,matched 'siting',1
factory treatment plants,Infrastructure,high,matched 'treatment plant',1
factory waste compliance,Laws + Regulations,high,matched 'compliance',1
factory waste discharge,Service Performance,low,token-overlap fallback (6),1
factory waste treatment compliance,Infrastructure,high,'waste treatment' over 'compliance',1
failure response coverage across districts,Service Performance,medium,'coverage' over 'district',1
fair distribution of water schemes,Service Performance,low,token-overlap fallback (29),1
fair government budget allocation,Govt / External Finance,high,'government budget' over 'government',1
farm use of spring water for plantation,Environmental,high,matched 'spring',1
farmer health,Community / Users,high,matched 'health',1
farmer health near dump site,Infrastructure,high,'dump site' over 'health',1
farmer incentive mechanism near disposal sites,Infrastructure,high,'disposal site' over 'incentive',1
farmer livelihood,Community / Users,high,matched 'livelihood',1
farmer wellbeing near dump site,Infrastructure,medium,'dump site' over 'wellbeing',1
farmer/pastoralist lifestyle,Community / Users,high,matched 'lifestyle',1
farmland pollution,Environmental,high,matched 'pollution',1
farmland waste dumping,Service Performance,low,token-overlap fallback (7),1
feasibility study,Planning,high,matched 'feasibility',1
feasibility study capacity,Planning,high,matched 'feasibility',1
feasibility study initiation,Planning,high,matched 'feasibility',1
federal government and NGO coordination,Laws + Regulations,high,'federal government' over 'government',1
federal procurement mandate control,Private Sector,high,'procurement' over 'mandate',1
federal program reporting compliance,Laws + Regulations,medium,'compliance' over 'reporting',1
federal/regional budget flow to zone,Govt / External Finance,high,'budget' over 'zone',1
fee collection,Community Finance,high,matched 'fee collection',1
feeder roads in remote areas,Community / Users,low,no match — defaulted to Community / Users,1
fertilizer for horticulture,Community / Users,high,matched 'culture',1
field coverage,Service Performance,high,matched 'coverage',1
field demonstrations of O&M,O&M,medium,matched 'o&m',1
field maintenance access,O&M,high,matched 'maintenance',1
field service coverage,Service Performance,high,matched 'service coverage',1
field staff shortage,Govt Management,medium,matched 'staff',1
field task delays,Community / Users,low,no match — defaulted to Community / Users,1
field work quality,Service Performance,low,token-overlap fallback (3),1
field-level coordination,Coordination,high,matched 'coordinat',1
field-level coordination mandate,Coordination,high,'coordinat' over 'mandate',1
filtered liquid waste,Service Performance,high,matched 'liquid waste',1
finance for monitoring,Monitoring,high,'monitoring' over 'finance',1
"finance from community, private actors and NGOs",Community / Users,medium,'community' over 'finance',1
finance office accountability,Monitoring,medium,'accountab' over 'finance',1
financial accountability for cash sales,Community Finance,high,'financial accountab' over 'accountab',1
financial accountability of management committees,Community Management,medium,'management committee' over 'financial accountab',1
financial accounting system,Govt / External Finance,low,token-overlap fallback (8),1
financial aid,Govt / External Finance,medium,matched 'aid',1
financial allocation,Govt / External Finance,low,token-overlap fallback (12),1
financial allocation to sub-county offices,Govt Management,high,matched 'sub-county',1
financial and human resource allocation for sanitation,Govt / External Finance,high,'resource allocation' over 'human resource',1
financial and technical capacity,Govt / External Finance,low,token-overlap fallback (9),1
financial and technical support for water services,Capacity Building,high,'technical support' over 'water service',1
financial assistance,Govt / External Finance,high,matched 'financial assistance',1
financial break-even of water scheme,Service Performance,low,token-overlap fallback (32),1
financial capacity development,Capacity Building,medium,'capacity development' over 'financial capacity',1
financial capacity for maintenance,Govt / External Finance,high,'financial capacity' over 'maintenance',1
financial capacity of urban administration,Govt / External Finance,high,'financial capacity' over 'administration',1
financial contribution for maintenance,O&M,high,matched 'maintenance',1
financial dependency of woreda administration,Govt Management,high,matched 'administration',1
financial disputes among committee members,Community Management,high,matched 'committee',1
financial embezzlement,Govt / External Finance,low,token-overlap fallback (8),1
financial forecasting,Planning,high,matched 'forecasting',1
financial gap reduction,Govt / External Finance,low,token-overlap fallback (8),1
financial inspection of schemes,Monitoring,high,matched 'inspection',1
financial management advice to committee,Community Management,high,matched 'committee',1
financial management capacity of committees,Community Management,high,matched 'committee',1
financial management of water service,Service Performance,high,matched 'water service',1
financial mismanagement control,Govt Management,high,matched 'mismanage',1
financial monitoring and reporting,Monitoring,high,matched 'monitoring',1
financial oversight of water revenue,Monitoring,medium,'oversight' over 'revenue',1
financial record keeping,Monitoring,high,matched 'record keeping',1
financial record keeping skills,Monitoring,high,matched 'record keeping',1
financial record-keeping,Monitoring,high,matched 'record-keeping',1
financial reporting at woreda level,Monitoring,high,'reporting' over 'woreda',1
financial reporting capability,Monitoring,high,matched 'reporting',1
financial reporting efficiency,Monitoring,high,matched 'reporting',1
financial reporting timeliness,Monitoring,high,matched 'reporting',1
financial resource capacity,Govt / External Finance,high,matched 'financial resource',1
financial resource constraints,Govt / External Finance,high,matched 'financial resource',1
financial resources for water service,Govt / External Finance,high,'financial resource' over 'water service',1
financial shortage,Govt / External Finance,high,matched 'financial shortage',1
financial source,Govt / External Finance,low,token-overlap fallback (11),1
financial support from stakeholders,Govt / External Finance,high,'financial support' over 'stakeholder',1
financial support from water fund office,Govt / External Finance,high,matched 'financial support',1
financial sustainability of water schemes,Sustainability,high,matched 'sustainab',1
financial sustainability of water service,Service Performance,high,'water service' over 'sustainab',1
"financial, technical and material aid from stakeholders",Coordination,high,'stakeholder' over 'aid',1
financing from county government and NGOs,Govt Management,medium,'government' over 'financing',1
financing issue resolution,Govt / External Finance,high,matched 'financing',1
fines and punishment for violations,Community / Users,low,no match — defaulted to Community / Users,1
flood risk,Environmental,medium,matched 'flood',1
flood sediment,Environmental,medium,matched 'flood',1
flood vulnerability,Environmental,medium,matched 'flood',1
flood-prone site location,Environmental,medium,matched 'flood',1
flooding,Environmental,high,matched 'flooding',1
fluoride and chemical contamination,Community / Users,high,matched 'contaminat',1
fluoride and salinity exposure,Environmental,high,matched 'salinity',1
fluoride concentration in groundwater,Environmental,high,matched 'groundwater',1
fluoride contamination,Community / Users,high,matched 'contaminat',1
fluoride content in boreholes,Infrastructure,high,matched 'borehole',1
fluoride content in groundwater,Environmental,high,matched 'groundwater',1
fluoride detection technology,Infrastructure,high,matched 'technology',1
fluoride removal capacity,Capacity Building,low,token-overlap fallback (7),1
fluoride treatment solutions,Infrastructure,low,token-overlap fallback (2),1
focal person accountability,Monitoring,high,matched 'accountab',1
focal persons in each office,Capacity Building,low,token-overlap fallback (3),1
focus on new infrastructure construction,Infrastructure,high,matched 'infrastructure',1
follow-up and monitoring,Monitoring,high,matched 'monitoring',1
follow-up budget in exit strategy,Monitoring,medium,'follow-up' over 'strategy',1
follow-up mechanism,Monitoring,high,matched 'follow-up',1
follow-up monitoring after training,Monitoring,medium,'monitoring' over 'training',1
food production,Community / Users,low,no match — defaulted to Community / Users,1
food waste management,Service Performance,high,matched 'waste management',1
forecasting future sanitation challenges,Planning,high,matched 'forecasting',1
formal GO-NGO WASH coordination mechanism,Coordination,high,matched 'coordinat',1
formal accountability mechanisms,Monitoring,high,matched 'accountab',1
formal communication on ongoing projects,Capacity Building,low,token-overlap fallback (2),1
formal governance structure,Govt Management,high,matched 'governance',1
formal information exchange between organizations,Coordination,low,token-overlap fallback (1),1
formal inter-sector meeting mechanism,Coordination,high,matched 'inter-sector',1
formal land agreements,Laws + Regulations,low,token-overlap fallback (6),1
formal land agreements knowledge,Laws + Regulations,low,token-overlap fallback (6),1
formal meetings and panel discussions,Community / Users,low,no match — defaulted to Community / Users,1
formal regulatory framework,Laws + Regulations,high,matched 'regulatory',1
formal waste disposal service cost,O&M,high,matched 'service cost',1
formal water company structure,Private Sector,high,matched 'company',1
formal water service provider management,Private Sector,high,'water service provider' over 'water service',1
forward-looking infrastructure design,Infrastructure,high,'infrastructure' over 'design',1
fragmented coordination system,Coordination,high,matched 'coordinat',1
fragmented institutional mandate,Laws + Regulations,high,matched 'mandate',1
fragmented water projects,Service Performance,low,token-overlap fallback (29),1
framework contract for supplies,Private Sector,low,token-overlap fallback (1),1
frequency of breakdown,Service Performance,high,matched 'breakdown',1
frequency of damage and breakage,Community / Users,low,no match — defaulted to Community / Users,1
frequency of scheme monitoring visits,Monitoring,high,matched 'monitoring',1
fresh water source identification,Service Performance,low,token-overlap fallback (29),1
frontline expert capacity and knowledge,Govt Management,high,matched 'expert',1
fuel adulteration,O&M,low,token-overlap fallback (1),1
fuel and diesel supply,Service Performance,low,token-overlap fallback (1),1
fuel and electricity cost,O&M,high,'electricity cost' over 'electricity',1
fuel availability,O&M,low,token-overlap fallback (1),1
fuel dependency,O&M,low,token-overlap fallback (1),1
fuel shortage,Service Performance,low,token-overlap fallback (1),1
fuel subsidy,Govt / External Finance,high,matched 'subsidy',1
fuel use,O&M,low,token-overlap fallback (1),1
fuel wood availability,O&M,low,token-overlap fallback (1),1
fuel wood demand,Community / Users,high,matched 'demand',1
fulfilment of office structure requirements,Govt Management,low,token-overlap fallback (3),1
full participation of actors,Community Management,high,matched 'participation',1
full septic tanks,Infrastructure,high,matched 'septic',1
functional coordination,Service Performance,high,'functional' over 'coordinat',1
functional garbage trucks,Service Performance,high,matched 'functional',1
functionality of water points,Service Performance,high,'functionality' over 'water point',1
fund acquisition for WASH projects,Govt / External Finance,low,token-overlap fallback (11),1
fund collection,Govt / External Finance,low,token-overlap fallback (12),1
fund management practices,Govt / External Finance,low,token-overlap fallback (11),1
fund management quality,Govt / External Finance,low,token-overlap fallback (11),1
fund misappropriation by committee members,Govt / External Finance,high,'fund misappropriat' over 'committee',1
fund misappropriation by management committee,Community Management,high,'management committee' over 'fund misappropriat',1
fund misappropriation by water user committees,Community Management,high,'water user committee' over 'fund misappropriat',1
fund mismanagement at scheme level,Govt / External Finance,high,'fund mismanage' over 'mismanage',1
fund misuse,Community / Users,high,matched 'misuse',1
fund misuse by committees,Community Management,high,'committee' over 'misuse',1
fund mobilization from NGOs and regional government,Govt Management,high,'government' over 'mobiliz',1
fund mobilization from multiple sources,Capacity Building,high,matched 'mobiliz',1
fund reinvestment into scheme,Govt / External Finance,high,matched 'investment',1
fund utilization,Govt / External Finance,low,token-overlap fallback (11),1
fund withdrawal authorization by water officer,Govt Management,high,matched 'officer',1
funding availability,Govt / External Finance,high,matched 'funding',1
funding delays from national to county government,Govt Management,high,'government' over 'funding',1
funding for capacity building programs,Capacity Building,high,'capacity build' over 'funding',1
funding for community engagement,Community Management,high,'community engagement' over 'community',1
funding for damping sites,Govt / External Finance,high,matched 'funding',1
funding for existing scheme maintenance,O&M,high,'maintenance' over 'funding',1
funding levels,Govt / External Finance,high,matched 'funding',1
fundraising contributions,Community / Users,low,no match — defaulted to Community / Users,1
funds accountability,Monitoring,high,matched 'accountab',1
future problem recurrence,Service Performance,low,token-overlap fallback (1),1
future project proposals,Planning,low,token-overlap fallback (8),1
future water availability,Service Performance,high,matched 'water availab',1
gap-filling by other organizations,Community / Users,low,no match — defaulted to Community / Users,1
gap-targeted recommendations,Community / Users,low,no match — defaulted to Community / Users,1
garbage collection coverage,Service Performance,high,matched 'coverage',1
garbage collection enterprise capacity,Private Sector,high,matched 'enterprise',1
garbage collection enterprises,Private Sector,high,matched 'enterprise',1
garbage collection infrastructure,Infrastructure,high,matched 'infrastructure',1
garbage collection timeliness,Community Finance,low,token-overlap fallback (2),1
garbage disposal capacity,Capacity Building,low,token-overlap fallback (7),1
garbage truck access,Infrastructure,medium,matched 'truck',1
garbage truck quantity,Infrastructure,medium,matched 'truck',1
garbage trucks,Community / Users,low,no match — defaulted to Community / Users,1
gas oil and battery supply,Service Performance,low,token-overlap fallback (1),1
gender violence against women,Community / Users,high,matched 'gender',1
generator availability,Infrastructure,high,matched 'generator',1
generator failure,Infrastructure,high,matched 'generator',1
generator fuel cost,O&M,low,'fuel cost' over 'generator',1
generator use,Infrastructure,high,matched 'generator',1
generator-powered boreholes,Infrastructure,high,matched 'generator',1
generators,Infrastructure,high,matched 'generator',1
generators and solar panels,Infrastructure,high,matched 'generator',1
genset dependency,Community / Users,low,no match — defaulted to Community / Users,1
genset-based power systems,Infrastructure,low,token-overlap fallback (2),1
geographic remoteness,Environmental,high,matched 'geograph',1
geological and technical expertise,Govt Management,high,matched 'expert',1
geological research,Community / Users,low,no match — defaulted to Community / Users,1
geological vulnerability (rift valley proximity),Community / Users,low,no match — defaulted to Community / Users,1
global warming,Community / Users,low,no match — defaulted to Community / Users,1
global warming awareness,Community / Users,high,matched 'awareness',1
good coordination,Coordination,high,matched 'coordinat',1
good policies,Laws + Regulations,high,matched 'policies',1
good relations with health office,Community / Users,high,matched 'health',1
good waste management system,Service Performance,high,matched 'waste management',1
governance contracts with committees,Govt Management,medium,'governance' over 'committee',1
governance training for water committees,Community Management,high,'water committee' over 'governance',1
government 1:5 community structures,Govt Management,medium,'government' over 'community',1
government WASH maintenance protocol,O&M,medium,'maintenance' over 'government',1
government action on dumping site,Govt Management,high,'government action' over 'dumping site',1
government agency commitment,Govt Management,high,matched 'government',1
government agency commitment to WASH responsibilities,Govt Management,high,matched 'government',1
government agency support,Govt Management,high,matched 'government',1
government and NGO attention to latrines,Govt Management,high,'government' over 'latrine',1
government and NGO budget allocation for water,Govt Management,high,'government' over 'budget',1
government and NGO budget for water sector,Govt Management,high,'government' over 'budget',1
government and NGO coordination,Govt Management,medium,'government' over 'coordinat',1
government and NGO emphasis on water schemes,Govt Management,high,'government' over 'ngo',1
government and NGO facilitation of local spare parts access,O&M,medium,'spare part' over 'government',1
government and NGO financial support,Govt / External Finance,high,'financial support' over 'government',1
government and NGO fund,Govt Management,medium,'government' over 'ngo fund',1
government and NGO investment in borehole development,Govt / External Finance,low,'investment' over 'government',1
government and NGO latrine construction,Infrastructure,high,'construction' over 'government',1
government and donor support,Govt Management,high,'government' over 'donor',1
government and local administrator oversight,Govt Management,medium,'government' over 'oversight',1
government and partner sanitation programs,Govt Management,high,matched 'government',1
government attention to sanitation service,Govt Management,medium,'government attention' over 'sanitation service',1
government attention to water service,Govt Management,high,'government attention' over 'water service',1
government attention to woreda water development,Govt Management,high,matched 'government attention',1
government attraction of NGOs and donors,Govt Management,high,'government' over 'donors',1
government attraction of partner organizations,Govt Management,high,matched 'government',1
government authority,Govt Management,high,matched 'government',1
government borehole drilling,Govt Management,medium,'government' over 'borehole',1
government borehole maintenance,O&M,medium,'maintenance' over 'government',1
government budget adequacy,Govt / External Finance,high,'government budget' over 'government',1
government budget allocation to WASH,Govt / External Finance,high,'government budget' over 'government',1
government budget allocation to WSPs,Govt / External Finance,high,'government budget' over 'government',1
government budget and donor support,Govt / External Finance,high,'government budget' over 'government',1
government budget capacity,Govt / External Finance,high,'government budget' over 'government',1
government budget cycle,Govt / External Finance,high,'government budget' over 'government',1
government budget for sanitation sector offices,Govt / External Finance,high,'government budget' over 'government',1
government budget prioritization of water,Govt / External Finance,high,'government budget' over 'prioritization',1
government bureau restructuring and hiring,Govt Management,high,matched 'government',1
government buy-in,Govt Management,high,matched 'government',1
government capacity and commitment,Govt Management,high,matched 'government capacity',1
government capacity building fund,Govt Management,high,'government capacity' over 'capacity build',1
government capital budget allocation,Govt Management,high,'government' over 'budget',1
government capital budget allocation to water services,Service Performance,high,'water service' over 'government',1
government commitment to coordination,Govt Management,high,'government commitment' over 'coordinat',1
government commitment to project handover,Govt Management,high,matched 'government commitment',1
government compliance with institutional mandates,Govt Management,medium,'government' over 'compliance',1
government contribution,Govt Management,high,matched 'government',1
government coordination,Govt Management,medium,'government' over 'coordinat',1
government coordination of water sector actors,Govt Management,medium,'government' over 'coordinat',1
government coordination policy,Govt Management,medium,'government' over 'coordinat',1
government coordination role,Govt Management,medium,'government' over 'coordinat',1
government cost-sharing,Govt Management,high,matched 'government',1
government dependency,Govt Management,high,matched 'government',1
government dependency for WASH,Govt Management,high,matched 'government',1
government education on resource exploitation,Govt Management,medium,'government' over 'education',1
government effort alone,Govt Management,high,matched 'government',1
government effort on sanitation awareness,Govt Management,medium,'government' over 'awareness',1
government encouragement of NGOs,Govt Management,high,'government' over 'ngos',1
government encouragement of stakeholders,Coordination,medium,'stakeholder' over 'government',1
government expenditure on maintaining existing schemes,Govt / External Finance,high,'government expenditure' over 'government',1
government expert hiring,Govt Management,high,matched 'government',1
government facilitation of community settlement,Govt Management,low,'government' over 'settlement',1
government finance,Govt / External Finance,high,'government finance' over 'government',1
government financial burden,Govt Management,high,matched 'government',1
government focus on capacity building,Capacity Building,high,'capacity build' over 'government',1
government focus on new infrastructure,Infrastructure,high,'infrastructure' over 'government',1
government focus on sanitation,Govt Management,high,matched 'government',1
government fuel provision,Govt Management,high,matched 'government',1
government fund release delays,Govt / External Finance,high,'government fund' over 'government',1
government funding to WSPs,Govt / External Finance,high,'government funding' over 'government',1
government funds for WASH,Govt / External Finance,high,'government fund' over 'government',1
government goodwill,Govt Management,high,matched 'government',1
government guidance to NGOs on priority areas,Govt Management,high,'government' over 'ngos',1
government inaction on factory pollution,Govt Management,medium,'government' over 'pollution',1
government initiative and leadership,Govt Management,high,matched 'government',1
government inspection and supervision,Monitoring,medium,'supervision' over 'government',1
government inspection of water finances,Govt Management,medium,'government' over 'inspection',1
government integration with stakeholders and community,Coordination,medium,'stakeholder' over 'government',1
government leadership and commitment,Govt Management,high,matched 'government',1
government leadership in coordination,Govt Management,medium,'government' over 'coordinat',1
government leading role in coordination,Govt Management,medium,'government' over 'coordinat',1
government machinery procurement,Private Sector,low,'procurement' over 'government',1
government maintenance burden,O&M,medium,'maintenance' over 'government',1
government maintenance fund policy,O&M,medium,'maintenance' over 'government',1
government monitoring,Govt Management,medium,'government' over 'monitoring',1
government monitoring and regulatory framework,Govt Management,medium,'government' over 'monitoring',1
government monitoring of NGO activities,Govt Management,medium,'government' over 'monitoring',1
government organization of youth waste collectors,Service Performance,high,'waste collect' over 'government',1
government oversight,Govt Management,high,'government oversight' over 'oversight',1
government oversight of budget,Govt Management,high,'government oversight' over 'oversight',1
government partnership in data collection,Monitoring,high,'data collection' over 'partnership',1
government permit issuance,Govt Management,high,'government' over 'permit',1
government personnel exemplary waste management behavior,Service Performance,high,'waste management' over 'government',1
government policy,Govt Management,high,'government' over 'policy',1
government policy for water committees,Community Management,high,'water committee' over 'government',1
government policy on multi-sector partnerships,Coordination,medium,'multi-sector' over 'government',1
government prioritization of sanitation,Govt Management,high,'government priorit' over 'prioritization',1
government pro-solar policy,Govt Management,high,'government' over 'solar',1
government program funding,Govt Management,high,'government' over 'funding',1
government program implementation,Infrastructure,high,'implementation' over 'government',1
government program quality and data,Govt Management,high,'government' over 'data',1
government project continuation,Govt Management,high,matched 'government',1
government proposal writing capacity,Govt Management,high,matched 'government',1
government rehabilitation funding,O&M,medium,'rehabilitat' over 'government',1
government research sharing with NGOs,Govt Management,high,'government' over 'ngos',1
government resource channeling to service providers,Private Sector,high,'service provider' over 'government',1
government resource control,Govt Management,high,matched 'government',1
government resource gap for water,Govt Management,high,matched 'government',1
government resource restraint,Govt Management,high,matched 'government',1
government responsiveness,Govt Management,high,matched 'government',1
government sanitation service attention,Service Performance,high,'sanitation service' over 'government',1
government sector management,Govt Management,high,matched 'government',1
government sector responsibility,Govt Management,high,matched 'government',1
government sedentarization strategy,Govt Management,high,'government' over 'strategy',1
government sewerage dumping service,Govt Management,medium,'government' over 'sewerage',1
government structure and systems,Govt Management,high,matched 'government structure',1
government subsidy dependency,Govt / External Finance,high,'government subsid' over 'government',1
government subsidy of preventive maintenance,Govt / External Finance,high,'government subsid' over 'maintenance',1
government supervision of coordination process,Monitoring,medium,'supervision' over 'government',1
government supervisory powers over water projects,Govt Management,high,'government' over 'supervis',1
government support,Govt / External Finance,high,'government support' over 'government',1
government support for WASH services,Govt / External Finance,high,'government support' over 'government',1
government training support,Govt Management,high,'government' over 'training',1
government transparency on factory pollution,Community Finance,low,'transparen' over 'government',1
government trust in NGOs,Govt Management,high,'government' over 'ngos',1
government water budget allocation,Govt Management,high,'government' over 'budget',1
government water office engagement during implementation,Infrastructure,high,'implementation' over 'government',1
government water scheme construction,Infrastructure,high,'scheme construction' over 'government',1
government water source allocation to sub counties,Govt Management,high,matched 'government',1
"government, community, and stakeholder cooperation",Coordination,medium,'cooperation' over 'government',1
government-NGO coordination,Govt Management,medium,'government' over 'coordinat',1
government-NGO-community collaboration,Govt Management,low,'government' over 'collaborat',1
government-NGO-community coordination,Govt Management,medium,'government' over 'coordinat',1
government-community communication,Govt Management,medium,'government' over 'community',1
government-community coordination hierarchy,Govt Management,medium,'government' over 'coordinat',1
government-community mobilization,Capacity Building,high,'community mobiliz' over 'government',1
government-community-NGO collaboration,Govt Management,low,'government' over 'collaborat',1
government-controlled designated disposal sites,Infrastructure,high,'disposal site' over 'government',1
government-dependent monitoring facilitation,Govt Management,medium,'government' over 'monitoring',1
government-development partner proposals,Coordination,high,'development partner' over 'government',1
government-led water scheme construction,Infrastructure,high,'scheme construction' over 'government',1
government-partner budget coordination,Govt Management,medium,'government' over 'coordinat',1
government-partner cooperation,Coordination,medium,'cooperation' over 'government',1
government-stakeholder collaboration,Coordination,medium,'stakeholder' over 'government',1
government/county technical experts,Govt Management,high,matched 'government',1
governmental stakeholder awareness,Coordination,medium,'stakeholder' over 'government',1
governmental stakeholder coordination,Coordination,medium,'stakeholder' over 'government',1
graduate student community engagement,Community Management,high,'community engagement' over 'community',1
grassroots catchment management,Environmental,high,matched 'catchment',1
gravity-fed water distribution,Service Performance,low,token-overlap fallback (29),1
grazing land provision,Laws + Regulations,low,token-overlap fallback (6),1
green and favorable environment,Environmental,high,matched 'environment',1
green energy adoption,Infrastructure,low,token-overlap fallback (2),1
green project seedling planting,Planning,low,token-overlap fallback (7),1
grid electricity access,Infrastructure,high,matched 'electricity',1
ground water availability,Service Performance,medium,'water availab' over 'ground water',1
ground water potential assessment,Environmental,high,'ground water' over 'assessment',1
ground water supply capacity,Service Performance,low,'water supply' over 'ground water',1
groundwater depletion,Environmental,high,matched 'groundwater',1
groundwater development,Environmental,high,matched 'groundwater',1
groundwater exploitation,Environmental,high,matched 'groundwater',1
groundwater infiltration,Environmental,high,matched 'groundwater',1
groundwater levels,Environmental,high,matched 'groundwater',1
groundwater mapping,Environmental,high,matched 'groundwater',1
groundwater potential map adherence,Environmental,high,matched 'groundwater',1
groundwater potential study,Environmental,high,'groundwater' over 'study',1
groundwater quality,Service Performance,high,'water quality' over 'groundwater',1
groundwater replenishment,Environmental,high,matched 'groundwater',1
groundwater salinity risk,Environmental,high,matched 'groundwater',1
groundwater scarcity,Service Performance,high,'water scarcity' over 'groundwater',1
groundwater treatment,Service Performance,high,'water treatment' over 'groundwater',1
group registration and constitution,Community / Users,low,no match — defaulted to Community / Users,1
group support,Govt / External Finance,low,token-overlap fallback (5),1
growing demand for water services,Service Performance,high,'water service' over 'demand',1
growth in manufacturing and service firms,Service Performance,low,token-overlap fallback (17),1
guidance of NGOs to priority areas,Coordination,medium,matched 'ngos',1
habit of using public toilets,Infrastructure,medium,'toilet' over 'public',1
hand hygiene practice,Community / Users,high,matched 'hygiene',1
hand pump mechanic training and tools,Infrastructure,medium,'hand pump' over 'mechanic',1
hand washing behavior,Community / Users,high,matched 'behavior',1
hand washing facilities near latrines,Infrastructure,high,matched 'facilities',1
hand washing practices,Infrastructure,low,token-overlap fallback (2),1
handover policy,Laws + Regulations,high,matched 'policy',1
handover to private manager,Private Sector,low,token-overlap fallback (11),1
handpump to solar pump conversion,Infrastructure,high,matched 'handpump',1
handwashing awareness,Community / Users,high,matched 'awareness',1
handwashing basin availability,Monitoring,low,token-overlap fallback (1),1
handwashing education,Community / Users,high,matched 'education',1
handwashing practice at latrines,Infrastructure,high,matched 'latrine',1
handwashing practices,Community / Users,low,no match — defaulted to Community / Users,1
haphazard waste disposal,Community / Users,low,token-overlap fallback (11),1
hardware quality of development partner installations,Coordination,high,'development partner' over 'installation',1
harmful sanitation behavior,Community / Users,high,matched 'behavior',1
hazardous waste control,Service Performance,low,token-overlap fallback (6),1
head of office tenure,Laws + Regulations,high,matched 'tenure',1
health and education bureau cooperation,Coordination,high,'cooperation' over 'education',1
health and environmental risks,Environmental,high,'environmental' over 'health',1
health burden,Community / Users,high,matched 'health',1
health care service providers,Private Sector,high,'service provider' over 'health',1
health center functioning,Service Performance,high,'functioning' over 'health',1
health consequences awareness,Community / Users,high,matched 'awareness',1
health crisis,Community / Users,high,matched 'health',1
"health effects on children, elderly, and animals",Community / Users,high,matched 'children',1
health extension program collaboration,Coordination,high,'collaborat' over 'health',1
health extension worker and kebele administrator collaboration,Coordination,high,'collaborat' over 'health',1
health extension worker capacity,Community / Users,high,matched 'health',1
health extension worker teaching,Community / Users,high,matched 'health',1
health extension worker training,Capacity Building,high,'training' over 'health',1
health facility as community example,Community / Users,low,'community' over 'facility',1
health hazards,Community / Users,high,matched 'health',1
health of residents near disposal area,Community / Users,high,matched 'resident',1
health office and water office coordination,Coordination,high,'coordinat' over 'health',1
health office emphasis on sanitation,Community / Users,high,matched 'health',1
health office engagement in water issues,Community / Users,high,matched 'health',1
health office medication delivery,Community / Users,high,matched 'health',1
health organization and municipal coordination,Govt Management,low,'municipal' over 'coordinat',1
health problems from poor sanitation,Community / Users,high,matched 'health',1
health program implementation,Infrastructure,high,'implementation' over 'health',1
health risks,Community / Users,high,matched 'health',1
health sector hygiene enforcement,Laws + Regulations,high,'enforcement' over 'hygiene',1
health sector knowledge sharing,Coordination,high,'knowledge sharing' over 'health',1
health sector responsiveness,Community / Users,high,matched 'health',1
health service quality,Service Performance,high,'service quality' over 'health',1
health worker burden,Community / Users,high,matched 'health',1
health worker workload,Community / Users,high,matched 'health',1
health worker–kebele coordination,Coordination,high,'coordinat' over 'health',1
health-related problems,Community / Users,high,matched 'health',1
healthcare treatment costs,Community / Users,high,matched 'health',1
healthy citizens,Community / Users,high,matched 'citizen',1
heavy machinery procurement,Private Sector,medium,'procurement' over 'machinery',1
high community engagement by NGO,Community Management,high,'community engagement' over 'community',1
high cost of replacement equipment,Infrastructure,high,matched 'equipment',1
high cost of water service provision,Service Performance,high,matched 'service provis',1
high evaporation rate,Planning,low,token-overlap fallback (2),1
high infrastructure costs,Infrastructure,high,matched 'infrastructure',1
high investment requirements,Govt / External Finance,high,matched 'investment',1
high mineral content in groundwater,Environmental,high,matched 'groundwater',1
high pumping head,Community / Users,low,no match — defaulted to Community / Users,1
high-ranking official awareness,Community / Users,medium,'awareness' over 'official',1
high-ranking officials coordination,Govt Management,low,'officials' over 'coordinat',1
higher official instruction to woreda and kebele bodies,Govt Management,high,matched 'official',1
higher-level government authority,Govt Management,high,matched 'government',1
hilly terrain,Environmental,high,matched 'terrain',1
hilly topography,Environmental,high,matched 'topography',1
hiring qualified personnel,Govt Management,high,matched 'personnel',1
holiday slaughter byproducts,Community / Users,low,no match — defaulted to Community / Users,1
horizontal and vertical coordination,Coordination,high,matched 'coordinat',1
hospital waste disposal in city center,Community / Users,low,token-overlap fallback (12),1
hospital waste management,Service Performance,high,matched 'waste management',1
hot climate and dust,Environmental,high,matched 'climate',1
hotel and industry sewage treatment,Service Performance,low,token-overlap fallback (2),1
hotel and restaurant environmental management,Environmental,high,matched 'environmental',1
hotel and restaurant sanitation,Service Performance,low,token-overlap fallback (10),1
hotel and restaurant waste management,Service Performance,high,matched 'waste management',1
hotel and structure wastewater discharge,Infrastructure,low,token-overlap fallback (1),1
hotel and tourism service,Service Performance,low,token-overlap fallback (17),1
hotel and tourism services,Community / Users,low,no match — defaulted to Community / Users,1
hotel compliance with sanitary regulations,Laws + Regulations,high,matched 'regulation',1
hotel compliance with waste management,Service Performance,high,'waste management' over 'compliance',1
hotel growth,Planning,low,token-overlap fallback (3),1
hotel liquid waste disposal,Service Performance,high,matched 'liquid waste',1
hotel use of septic tanks,Infrastructure,high,matched 'septic',1
hotel waste discharge to rivers,Service Performance,low,token-overlap fallback (6),1
hotel waste filtering scheme,Service Performance,low,token-overlap fallback (6),1
hours of water service,Service Performance,high,matched 'water service',1
house-in-house waste disposal education,Community / Users,high,matched 'education',1
household awards for sanitation practice,Community / Users,high,matched 'household',1
household dustbins,Community / Users,high,matched 'household',1
household latrine ownership,Community Management,medium,'ownership' over 'household',1
household outreach reach,Community / Users,medium,'household' over 'outreach',1
household roof water harvesting,Environmental,high,'water harvesting' over 'household',1
household sanitation,Community / Users,high,matched 'household',1
household septic tanks,Community / Users,high,'household' over 'septic',1
household solid and liquid waste disposal,Service Performance,high,'liquid waste' over 'household',1
household toilet access,Community / Users,high,'household' over 'toilet',1
household toilet facilities,Infrastructure,medium,'facilities' over 'household',1
household vegetable production,Community / Users,high,matched 'household',1
household waste disposal in ditches,Community / Users,high,matched 'household',1
household water consumption,Community / Users,high,matched 'household',1
household water line installation practices,Infrastructure,high,'installation' over 'household',1
household water service coverage,Service Performance,high,'service coverage' over 'household',1
household water treatment practices,Service Performance,high,'water treatment' over 'household',1
household water treatment tablets,Service Performance,high,'water treatment' over 'household',1
household-level health worker outreach,Community / Users,medium,'household' over 'outreach',1
human resource adequacy,Govt Management,high,matched 'human resource',1
human resource availability,Govt Management,high,matched 'human resource',1
human resource development,Infrastructure,high,'source development' over 'human resource',1
human resource gaps,Govt Management,high,matched 'human resource',1
human resources and technical capacity,Govt Management,high,matched 'human resource',1
human wellbeing,Community / Users,high,matched 'wellbeing',1
hybrid pumping systems,Community / Users,low,no match — defaulted to Community / Users,1
hybrid solar-generator system,Infrastructure,high,matched 'generator',1
hydrogeological survey quality,Planning,high,matched 'survey',1
hydrogeological survey technology,Infrastructure,high,'technology' over 'survey',1
hydrogeological surveys,Planning,high,matched 'survey',1
hydrogeology study,Environmental,high,'geology' over 'study',1
hygiene,Community / Users,high,matched 'hygiene',1
hygiene and sanitation,Community / Users,high,matched 'hygiene',1
hygiene and sanitation awareness creation,Capacity Building,high,'awareness creation' over 'awareness',1
hygiene and sanitation education coverage,Capacity Building,high,'sanitation education' over 'coverage',1
hygiene and sanitation promotion,Community / Users,high,matched 'hygiene',1
hygiene and sanitation standards,Laws + Regulations,medium,'standard' over 'hygiene',1
hygiene and sanitation-related diseases,Community / Users,high,matched 'hygiene',1
hygiene awareness among students,Community / Users,high,matched 'awareness',1
hygiene clubs in schools,Community / Users,high,matched 'hygiene',1
hygiene education effectiveness,Capacity Building,high,'hygiene education' over 'education',1
hygiene standards,Laws + Regulations,medium,'standard' over 'hygiene',1
hygiene task facilitation,Community / Users,high,matched 'hygiene',1
hygienic awareness,Community / Users,high,matched 'awareness',1
identification and reporting of water scheme problems,Monitoring,high,matched 'reporting',1
identification and resolution of water scheme problems,Service Performance,low,token-overlap fallback (29),1
identification of collaboration opportunities,Coordination,high,matched 'collaborat',1
identification of low-fluoride water sources,Service Performance,low,token-overlap fallback (29),1
identification of organizational gaps and strengths,Community / Users,low,no match — defaulted to Community / Users,1
identification of potential water areas,Service Performance,low,token-overlap fallback (29),1
identification of pure water sources,Service Performance,low,token-overlap fallback (30),1
identification of water scheme problems,Service Performance,low,token-overlap fallback (29),1
identification of water service problem areas,Service Performance,high,matched 'water service',1
identification of water service problems,Service Performance,high,matched 'water service',1
idle equipment redeployment,Infrastructure,high,matched 'equipment',1
illegal connections,Community / Users,low,token-overlap fallback (2),1
illegal liquid waste disposal on farmland,Service Performance,high,matched 'liquid waste',1
illegal sanitation actions,Service Performance,low,token-overlap fallback (10),1
illegal waste dumping,Community / Users,low,token-overlap fallback (8),1
immediate spare parts procurement,O&M,low,'spare part' over 'procurement',1
implementation accountability,Infrastructure,high,'implementation' over 'accountab',1
implementation capacity,Infrastructure,high,matched 'implementation',1
implementation capacity of sector offices,Infrastructure,high,matched 'implementation',1
implementation challenges,Infrastructure,high,matched 'implementation',1
implementation effectiveness,Infrastructure,high,matched 'implementation',1
implementation follow-up,Infrastructure,high,'implementation' over 'follow-up',1
implementation of agreed solutions,Infrastructure,high,matched 'implementation',1
implementation of learned skills,Infrastructure,high,matched 'implementation',1
implementation of sanitation and hygiene programs,Community / Users,high,'sanitation and hygiene' over 'implementation',1
implementation of solutions,Infrastructure,high,matched 'implementation',1
implementation problems,Infrastructure,high,matched 'implementation',1
implementation quality,Infrastructure,high,matched 'implementation',1
implementer failure to engage community,Community / Users,high,matched 'community',1
implementer protection from political pressure,Politics,high,matched 'politic',1
improper individual waste disposal,Community / Users,low,token-overlap fallback (15),1
improper liquid waste disposal,Service Performance,high,matched 'liquid waste',1
improper liquid waste handling,Service Performance,high,matched 'liquid waste',1
improper septic tank construction,Infrastructure,high,matched 'construction',1
improper site selection,Planning,high,'site selection' over 'election',1
improper solid waste disposal,Service Performance,high,matched 'solid waste',1
improper underground waste disposal,Community / Users,low,token-overlap fallback (15),1
improper waste disposal by residents,Community / Users,high,matched 'improper waste disposal',1
improper waste disposal in rivers and ditches,Community / Users,high,matched 'improper waste disposal',1
improper waste disposal practices,Community / Users,high,matched 'improper waste disposal',1
improper waste dumping in common places,Community / Users,low,token-overlap fallback (10),1
improved WASH planning,Planning,high,matched 'planning',1
improved feasibility study technology,Infrastructure,low,'technology' over 'feasibility',1
improved latrine and handwashing services,Infrastructure,high,matched 'latrine',1
improved research method,Community / Users,low,no match — defaulted to Community / Users,1
improved water supply,Service Performance,high,matched 'water supply',1
impure/contaminated water,Community / Users,high,matched 'contaminat',1
in-house technical expertise,Govt Management,high,matched 'expert',1
inactive management committees,Community Management,high,matched 'management committee',1
inadequate budget,Govt / External Finance,high,matched 'budget',1
inadequate housing conditions,Community / Users,low,no match — defaulted to Community / Users,1
inadequate waste disposal,Community / Users,low,token-overlap fallback (11),1
inappropriate technology system,Infrastructure,high,matched 'technology',1
inappropriate waste disposal,Community / Users,low,token-overlap fallback (11),1
incentive system for staff,Govt Management,high,matched 'incentive',1
incentives for field experts,Govt Management,high,matched 'incentive',1
incentives for local skilled workers,Govt Management,high,matched 'incentive',1
income and economic activity,Private Sector,medium,'economic' over 'income',1
income collection timeliness,Community Finance,high,matched 'income',1
income from waste disposal service,Community Finance,high,matched 'income',1
income generation from waste,Community Finance,high,matched 'income',1
income potential from solid waste collection,Service Performance,high,'waste collect' over 'income',1
incomplete sewerage system in latrines,Infrastructure,high,matched 'sewerage',1
inconvenient topography,Environmental,high,matched 'topography',1
incorrect water source identification,Service Performance,low,token-overlap fallback (29),1
independent operation of water schemes,Service Performance,low,token-overlap fallback (29),1
independent sector missions,Coordination,low,token-overlap fallback (3),1
indigenous community knowledge,Community / Users,high,matched 'community knowledge',1
indigenous knowledge,Coordination,low,token-overlap fallback (1),1
indigenous knowledge access,Service Performance,low,token-overlap fallback (7),1
indigenous tree planting near water points,Environmental,medium,'tree planting' over 'water point',1
indiscriminate waste dumping,Service Performance,low,token-overlap fallback (7),1
individual and company responsibility,Private Sector,high,matched 'company',1
individual compost production from waste,Service Performance,low,token-overlap fallback (6),1
individual connections from borehole,Infrastructure,high,matched 'borehole',1
individual hygiene,Community / Users,high,matched 'hygiene',1
individual landowner objections,Community / Users,low,no match — defaulted to Community / Users,1
individual responsibility for sanitation,Service Performance,low,token-overlap fallback (10),1
individual sense of responsibility,Community Management,low,token-overlap fallback (2),1
individual water connections,Service Performance,low,token-overlap fallback (29),1
individual/private management model,Private Sector,low,token-overlap fallback (11),1
individualized household waste disposal,Community / Users,high,matched 'household',1
industrial and hotel liquid waste discharge,Service Performance,high,matched 'liquid waste',1
industrial and institutional expansion,Infrastructure,high,matched 'expansion',1
industrial borehole development,Infrastructure,high,matched 'borehole',1
industrial compliance with waste management laws,Service Performance,high,'waste management' over 'compliance',1
industrial discharge into rivers,Community / Users,low,no match — defaulted to Community / Users,1
industrial effluent pollution,Environmental,high,matched 'pollution',1
industrial environmental pollution,Environmental,high,matched 'environmental',1
industrial financial contribution,Govt / External Finance,low,token-overlap fallback (8),1
industrial liquid waste discharge,Service Performance,high,matched 'liquid waste',1
industrial liquid waste treatment,Infrastructure,high,'waste treatment' over 'liquid waste',1
industrial participation in sanitation,Community Management,high,matched 'participation',1
industrial pollution,Environmental,high,matched 'pollution',1
industrial septic tanks and treatment plants,Infrastructure,high,matched 'treatment plant',1
industrial waste compliance,Laws + Regulations,high,matched 'compliance',1
industrial waste discharge,Service Performance,low,token-overlap fallback (6),1
industrial waste disposal,Community / Users,low,token-overlap fallback (11),1
industrial waste disposal practices,Community / Users,high,matched 'waste disposal practice',1
industrial waste management,Service Performance,high,matched 'waste management',1
industrial waste pollution,Environmental,high,matched 'pollution',1
industrial waste recycling and treatment,Service Performance,low,token-overlap fallback (7),1
industrial waste separation,Service Performance,low,token-overlap fallback (6),1
industrial waste treatment,Infrastructure,high,matched 'waste treatment',1
industrial water treatment plants,Service Performance,low,'water treatment' over 'treatment plant',1
industry and environmental impact management,Environmental,high,matched 'environmental',1
industry and investment expansion,Govt / External Finance,medium,'investment' over 'expansion',1
industry feedback from WASH forums,Coordination,high,matched 'wash forum',1
industry monitoring,Monitoring,high,matched 'monitoring',1
industry priority at disposal sites,Infrastructure,high,matched 'disposal site',1
industry waste compliance,Laws + Regulations,high,matched 'compliance',1
industry waste disposal standards enforcement,Laws + Regulations,high,matched 'enforcement',1
information about rainwater harvesting,Environmental,high,matched 'rainwater harvest',1
information dissemination from users to technical department,Community / Users,medium,matched 'users',1
information exchange on priority areas,Coordination,low,token-overlap fallback (1),1
information flow among stakeholders,Coordination,high,matched 'stakeholder',1
information flow to beneficiaries,Service Performance,low,token-overlap fallback (1),1
information gap between stakeholders,Coordination,high,matched 'stakeholder',1
information gaps,Coordination,low,token-overlap fallback (1),1
information gaps between woreda and zonal stakeholders,Coordination,high,'stakeholder' over 'woreda',1
information on water facility conditions,Infrastructure,high,matched 'facility',1
information recording and storing system,O&M,low,token-overlap fallback (2),1
information sharing among partners,Coordination,high,matched 'information sharing',1
information sharing between water officers and communities,Coordination,high,'information sharing' over 'officer',1
information sharing effectiveness,Coordination,high,matched 'information sharing',1
information sharing in procurement process,Coordination,high,'information sharing' over 'procurement',1
information sharing on project status,Coordination,high,matched 'information sharing',1
infrastructure adequacy,Infrastructure,high,matched 'infrastructure',1
infrastructure age,Infrastructure,high,matched 'infrastructure',1
infrastructure aging,Infrastructure,high,matched 'infrastructure',1
infrastructure and running costs,Infrastructure,medium,'infrastructure' over 'running cost',1
infrastructure care,Infrastructure,high,matched 'infrastructure',1
infrastructure care and maintenance,Infrastructure,high,'infrastructure' over 'maintenance',1
infrastructure costs,Infrastructure,high,matched 'infrastructure',1
infrastructure coverage,Infrastructure,high,'infrastructure' over 'coverage',1
infrastructure coverage in new neighborhoods,Infrastructure,high,'infrastructure' over 'coverage',1
infrastructure damage repair,Infrastructure,high,'infrastructure' over 'repair',1
infrastructure decay,Infrastructure,high,matched 'infrastructure',1
infrastructure development funding,Infrastructure,high,'infrastructure' over 'funding',1
infrastructure development in settlement areas,Infrastructure,high,'infrastructure' over 'settlement',1
infrastructure failure,Infrastructure,high,matched 'infrastructure',1
infrastructure improvement effectiveness,Infrastructure,high,matched 'infrastructure',1
infrastructure installation,Infrastructure,high,matched 'infrastructure',1
infrastructure installation cost,Infrastructure,high,matched 'infrastructure',1
infrastructure investment,Infrastructure,high,'infrastructure' over 'investment',1
infrastructure investment success,Infrastructure,high,'infrastructure' over 'investment',1
infrastructure longevity,Infrastructure,high,'infrastructure' over 'longevity',1
infrastructure maintenance commitment,Infrastructure,high,'infrastructure' over 'maintenance',1
infrastructure monitoring,Infrastructure,high,'infrastructure' over 'monitoring',1
infrastructure planning appropriateness,Infrastructure,high,'infrastructure' over 'planning',1
infrastructure project implementation,Infrastructure,high,matched 'project implementation',1
infrastructure project prioritization,Infrastructure,medium,'infrastructure' over 'prioritization',1
infrastructure project selection,Infrastructure,high,'infrastructure' over 'election',1
infrastructure repairs,Infrastructure,high,'infrastructure' over 'repair',1
infrastructure sabotage,Infrastructure,high,'infrastructure' over 'sabotage',1
infrastructure selection,Infrastructure,high,'infrastructure' over 'election',1
infrastructure servicing capacity,Infrastructure,high,'infrastructure' over 'servicing',1
infrastructure type selection,Infrastructure,high,'infrastructure' over 'election',1
infrastructure upgrade,Infrastructure,high,matched 'infrastructure',1
initial capital for recycling programs,Govt / External Finance,low,token-overlap fallback (1),1
innovative water management practices,Service Performance,low,token-overlap fallback (30),1
inspection and supervision system,Monitoring,high,matched 'supervision',1
institution self-supply development,Infrastructure,low,token-overlap fallback (4),1
institutional WASH condition at health facilities,Infrastructure,high,'facilities' over 'health',1
institutional WASH service,Service Performance,low,token-overlap fallback (17),1
institutional awareness of waste disposal consequences,Community / Users,high,matched 'awareness',1
institutional budget allocation,Govt / External Finance,high,matched 'budget',1
institutional commitment,Govt Management,low,token-overlap fallback (2),1
institutional compliance with waste regulations,Laws + Regulations,high,matched 'regulation',1
institutional consistency,Govt Management,low,token-overlap fallback (1),1
institutional coordination between county government and NGOs,Govt Management,medium,'government' over 'coordinat',1
institutional expansion,Infrastructure,high,matched 'expansion',1
institutional fragmentation,Govt Management,low,token-overlap fallback (1),1
institutional integration across sectors,Coordination,high,matched 'integration',1
institutional knowledge retention,Govt Management,high,matched 'retention',1
institutional memory retention,Govt Management,high,matched 'retention',1
institutional support for water utility,Govt Management,high,matched 'utility',1
institutional system,O&M,low,token-overlap fallback (2),1
institutional water points,Infrastructure,high,matched 'water point',1
insufficient community training,Community / Users,medium,'community' over 'training',1
insufficient water infrastructure,Infrastructure,high,matched 'infrastructure',1
insurance mechanism for water schemes,Service Performance,low,token-overlap fallback (29),1
integrated WASH committee effectiveness,Community Management,high,matched 'wash committee',1
integrated and coordinated efforts,Coordination,high,matched 'coordinat',1
integrated billing system for waste services,Community Finance,high,matched 'billing',1
integrated development,Infrastructure,low,token-overlap fallback (3),1
integrated functional adult literacy model,Service Performance,high,'functional' over 'literacy',1
integrated infrastructure development,Infrastructure,high,matched 'infrastructure',1
integrated multi-sector work,Coordination,high,matched 'multi-sector',1
integrated sanitation approach,Service Performance,low,token-overlap fallback (10),1
integrated strategic plan,Planning,high,matched 'strategic',1
integrated waste-water billing system,Community Finance,high,matched 'water bill',1
integrated water projects,Service Performance,low,token-overlap fallback (29),1
integration and coordination among kebele leadership,Coordination,medium,'integration' over 'leadership',1
integration into formal water sector,Coordination,high,matched 'integration',1
integration of sanitation activities and schedules,Coordination,high,matched 'integration',1
integration of training and infrastructure support,Infrastructure,high,'infrastructure' over 'integration',1
integration of water services with education and health,Service Performance,high,'water service' over 'integration',1
integration of water structures,Coordination,high,matched 'integration',1
inter-NGO coordination,Coordination,high,matched 'coordinat',1
inter-NGO partnerships,Coordination,high,matched 'partnership',1
inter-actor knowledge sharing,Coordination,high,matched 'knowledge sharing',1
inter-agency collaboration,Coordination,high,matched 'inter-agency',1
"inter-agency collaboration (health, municipality, water)",Coordination,high,'inter-agency' over 'municipal',1
inter-agency conflict,Coordination,high,matched 'inter-agency',1
inter-agency consultation,Coordination,high,matched 'inter-agency',1
inter-agency cooperation,Coordination,high,matched 'inter-agency',1
inter-agency coordinated planning,Coordination,high,'inter-agency' over 'planning',1
inter-agency coordination (municipality and kebele),Coordination,high,'inter-agency' over 'municipal',1
inter-agency implementation,Infrastructure,high,'implementation' over 'inter-agency',1
inter-agency material support,Coordination,high,matched 'inter-agency',1
inter-agency network strength,Coordination,high,matched 'inter-agency',1
inter-agency payment agreement,Coordination,high,'inter-agency' over 'payment',1
inter-agency task sharing,Coordination,high,matched 'inter-agency',1
inter-agency understanding,Coordination,high,matched 'inter-agency',1
inter-bureau collaboration,Coordination,high,matched 'collaborat',1
inter-bureau coordination,Coordination,high,matched 'coordinat',1
"inter-bureau synergy (health, education, women and children)",Community / Users,medium,'education' over 'synergy',1
inter-community disputes,Community / Users,high,matched 'community',1
inter-departmental coordination,Coordination,high,matched 'coordinat',1
inter-institutional sanitation training,Coordination,high,'inter-institutional' over 'training',1
inter-level coordination,Coordination,high,matched 'coordinat',1
inter-locality experience sharing,Coordination,high,matched 'experience sharing',1
inter-office coordination effectiveness,Coordination,high,matched 'inter-office',1
inter-office information sharing,Coordination,high,matched 'information sharing',1
inter-office support,Coordination,high,matched 'inter-office',1
inter-organizational communication,Coordination,high,matched 'inter-organiz',1
inter-organizational coordination at field level,Coordination,high,matched 'inter-organiz',1
inter-partner information sharing,Coordination,high,matched 'information sharing',1
inter-sector WASH coordination,Coordination,high,matched 'inter-sector',1
inter-sector collaboration,Coordination,high,matched 'inter-sector',1
inter-sector communication,Coordination,high,matched 'inter-sector',1
inter-sector coordination at woreda level,Coordination,high,'inter-sector' over 'woreda',1
inter-sector coordination effectiveness,Coordination,high,matched 'inter-sector',1
inter-sector learning,Coordination,high,matched 'inter-sector',1
inter-sector meetings,Coordination,high,matched 'inter-sector',1
inter-sector priority given to water and sanitation,Coordination,high,matched 'inter-sector',1
inter-sector relations,Coordination,high,matched 'inter-sector',1
inter-sector responsibility diffusion,Coordination,high,matched 'inter-sector',1
inter-sector stream committee,Coordination,high,'inter-sector' over 'committee',1
inter-sectoral coordination,Coordination,high,matched 'inter-sector',1
inter-sectoral coordination with public,Coordination,high,'inter-sector' over 'public',1
inter-town learning and experience exchange,Coordination,low,token-overlap fallback (8),1
interaction with national and county government and regulatory bodies,Govt Management,medium,'government' over 'regulatory',1
internal conflict in committee,Community Management,high,matched 'committee',1
internal financial controls,Govt / External Finance,low,token-overlap fallback (8),1
international and NGO funding,Govt / External Finance,high,'ngo funding' over 'ngo',1
internet and computer availability,Monitoring,low,token-overlap fallback (1),1
intersectoral coordination,Coordination,high,matched 'intersector',1
intervention planning,Planning,high,matched 'planning',1
intervention selection,Politics,high,matched 'election',1
intervention targeting,Govt Management,low,token-overlap fallback (1),1
intra-organizational coordination,Coordination,high,matched 'coordinat',1
investigation of project failures,Planning,low,token-overlap fallback (7),1
investment activity expansion,Govt / External Finance,medium,'investment' over 'expansion',1
investment and tourism,Govt / External Finance,high,matched 'investment',1
investment and tourism attraction,Govt / External Finance,high,matched 'investment',1
investment cost,Govt / External Finance,high,matched 'investment',1
investment impact,Govt / External Finance,high,matched 'investment',1
investment in sustainable water infrastructure,Infrastructure,high,'infrastructure' over 'investment',1
investment in well development,Govt / External Finance,high,'investment' over 'well',1
investor participation in WASH,Community Management,high,'participation' over 'investor',1
investor support,Private Sector,high,matched 'investor',1
investor water point construction,Infrastructure,high,'construction' over 'investor',1
involvement of health and education sectors in WASH,Community / Users,high,matched 'education',1
irrigation,Community / Users,high,matched 'irrigation',1
irrigation potential,Community / Users,high,matched 'irrigation',1
irrigation use of river water,Community / Users,high,'irrigation' over 'river',1
irrigation water supply,Service Performance,high,'water supply' over 'irrigation',1
joint NGO machinery sharing,Infrastructure,high,'machinery' over 'ngo',1
joint WASH planning,Planning,high,matched 'planning',1
joint activity planning among stakeholders,Coordination,high,'stakeholder' over 'planning',1
joint evaluation of WASH implementation,Infrastructure,high,'implementation' over 'evaluation',1
joint multi-sector awareness campaigns,Capacity Building,high,'awareness campaign' over 'multi-sector',1
joint partnership projects,Coordination,high,matched 'partnership',1
joint planning,Coordination,high,'joint planning' over 'planning',1
joint planning with partners,Coordination,high,'joint planning' over 'planning',1
joint sanitation operations,Service Performance,low,token-overlap fallback (10),1
joint sector planning,Planning,high,matched 'planning',1
joint sectoral action,Coordination,low,token-overlap fallback (2),1
kebele administration engagement in construction and management,Govt Management,medium,'administration' over 'construction',1
kebele and village bylaws,Community / Users,low,no match — defaulted to Community / Users,1
kebele budget,Govt / External Finance,high,matched 'budget',1
kebele leadership accountability,Govt Management,medium,'leadership' over 'accountab',1
kebele monitoring,Monitoring,high,matched 'monitoring',1
kebele representative and city administration coordination,Govt Management,high,'city administration' over 'coordinat',1
kebele representative coordination with learning alliance,Coordination,high,matched 'learning alliance',1
kebele revenue collection,Community Finance,high,matched 'revenue collection',1
kebele stakeholder capacity,Coordination,high,matched 'stakeholder',1
kebele waste collection coverage,Service Performance,high,matched 'waste collect',1
khat addiction,Community / Users,low,no match — defaulted to Community / Users,1
kiosk revenue remittance to committee,Community Management,high,'committee' over 'revenue',1
knowledge and experience sharing,Coordination,high,matched 'experience sharing',1
knowledge and resource sharing,Coordination,low,token-overlap fallback (5),1
knowledge of county WASH investments,Govt / External Finance,high,matched 'investment',1
knowledge of harm and benefit,Coordination,low,token-overlap fallback (1),1
knowledge of non-functional water schemes,Service Performance,high,matched 'non-functional',1
knowledge of riparian areas,Coordination,low,token-overlap fallback (1),1
knowledge of stakeholder locations and activities,Coordination,high,matched 'stakeholder',1
knowledge of stakeholder plans and activities,Coordination,high,matched 'stakeholder',1
knowledge of unserved areas,Coordination,low,token-overlap fallback (1),1
knowledge of water source and service area,Service Performance,low,token-overlap fallback (46),1
knowledge on rural water scheme management,O&M,high,matched 'water scheme management',1
knowledge-practice gap,Community / Users,low,token-overlap fallback (2),1
knowledgeable MCAs,Community / Users,low,no match — defaulted to Community / Users,1
labor division among institutions,Community Management,low,token-overlap fallback (1),1
laboratory access,Service Performance,low,token-overlap fallback (7),1
lack of commitment from WASH coordination office and finance bureau,Coordination,medium,'coordinat' over 'finance',1
lack of coordination,Coordination,high,matched 'coordinat',1
lack of electricity at facilities,Infrastructure,high,matched 'electricity',1
lack of expertise,Govt Management,high,matched 'expert',1
lack of inter-NGO coordination,Coordination,high,matched 'coordinat',1
lack of maintenance,O&M,high,matched 'maintenance',1
lack of ownership,Community Management,high,matched 'ownership',1
lack of precautionary measures,Community / Users,low,no match — defaulted to Community / Users,1
lack of trust,Community / Users,low,token-overlap fallback (1),1
land acquisition for public latrines,Laws + Regulations,high,'land acquisition' over 'latrine',1
land acquisition issues,Laws + Regulations,high,matched 'land acquisition',1
land agreement registration with government offices,Govt Management,high,matched 'government',1
land allocation for liquid disposal infrastructure,Infrastructure,low,'infrastructure' over 'land allocation',1
land allocation for waste enterprises,Laws + Regulations,high,'land allocation' over 'enterprise',1
land availability,Laws + Regulations,low,token-overlap fallback (6),1
land compensation for dumping site,Infrastructure,high,matched 'dumping site',1
land compensation payment,Community Finance,high,matched 'payment',1
land compensation to farmers,Community / Users,high,matched 'farmer',1
land contract renewal,Laws + Regulations,low,token-overlap fallback (6),1
land dispute resolution,Laws + Regulations,high,matched 'land dispute',1
land donation guidelines,Laws + Regulations,high,matched 'guideline',1
land owner compensation process,Laws + Regulations,low,token-overlap fallback (7),1
land ownership clarity,Laws + Regulations,high,'land ownership' over 'ownership',1
land use in upper catchment areas,Environmental,high,matched 'catchment',1
land use regulation enforcement,Laws + Regulations,high,matched 'enforcement',1
landfill construction,Infrastructure,high,matched 'construction',1
landfill site and additional waste trucks,Infrastructure,high,matched 'landfill',1
landfill site availability,Infrastructure,high,matched 'landfill',1
landfill site preparation,Infrastructure,high,matched 'landfill',1
large establishment compliance with drainage service,Laws + Regulations,medium,'compliance' over 'drainage',1
large infrastructure construction,Infrastructure,high,matched 'infrastructure',1
large water tanks,Service Performance,low,token-overlap fallback (29),1
large-scale water scheme maintenance,O&M,high,matched 'maintenance',1
last mile connectivity project,Planning,low,token-overlap fallback (7),1
latrine and handwashing services,Infrastructure,high,matched 'latrine',1
latrine conditions,Infrastructure,high,matched 'latrine',1
latrine construction material quality,Infrastructure,high,matched 'construction',1
latrine contamination,Community / Users,high,'contaminat' over 'latrine',1
latrine emptying affordability,Community Finance,medium,'affordab' over 'latrine',1
latrine emptying service cost,O&M,high,'service cost' over 'latrine',1
latrine facility damage,Infrastructure,high,matched 'facility',1
latrine fence,Infrastructure,high,matched 'latrine',1
latrine hygiene practices,Infrastructure,medium,'latrine' over 'hygiene',1
latrine leadership quality,Govt Management,high,'leadership' over 'latrine',1
latrine location,Infrastructure,high,matched 'latrine',1
latrine maintenance capacity,O&M,high,'maintenance' over 'latrine',1
latrine management system,Infrastructure,high,matched 'latrine',1
latrine mismanagement,Govt Management,medium,'mismanage' over 'latrine',1
latrine operational sustainability,Sustainability,high,'sustainab' over 'latrine',1
latrine pumping,Infrastructure,high,matched 'latrine',1
latrine pumping services,Infrastructure,high,matched 'latrine',1
latrine sanitation service,Service Performance,high,'sanitation service' over 'latrine',1
latrine service sustainability,Sustainability,high,'service sustainability' over 'latrine',1
latrine sustainability,Sustainability,high,'sustainab' over 'latrine',1
latrine sustainability in rainy season,Sustainability,high,'sustainab' over 'latrine',1
latrine upgrade,Infrastructure,high,matched 'latrine',1
latrine use,Infrastructure,high,matched 'latrine',1
latrine use and handwashing practices,Infrastructure,high,matched 'latrine',1
latrine user fee,Community Finance,medium,'user fee' over 'latrine',1
latrine utilization,Infrastructure,high,matched 'latrine',1
latrine waste discharge into drainage,Infrastructure,high,matched 'drainage',1
latrine waste disposal,Infrastructure,high,matched 'latrine',1
latrine waste management,Service Performance,high,'waste management' over 'latrine',1
latrine water and handwashing facilities,Infrastructure,high,matched 'facilities',1
latrine-managing committee activity,Community Management,medium,'committee' over 'latrine',1
laundry wastewater management,O&M,low,token-overlap fallback (6),1
laundry wastewater on streets,Community / Users,low,no match — defaulted to Community / Users,1
law and enforcement on polluting institutions,Laws + Regulations,high,'enforcement' over 'pollut',1
law enforcement,Laws + Regulations,high,matched 'enforcement',1
laws enforcing water scheme maintenance,O&M,high,'maintenance' over 'laws',1
leader role modeling,Govt Management,low,token-overlap fallback (1),1
leadership accountability,Govt Management,medium,'leadership' over 'accountab',1
leadership and professional capacity,Govt Management,high,matched 'professional',1
leadership awareness creation platform,Capacity Building,high,'awareness creation' over 'leadership',1
leadership change,Govt Management,high,matched 'leadership',1
leadership commitment,Govt Management,high,matched 'leadership',1
leadership involvement in sanitation coordination,Govt Management,medium,'leadership' over 'coordinat',1
leadership motivation,Govt Management,high,matched 'leadership',1
leadership prioritization of sanitation,Planning,high,'prioritization' over 'leadership',1
leadership skills,Govt Management,high,matched 'leadership',1
leadership succession,Govt Management,high,matched 'leadership',1
learning alliance support for sanitation improvement,Service Performance,medium,'sanitation improv' over 'learning alliance',1
learning and experience sharing platforms,Coordination,high,matched 'experience sharing',1
learning institution partnerships,Coordination,high,matched 'partnership',1
leather industry chemical discharge,Community / Users,low,no match — defaulted to Community / Users,1
legal accountability for scheme management,O&M,high,'scheme management' over 'accountab',1
legal authority to penalize committees,Community Management,high,'committee' over 'legal',1
legal enforcement,Laws + Regulations,high,matched 'enforcement',1
legal enforcement mechanisms,Laws + Regulations,high,matched 'enforcement',1
legal framework for environmental protection,Environmental,high,'environmental' over 'legal',1
legal framework for waste management,Service Performance,high,'waste management' over 'legal',1
legal framework for water schemes,Laws + Regulations,medium,matched 'legal',1
legal framework on sewage treatment,Laws + Regulations,medium,matched 'legal',1
legal instruments for fund misappropriation,Govt / External Finance,high,'fund misappropriat' over 'legal',1
legal measures and penalties,Laws + Regulations,high,matched 'penalt',1
legal penalty for fund mismanagement,Govt / External Finance,high,'fund mismanage' over 'mismanage',1
legal regulation of hotel waste,Laws + Regulations,high,matched 'regulation',1
legal site ownership,Community Management,high,'ownership' over 'legal',1
legal status of committees,Community Management,high,'committee' over 'legal',1
legal waste dumping site,Infrastructure,high,'dumping site' over 'legal',1
legal/regulatory framework,Laws + Regulations,high,matched 'regulatory',1
lessons from experienced organizations,Community / Users,low,no match — defaulted to Community / Users,1
licensing sector enforcement,Laws + Regulations,high,matched 'enforcement',1
limited budget,Govt / External Finance,high,matched 'budget',1
limited mandate of WASH coordination office,Coordination,high,'coordinat' over 'mandate',1
limited road access,Infrastructure,medium,matched 'road',1
linkage with existing project actors in area,Planning,low,token-overlap fallback (7),1
linkage with maintenance service providers,Private Sector,high,'service provider' over 'maintenance',1
links to quality repair and maintenance service providers,Private Sector,high,'service provider' over 'maintenance',1
liquid sanitation system adequacy,Service Performance,low,token-overlap fallback (12),1
liquid waste accumulation,Service Performance,high,matched 'liquid waste',1
liquid waste and pit emptying service,Service Performance,high,matched 'liquid waste',1
liquid waste collection and disposal,Service Performance,high,matched 'waste collect',1
liquid waste collection services,Service Performance,high,matched 'waste collection service',1
liquid waste contamination,Service Performance,high,'liquid waste' over 'contaminat',1
liquid waste discharge to drainage,Service Performance,high,'liquid waste' over 'drainage',1
liquid waste disposal adequacy,Service Performance,high,matched 'liquid waste',1
liquid waste disposal methods,Service Performance,high,matched 'liquid waste',1
liquid waste disposal site,Infrastructure,medium,'disposal site' over 'liquid waste',1
liquid waste disposal site functionality,Service Performance,low,'functionality' over 'disposal site',1
liquid waste disposal site preparation,Infrastructure,medium,'disposal site' over 'liquid waste',1
liquid waste dump site,Service Performance,high,'liquid waste' over 'dump site',1
liquid waste dump site availability,Service Performance,high,'liquid waste' over 'dump site',1
liquid waste dump site relocation,Service Performance,high,'liquid waste' over 'dump site',1
liquid waste evaporation,Service Performance,high,matched 'liquid waste',1
liquid waste filtering schemes,Service Performance,high,matched 'liquid waste',1
liquid waste flooding,Service Performance,high,'liquid waste' over 'flooding',1
liquid waste flooding of residential houses,Service Performance,high,'liquid waste' over 'flooding',1
liquid waste generation,Service Performance,high,matched 'liquid waste',1
liquid waste ground absorption,Service Performance,high,matched 'liquid waste',1
liquid waste in open ditches,Service Performance,high,matched 'liquid waste',1
liquid waste infrastructure suitability,Infrastructure,medium,'infrastructure' over 'liquid waste',1
liquid waste overflow,Service Performance,high,matched 'liquid waste',1
liquid waste processing,Service Performance,high,matched 'liquid waste',1
liquid waste river pollution,Service Performance,high,'liquid waste' over 'pollution',1
liquid waste system effectiveness,Service Performance,high,matched 'liquid waste',1
liquid waste temporary reservoirs,Service Performance,high,'liquid waste' over 'reservoir',1
liquid waste transport,Service Performance,high,'liquid waste' over 'transport',1
liquid waste treatment coverage,Infrastructure,high,'waste treatment' over 'liquid waste',1
liquid waste truck adequacy,Service Performance,high,'liquid waste' over 'truck',1
liquid waste trucks,Service Performance,high,matched 'liquid waste',1
littering,Community / Users,high,matched 'littering',1
livestock health,Community / Users,high,matched 'livestock',1
livestock water access,Service Performance,high,'water access' over 'livestock',1
living conditions,Community / Users,low,token-overlap fallback (1),1
living standard,Community / Users,high,'living standard' over 'standard',1
living standards,Community / Users,high,'living standard' over 'standard',1
loan repayment obligation,Community Finance,high,matched 'payment',1
local adoption of RO systems,Govt Management,low,token-overlap fallback (2),1
local artisan capacity,Govt Management,low,token-overlap fallback (7),1
local artisan involvement,Govt Management,low,token-overlap fallback (3),1
local artisan training,Capacity Building,high,matched 'training',1
local availability of construction materials,Infrastructure,high,matched 'construction',1
local breakdown repair,Service Performance,high,'breakdown' over 'repair',1
local capacity at project level,Govt Management,high,matched 'local capacity',1
local champion training,Capacity Building,high,matched 'training',1
local community consultation in water scheme planning,Community / Users,medium,'community' over 'planning',1
local community safety,Community / Users,high,matched 'community',1
local community training,Community / Users,medium,'community' over 'training',1
local community water supply,Service Performance,high,'water supply' over 'community',1
local consultant capacity,Govt Management,low,token-overlap fallback (7),1
local electric technicians,O&M,high,matched 'technician',1
local electromechanical staff,O&M,high,'mechanic' over 'staff',1
local expert maintenance capacity,O&M,high,'maintenance' over 'expert',1
local financial capacity,Govt / External Finance,high,matched 'financial capacity',1
local financing and in-kind contributions,Govt / External Finance,high,matched 'financing',1
local fund alignment with foreign aid,Govt / External Finance,medium,matched 'aid',1
local government commitment,Govt Management,high,matched 'government commitment',1
local government procurement mandate,Private Sector,low,'procurement' over 'government',1
local knowledge access,Service Performance,low,token-overlap fallback (7),1
local management and administration of water schemes,Govt Management,high,matched 'administration',1
local monitors and repair persons at kebele level,O&M,low,'repair' over 'monitor',1
local operator capacity,O&M,high,matched 'operator',1
local operator capacity building,Capacity Building,high,'capacity build' over 'operator',1
local operator compensation,O&M,high,matched 'operator',1
local personnel payment,Govt Management,medium,'personnel' over 'payment',1
local repair staff capacity,O&M,medium,'repair' over 'staff',1
local resource person capacity,Govt Management,low,token-overlap fallback (9),1
local resource persons for system maintenance,O&M,high,matched 'maintenance',1
local resource utilization,Govt / External Finance,low,token-overlap fallback (3),1
local scheme maintenance capacity,O&M,high,matched 'maintenance',1
local selection authority,Politics,high,matched 'election',1
local spare parts affordability,O&M,high,'spare part' over 'affordab',1
local spare parts stockist,O&M,high,matched 'spare part',1
local technical input in project proposals,Planning,low,token-overlap fallback (7),1
local technical team participation in project feasibility,Community Management,high,'participation' over 'feasibility',1
local technical training,Capacity Building,high,matched 'training',1
local ward offices with qualified personnel,Govt Management,high,matched 'personnel',1
local water access,Service Performance,high,matched 'water access',1
local water source development,Infrastructure,high,matched 'water source development',1
local water source management,Service Performance,low,token-overlap fallback (30),1
localized WSP management offices,O&M,low,token-overlap fallback (6),1
logistic facility (vehicle),Infrastructure,high,matched 'facility',1
logistic support,Govt / External Finance,low,token-overlap fallback (5),1
logistics provision to water offices,Service Performance,low,token-overlap fallback (29),1
"logistics, staffing and manpower capacity of coordination office",Coordination,medium,'coordinat' over 'staffing',1
long travel distances for maintenance,O&M,high,matched 'maintenance',1
long-term institutional collaboration,Coordination,high,matched 'collaborat',1
long-term sanitation planning,Planning,high,matched 'planning',1
long-term student training,Capacity Building,high,matched 'training',1
long-term supplier contracts,Private Sector,high,matched 'supplier',1
long-term system management,O&M,high,matched 'system management',1
long-term water resource planning,Environmental,high,'water resource' over 'planning',1
low rainfall,Environmental,high,matched 'rainfall',1
low water tariffs,Community Finance,high,matched 'tariff',1
low-cost project design,Planning,high,matched 'project design',1
lower-level government action on sanitation,Govt Management,high,matched 'government action',1
lowest-bid consultant selection,Politics,high,matched 'election',1
lowest-bid procurement criteria,Private Sector,high,matched 'procurement',1
lowland pastoralist geography,Environmental,high,matched 'geography',1
loyalty to laws,Laws + Regulations,medium,matched 'laws',1
machine efficiency,Infrastructure,low,token-overlap fallback (1),1
machineries and equipment availability,Infrastructure,high,matched 'equipment',1
main pipeline capacity,Infrastructure,high,matched 'pipeline',1
maintenance,O&M,high,matched 'maintenance',1
maintenance access,O&M,high,matched 'maintenance',1
maintenance accountability,O&M,high,'maintenance' over 'accountab',1
maintenance and expansion works,O&M,high,'maintenance' over 'expansion',1
maintenance and materials support to woreda,O&M,high,'maintenance' over 'woreda',1
maintenance and operation knowledge,O&M,high,matched 'maintenance',1
maintenance and operation quality,O&M,high,matched 'maintenance',1
maintenance and rehabilitation of water schemes,O&M,high,matched 'maintenance',1
maintenance and repair funds,O&M,high,matched 'maintenance',1
maintenance and replacement,O&M,high,matched 'maintenance',1
maintenance and replacement funding,O&M,high,'maintenance' over 'funding',1
maintenance budget,O&M,high,'maintenance' over 'budget',1
maintenance budget allocation,O&M,high,'maintenance' over 'budget',1
maintenance burden,O&M,high,matched 'maintenance',1
maintenance crew at zonal level,O&M,high,'maintenance' over 'zonal',1
maintenance demand,O&M,high,'maintenance' over 'demand',1
maintenance difficulty,O&M,high,matched 'maintenance',1
maintenance equipment (cranes),O&M,high,'maintenance' over 'equipment',1
maintenance fee payment,Community Finance,high,'maintenance fee' over 'maintenance',1
maintenance finance from government,O&M,medium,'maintenance' over 'government',1
maintenance financial cost,O&M,high,matched 'maintenance',1
maintenance financing,O&M,high,'maintenance' over 'financing',1
maintenance financing sustainability,O&M,medium,'maintenance' over 'sustainab',1
maintenance fund allocation,Govt / External Finance,high,'fund allocation' over 'maintenance',1
maintenance fund availability,O&M,high,matched 'maintenance',1
maintenance fund continuity,O&M,high,matched 'maintenance',1
maintenance funds,O&M,high,matched 'maintenance',1
maintenance kitty,O&M,high,matched 'maintenance',1
maintenance materials,O&M,high,matched 'maintenance',1
maintenance materials transport,O&M,high,'maintenance' over 'transport',1
maintenance materials/spare parts,O&M,high,matched 'maintenance',1
maintenance of broken water schemes,O&M,high,matched 'maintenance',1
maintenance of damaged water schemes,O&M,high,matched 'maintenance',1
maintenance of existing infrastructure,Infrastructure,high,'infrastructure' over 'maintenance',1
maintenance of existing water points,O&M,low,'maintenance' over 'water point',1
maintenance of existing water schemes,O&M,high,matched 'maintenance',1
maintenance of water infrastructure,Infrastructure,high,'infrastructure' over 'maintenance',1
maintenance of water points,O&M,low,'maintenance' over 'water point',1
maintenance operations,O&M,high,matched 'maintenance',1
maintenance problem resolution,O&M,high,matched 'maintenance',1
maintenance requirements,O&M,high,matched 'maintenance',1
maintenance resources,O&M,high,matched 'maintenance',1
maintenance response speed,O&M,high,matched 'maintenance',1
maintenance service cost coverage,O&M,high,'service cost' over 'coverage',1
maintenance service efficiency,O&M,high,matched 'maintenance',1
maintenance service expansion,O&M,high,'maintenance' over 'expansion',1
maintenance service in remote kebeles,O&M,high,matched 'maintenance',1
maintenance service in rural areas,O&M,high,matched 'maintenance',1
maintenance service provider linkages,Private Sector,high,'service provider' over 'maintenance',1
maintenance service reach,O&M,high,matched 'maintenance',1
maintenance service reach to kebeles,O&M,high,matched 'maintenance',1
maintenance service timeliness,O&M,high,matched 'maintenance',1
maintenance services,O&M,high,matched 'maintenance',1
maintenance skill training for local communities,O&M,high,'maintenance' over 'training',1
maintenance support by water and sanitation office,O&M,high,matched 'maintenance',1
maintenance team manpower effectiveness,O&M,high,'maintenance' over 'manpower',1
maintenance tools availability,O&M,high,matched 'maintenance',1
maintenance tools for WASHCos,O&M,high,'maintenance' over 'washco',1
maintenance tools provision,O&M,high,matched 'maintenance',1
major breakdown funding,Service Performance,high,'breakdown' over 'funding',1
major breakdown repair,Service Performance,high,'breakdown' over 'repair',1
major breakdowns,Service Performance,high,matched 'breakdown',1
major component replacement cost,O&M,low,token-overlap fallback (8),1
major equipment purchase,Infrastructure,high,matched 'equipment',1
major maintenance coverage,O&M,high,'maintenance' over 'coverage',1
major technical difficulty resolution,Capacity Building,low,token-overlap fallback (2),1
malaria disease,Community / Users,high,matched 'disease',1
malaria disease prevention,Community / Users,high,matched 'disease',1
malaria transmission,Community / Users,high,matched 'malaria',1
management and O&M training,Capacity Building,high,'training' over 'o&m',1
management and community knowledge of directive,Community / Users,high,'community knowledge' over 'directive',1
management and expert capacity,Govt Management,high,matched 'expert',1
management and operational capacity,O&M,low,token-overlap fallback (7),1
management capacity of WSPs and rural schemes,Capacity Building,low,token-overlap fallback (7),1
management commitment,O&M,low,token-overlap fallback (6),1
management committee capacity,Community Management,high,'management committee' over 'committee capacity',1
management committee competence,Community Management,high,matched 'management committee',1
management committee conflicts,Community Management,high,matched 'management committee',1
management committee dependence,Community Management,high,matched 'management committee',1
management committee elections,Community Management,high,'management committee' over 'election',1
management committee formation,Community Management,high,matched 'management committee',1
management committee knowledge,Community Management,high,matched 'management committee',1
management committee misuse of collected revenue,Community Management,high,'management committee' over 'revenue',1
management committee record-keeping,Community Management,high,'management committee' over 'record-keeping',1
management committee retention,Community Management,high,'management committee' over 'retention',1
management committee stability,Community Management,high,matched 'management committee',1
management contract model,O&M,low,token-overlap fallback (6),1
management cost,O&M,low,token-overlap fallback (14),1
management decisions on sanitation,Service Performance,low,token-overlap fallback (11),1
management efficiency,O&M,low,token-overlap fallback (6),1
management issues,O&M,low,token-overlap fallback (6),1
management knowledge of committee members,Community Management,high,matched 'committee',1
management model adoption,O&M,low,token-overlap fallback (6),1
management model redesign,Planning,high,matched 'design',1
management of existing schemes,O&M,low,token-overlap fallback (6),1
management of existing water schemes,Service Performance,low,token-overlap fallback (30),1
management of facilities,Infrastructure,high,matched 'facilities',1
management of facility funds,Infrastructure,high,matched 'facility',1
"management of landfill, waste treatment, and latrines",Infrastructure,high,matched 'waste treatment',1
management performance,O&M,low,token-overlap fallback (6),1
management problem,O&M,low,token-overlap fallback (6),1
management problem resolution,O&M,low,token-overlap fallback (6),1
management skills of water scheme managers,Service Performance,low,token-overlap fallback (30),1
management team replacement,O&M,low,token-overlap fallback (6),1
management turnover,Govt Management,high,matched 'turnover',1
manager embezzlement of water revenue,Community Finance,high,matched 'revenue',1
manager focus on WASH,Community Management,low,token-overlap fallback (2),1
mandate execution,Laws + Regulations,high,matched 'mandate',1
mandatory bank account requirement,Community Finance,low,token-overlap fallback (2),1
mandatory inter-sector meetings,Coordination,high,matched 'inter-sector',1
mandatory maintenance fee payment,Community Finance,high,'maintenance fee' over 'maintenance',1
manpower,Govt Management,high,matched 'manpower',1
manpower problems,Govt Management,high,matched 'manpower',1
manual billing system,Community Finance,high,matched 'billing',1
manufacturing and service firms growth,Service Performance,low,token-overlap fallback (17),1
manufacturing firm waste treatment plants,Infrastructure,high,matched 'waste treatment',1
manufacturing industries growth,Planning,low,token-overlap fallback (3),1
market links and equipment awareness,Infrastructure,medium,'equipment' over 'awareness',1
market material quality (pipes),Private Sector,high,matched 'market',1
market waste management,Service Performance,high,'waste management' over 'market',1
master meter installation,Infrastructure,high,matched 'installation',1
master plan coverage,Planning,medium,'master plan' over 'coverage',1
master plan inclusion of unplanned settlements,Planning,medium,'master plan' over 'settlement',1
master plan knowledge,Planning,high,matched 'master plan',1
material durability consideration in procurement,Private Sector,high,matched 'procurement',1
material supply problem resolution,Service Performance,low,token-overlap fallback (2),1
material support for waste collection associations,Service Performance,high,matched 'waste collect',1
materials quality oversight by authorities,Monitoring,high,matched 'oversight',1
maternal and child mortality,Community / Users,medium,matched 'child',1
maternal and childcare service quality,Service Performance,high,matched 'service quality',1
mayor oversight,Monitoring,high,matched 'oversight',1
mechanic authorization for non-Whave water sources,O&M,high,'mechanic' over 'whave',1
medication costs,Community / Users,low,no match — defaulted to Community / Users,1
meeting frequency,Community / Users,low,no match — defaulted to Community / Users,1
mega schemes,Community / Users,low,no match — defaulted to Community / Users,1
member sector performance,Coordination,low,token-overlap fallback (3),1
memorandum of understanding,Community / Users,low,token-overlap fallback (1),1
memorandum of understanding with Whave,Private Sector,medium,matched 'whave',1
merit-based appointment criteria,Community Management,low,token-overlap fallback (2),1
meteorological forecasting,Planning,high,matched 'forecasting',1
meter reading,Community / Users,low,no match — defaulted to Community / Users,1
meter reading and billing frequency,Community Finance,high,matched 'billing',1
meter reading and billing timeliness,Community Finance,high,matched 'billing',1
meter reading logs,Community / Users,low,no match — defaulted to Community / Users,1
metered consumption billing,Community Finance,high,matched 'billing',1
metering,Community / Users,low,no match — defaulted to Community / Users,1
metering requirement,Community / Users,low,no match — defaulted to Community / Users,1
metering system,O&M,low,token-overlap fallback (2),1
metering systems,Community / Users,low,no match — defaulted to Community / Users,1
micro and small enterprise arrangement,Private Sector,high,matched 'enterprise',1
micro and small enterprise for maintenance,O&M,high,'maintenance' over 'enterprise',1
micro and small enterprise formation,Private Sector,high,matched 'enterprise',1
micro and small enterprise maintenance service,O&M,high,'maintenance' over 'enterprise',1
micro enterprises for spare parts supply,O&M,medium,'spare part' over 'enterprise',1
microenterprise incentivization,Private Sector,high,matched 'enterprise',1
microenterprise service use for waste disposal,Private Sector,high,matched 'enterprise',1
migration,Community / Users,high,matched 'migration',1
minor maintenance and operation,O&M,high,matched 'maintenance',1
minor maintenance capability,O&M,high,matched 'maintenance',1
minor maintenance funding,O&M,high,'maintenance' over 'funding',1
minor maintenance service provision,Service Performance,high,'service provis' over 'maintenance',1
minor maintenance skill training,O&M,high,'maintenance' over 'training',1
minor technical difficulty resolution,Capacity Building,low,token-overlap fallback (2),1
misaligned water scheme placement,Service Performance,low,token-overlap fallback (29),1
misappropriation of revenue by multiple officials,Govt Management,medium,'officials' over 'revenue',1
mishandling of hand pumps,Infrastructure,high,matched 'hand pump',1
mismanagement of funds,Govt Management,high,matched 'mismanage',1
mismanagement of resources,Govt Management,high,matched 'mismanage',1
mismanagement of rural water schemes,Govt Management,high,matched 'mismanage',1
misperception of NGO/government ownership of water sources,Govt Management,medium,'government' over 'ownership',1
misuse of collected maintenance funds,O&M,high,'maintenance' over 'misuse',1
misuse of drinking water for construction,Service Performance,high,'drinking water' over 'construction',1
misuse of hand pumps by children,Infrastructure,medium,'hand pump' over 'children',1
misuse of water drainage pipes for liquid waste,Service Performance,high,'liquid waste' over 'drainage',1
mobility across sub-counties,Community / Users,low,no match — defaulted to Community / Users,1
"mobilization of NGOs, private individuals, and government",Govt Management,high,'government' over 'mobiliz',1
model public latrines,Infrastructure,medium,'latrine' over 'public',1
modern sanitation system,Service Performance,low,token-overlap fallback (10),1
modern waste disposal site construction,Infrastructure,high,matched 'disposal site',1
modern waste disposal site planning,Infrastructure,high,'disposal site' over 'planning',1
modern waste processing methods,Service Performance,low,token-overlap fallback (6),1
monetary resource scarcity,Govt / External Finance,low,token-overlap fallback (3),1
money management capacity,Capacity Building,low,token-overlap fallback (7),1
monitoring activities,Monitoring,high,matched 'monitoring',1
monitoring and early reporting,Monitoring,high,matched 'monitoring',1
monitoring and evaluation framework,Monitoring,high,matched 'monitoring',1
monitoring and evaluation of projects,Monitoring,high,matched 'monitoring',1
monitoring and evaluation system for WASH programs,Monitoring,high,matched 'monitoring',1
monitoring and evaluation systems,Monitoring,high,matched 'monitoring',1
monitoring and field supervision,Monitoring,high,matched 'supervision',1
monitoring and follow-up by HBM,Monitoring,high,matched 'monitoring',1
monitoring and maintenance schedule,O&M,high,'maintenance' over 'monitoring',1
monitoring and maintenance services,O&M,high,'maintenance' over 'monitoring',1
monitoring and supervision of existing water schemes,Monitoring,high,matched 'supervision',1
monitoring capability,Monitoring,high,matched 'monitoring',1
monitoring framework,Monitoring,high,matched 'monitoring',1
monitoring framework systems,Monitoring,high,matched 'monitoring',1
monitoring logs,Monitoring,high,matched 'monitoring',1
monitoring of water operations,Monitoring,high,matched 'monitoring',1
monitoring systems,Monitoring,high,matched 'monitoring',1
monopoly of sewage disposal service,Service Performance,low,token-overlap fallback (18),1
monthly monitoring forms,Monitoring,high,matched 'monitoring',1
monthly monitoring reports,Monitoring,high,matched 'monitoring',1
motivation programs,Govt Management,low,token-overlap fallback (1),1
motor failure,Community / Users,low,no match — defaulted to Community / Users,1
motorized water pump adoption,Service Performance,low,token-overlap fallback (29),1
motorized water systems,Service Performance,low,token-overlap fallback (29),1
multi-body coordination for awareness,Coordination,low,'coordinat' over 'awareness',1
multi-body involvement in planning,Planning,high,matched 'planning',1
multi-infrastructure coordination in planning,Infrastructure,high,'infrastructure' over 'coordinat',1
multi-level government coordination,Govt Management,medium,'government' over 'coordinat',1
multi-level maintenance chain,O&M,high,matched 'maintenance',1
multi-level stakeholder coordination,Coordination,high,matched 'stakeholder',1
multi-organizational collaboration,Coordination,high,matched 'collaborat',1
multi-partner resource pooling,Coordination,low,token-overlap fallback (7),1
multi-party coordination,Coordination,high,matched 'coordinat',1
multi-scheme clustering,Infrastructure,low,token-overlap fallback (4),1
multi-sector WASH coordination,Coordination,high,matched 'multi-sector',1
multi-sector collaboration,Coordination,high,matched 'multi-sector',1
multi-sector collaborative implementation,Infrastructure,high,'implementation' over 'multi-sector',1
multi-sector commitment and collaboration,Coordination,high,matched 'multi-sector',1
multi-sector committee,Coordination,high,'multi-sector' over 'committee',1
multi-sector communication,Coordination,high,matched 'multi-sector',1
multi-sector involvement,Coordination,high,matched 'multi-sector',1
multi-sector participation in WASH training,Community Management,medium,'participation' over 'multi-sector',1
multi-sector participation in sanitation and hygiene work,Community / Users,high,'sanitation and hygiene' over 'participation',1
multi-sector problem-solving capacity,Coordination,high,matched 'multi-sector',1
multi-sector support,Coordination,high,matched 'multi-sector',1
multi-stakeholder acceptance of proposals,Coordination,high,matched 'multi-stakeholder',1
multi-stakeholder board,Coordination,high,matched 'multi-stakeholder',1
multi-stakeholder consultation in project planning,Coordination,high,'multi-stakeholder' over 'planning',1
multi-stakeholder cooperation,Coordination,high,matched 'multi-stakeholder',1
multi-stakeholder coordination for capital mobilization,Coordination,high,'multi-stakeholder' over 'mobiliz',1
multi-stakeholder coordination in land allocation,Coordination,high,'multi-stakeholder' over 'land allocation',1
multi-stakeholder coordination platform,Coordination,high,matched 'multi-stakeholder',1
multi-stakeholder dialogue,Coordination,high,matched 'multi-stakeholder',1
multi-stakeholder discussion platform,Coordination,high,matched 'multi-stakeholder',1
multi-stakeholder engagement,Coordination,high,matched 'stakeholder engagement',1
multi-stakeholder financing,Coordination,high,'multi-stakeholder' over 'financing',1
multi-stakeholder forum,Coordination,high,matched 'multi-stakeholder',1
multi-stakeholder fund mobilization,Coordination,high,'multi-stakeholder' over 'mobiliz',1
multi-stakeholder governance structure,Coordination,high,'multi-stakeholder' over 'governance',1
multi-stakeholder meeting platforms,Coordination,high,matched 'multi-stakeholder',1
multi-stakeholder meetings and discussion,Coordination,high,matched 'multi-stakeholder',1
municipal department site identification,Govt Management,high,matched 'municipal',1
municipal garbage collection,Govt Management,high,matched 'municipal',1
municipal latrine maintenance support,O&M,high,'maintenance' over 'municipal',1
municipal revenue,Govt Management,medium,'municipal' over 'revenue',1
municipal waste disposal management,Govt Management,high,matched 'municipal',1
municipality and institution support,Govt Management,high,matched 'municipal',1
municipality budget,Govt Management,high,'municipal' over 'budget',1
municipality budget allocation,Govt Management,high,'municipal' over 'budget',1
municipality bureau income,Govt Management,high,'municipal' over 'income',1
municipality commitment to waste management,Service Performance,high,'waste management' over 'municipal',1
municipality follow-up,Govt Management,medium,'municipal' over 'follow-up',1
municipality land preparation,Govt Management,high,matched 'municipal',1
municipality logistics support for waste collection,Service Performance,high,'waste collect' over 'municipal',1
municipality maintenance of public latrines,O&M,high,'maintenance' over 'municipal',1
municipality service demands,Govt Management,high,'municipal' over 'demand',1
mutual support among stakeholders,Coordination,high,matched 'stakeholder',1
narrow container water storage,Infrastructure,high,matched 'water storage',1
national WASH program integration with NGO plans,Coordination,high,matched 'integration',1
national government allocation to counties,Govt / External Finance,high,'government allocation' over 'national government',1
national government budget shortfall,Laws + Regulations,medium,'national government' over 'government budget',1
national government funding allocation to devolved governments,Laws + Regulations,low,'national government' over 'government funding',1
national grid connection,Laws + Regulations,low,token-overlap fallback (2),1
natural disasters,Environmental,low,token-overlap fallback (1),1
nature-resistant water infrastructure,Infrastructure,high,matched 'infrastructure',1
nearby city dumping sites,Infrastructure,high,matched 'dumping site',1
nearby waste collection containers,Service Performance,high,matched 'waste collect',1
need for major repairs,O&M,high,matched 'repair',1
need for rehabilitation,O&M,high,matched 'rehabilitat',1
needs assessment study,Planning,high,matched 'needs assessment',1
negative environmental impact,Environmental,high,matched 'environmental',1
negligence and lack of knowledge,Coordination,low,token-overlap fallback (1),1
neighboring kebele water access,Service Performance,high,matched 'water access',1
network coverage,Service Performance,high,matched 'coverage',1
networked water system,Service Performance,low,token-overlap fallback (29),1
networking and coordination among water actors,Coordination,high,matched 'networking',1
networking and information flow system,Coordination,high,matched 'networking',1
new borehole siting,Infrastructure,high,'borehole' over 'siting',1
new manufacturing industries,Community / Users,low,no match — defaulted to Community / Users,1
new organizations,Community / Users,low,no match — defaulted to Community / Users,1
new program achievements,Community / Users,low,no match — defaulted to Community / Users,1
new sanitation systems,Service Performance,low,token-overlap fallback (10),1
new stakeholders in management of rural schemes,Coordination,high,matched 'stakeholder',1
new technology adoption,Infrastructure,high,matched 'technology',1
new water facility development,Infrastructure,high,matched 'facility',1
new water point construction,Infrastructure,high,matched 'construction',1
new water scheme development,Infrastructure,high,matched 'scheme development',1
new water scheme development cost,Infrastructure,high,matched 'scheme development',1
new water wells construction,Infrastructure,high,matched 'construction',1
nighttime open defecation,Community / Users,high,matched 'open defecation',1
nighttime water distribution schedule,Service Performance,low,token-overlap fallback (29),1
nomadic/pastoralist behavior,Community / Users,high,matched 'behavior',1
non-combustible waste removal,Service Performance,high,matched 'waste removal',1
non-functional WASH facilities,Service Performance,high,'non-functional' over 'facilities',1
non-functional borehole,Service Performance,high,'non-functional' over 'borehole',1
non-functional boreholes,Service Performance,high,'non-functional' over 'borehole',1
non-functional latrines,Service Performance,high,'non-functional' over 'latrine',1
non-functional water schemes,Service Performance,high,matched 'non-functional',1
non-functioning public water schemes,Service Performance,high,'functioning' over 'public',1
non-merit-based employment,Community Management,low,token-overlap fallback (2),1
non-payment of fees to Whave,Community Finance,high,'payment' over 'whave',1
non-revenue water levels,Community Finance,high,matched 'revenue',1
non-revenue water management,Community Finance,high,matched 'revenue',1
non-revenue water reduction,Community Finance,high,matched 'revenue',1
non-revenue water team integrity,Community Finance,high,matched 'revenue',1
non-revenue water tracking,Monitoring,low,'tracking' over 'revenue',1
number of disposal sites,Infrastructure,high,matched 'disposal site',1
number of functional boreholes,Service Performance,high,'functional' over 'borehole',1
number of kebeles,Community / Users,low,no match — defaulted to Community / Users,1
number of water sector stakeholders,Coordination,high,matched 'stakeholder',1
off-take well hand pump installation,Infrastructure,high,matched 'installation',1
office commitment,Govt Management,low,token-overlap fallback (3),1
office equipment provision,Infrastructure,high,matched 'equipment',1
officer knowledge,Govt Management,high,matched 'officer',1
official attention to landfill,Infrastructure,medium,'landfill' over 'official',1
official awareness,Community / Users,medium,'awareness' over 'official',1
official corruption in water point selection,Infrastructure,medium,'water point' over 'corruption',1
officials' awareness and consciousness,Govt Management,low,'officials' over 'awareness',1
old GI pipes,Community / Users,low,no match — defaulted to Community / Users,1
old and damaged pipelines,Infrastructure,high,matched 'pipeline',1
old distribution pipes,Community / Users,low,no match — defaulted to Community / Users,1
old water line replacement,Service Performance,low,token-overlap fallback (29),1
old water lines,Service Performance,low,token-overlap fallback (29),1
old water pipelines,Infrastructure,high,matched 'pipeline',1
on-job and professional training,Govt Management,high,'professional' over 'training',1
one-health package,Community / Users,high,matched 'health',1
one-health package sustainability,Sustainability,high,'sustainab' over 'health',1
one-to-five group system,O&M,low,token-overlap fallback (2),1
ongoing training burden,Capacity Building,high,matched 'training',1
onsite training,Capacity Building,high,matched 'training',1
open area liquid waste disposal,Service Performance,high,matched 'liquid waste',1
open burning of waste,Service Performance,low,token-overlap fallback (6),1
open communication with senior officials,Govt Management,high,matched 'officials',1
open container use for water storage,Infrastructure,high,matched 'water storage',1
open cross-agency reporting,Monitoring,high,matched 'reporting',1
open defecation and improper toilet use,Community / Users,high,'open defecation' over 'toilet',1
open defecation and urination,Community / Users,high,matched 'open defecation',1
open defecation campaign,Community / Users,high,matched 'open defecation',1
open defecation near water sources,Community / Users,high,matched 'open defecation',1
open defecation practices,Community / Users,high,matched 'open defecation',1
open defecation prevalence,Community / Users,high,matched 'open defecation',1
open ditch sewage,Community / Users,low,token-overlap fallback (2),1
open reservoir evaporation,Infrastructure,high,matched 'reservoir',1
open sewage release to rivers,Community / Users,low,token-overlap fallback (2),1
open waste disposal and street urination,Community / Users,low,token-overlap fallback (13),1
open waste near populated areas,Service Performance,low,token-overlap fallback (6),1
operating budget,Govt / External Finance,high,matched 'budget',1
operation and maintenance capability,O&M,high,matched 'operation and maintenance',1
operation and maintenance knowledge retention,O&M,high,'operation and maintenance' over 'retention',1
operation and maintenance of complex facilities,O&M,high,'operation and maintenance' over 'facilities',1
operation and maintenance of water schemes,O&M,high,matched 'operation and maintenance',1
operation and maintenance quality,O&M,high,matched 'operation and maintenance',1
operation and maintenance support,O&M,high,matched 'operation and maintenance',1
operation and maintenance training,O&M,high,'operation and maintenance' over 'training',1
operation cost,O&M,low,token-overlap fallback (13),1
operation cost coverage,Service Performance,high,matched 'coverage',1
operational break-even,Service Performance,low,token-overlap fallback (3),1
operational continuity,Sustainability,low,token-overlap fallback (1),1
operational cost gap,O&M,high,matched 'operational cost',1
operational cost management,O&M,high,matched 'operational cost',1
operational cost recovery,O&M,high,'operational cost' over 'cost recovery',1
operational cost study,O&M,high,'operational cost' over 'study',1
operational expenditure,Govt / External Finance,low,token-overlap fallback (2),1
operational expense coverage,Service Performance,high,matched 'coverage',1
operational facilitation,O&M,low,token-overlap fallback (1),1
operational knowledge of water operators,O&M,high,matched 'operator',1
operational reliability,O&M,low,token-overlap fallback (1),1
operational responsibility,O&M,low,token-overlap fallback (1),1
operational running cost,O&M,high,matched 'running cost',1
operator skills,O&M,high,matched 'operator',1
opinion leader monopolization of water projects,Service Performance,low,token-overlap fallback (29),1
organizational accountability,Monitoring,high,matched 'accountab',1
organizational capacity,Capacity Building,low,token-overlap fallback (7),1
organizational capacity building,Capacity Building,high,matched 'capacity build',1
organizational impact visibility,Community / Users,low,no match — defaulted to Community / Users,1
organizational learning,Coordination,low,token-overlap fallback (1),1
organizational performance,Service Performance,low,token-overlap fallback (1),1
organizational self-focus,Community / Users,low,no match — defaulted to Community / Users,1
organizational survival,Community / Users,low,no match — defaulted to Community / Users,1
organizations in water sector,Service Performance,low,token-overlap fallback (29),1
organizations responsible to monitor water schemes,Monitoring,high,matched 'monitor',1
organized community waste collection groups,Service Performance,high,'waste collect' over 'community',1
organized coordination and data system,Coordination,high,'coordinat' over 'data',1
organized local spare parts supply groups,O&M,high,matched 'spare part',1
organized settlement,Community / Users,high,matched 'settlement',1
organized waste disposal,Community / Users,low,token-overlap fallback (11),1
organized waste management,Service Performance,high,matched 'waste management',1
organized water office management,Service Performance,low,token-overlap fallback (30),1
other latrine functionality,Service Performance,high,'functionality' over 'latrine',1
outdated health extension package,Community / Users,high,matched 'health',1
outdated infrastructure,Infrastructure,high,matched 'infrastructure',1
outsourcing,Community / Users,low,no match — defaulted to Community / Users,1
outsourcing construction to private consultants,Infrastructure,high,matched 'construction',1
outsourcing to cleaning association,Community Management,low,token-overlap fallback (1),1
over-abstraction prevention,Govt Management,low,token-overlap fallback (15),1
over-usage of water schemes,Service Performance,low,token-overlap fallback (33),1
overseeing coordination body,Coordination,high,matched 'coordinat',1
oversight capacity,Monitoring,high,matched 'oversight',1
oversight of Kebele water problems,Monitoring,high,matched 'oversight',1
oversized management committee,Community Management,high,matched 'management committee',1
own income generation from projects,Community Finance,high,matched 'income',1
own vehicle,Infrastructure,high,matched 'vehicle',1
pace of WASH improvement,Community Management,low,token-overlap fallback (2),1
pace of water program development,Service Performance,low,token-overlap fallback (29),1
paid cleaning employees,Govt Management,high,matched 'employee',1
participatory WASH platform,Coordination,high,matched 'platform',1
participatory and transparent system,Community Finance,high,matched 'transparen',1
participatory vulnerability and capacity assessment,Planning,high,matched 'assessment',1
partner activity mapping,Coordination,low,token-overlap fallback (4),1
partner activity monitoring,Monitoring,high,matched 'monitoring',1
partner collaboration,Coordination,high,matched 'collaborat',1
partner compliance,Laws + Regulations,high,matched 'compliance',1
partner coordination and learning,Coordination,high,matched 'coordinat',1
partner cost-sharing,O&M,low,token-overlap fallback (8),1
partner departure after implementation,Infrastructure,high,matched 'implementation',1
partner facilitation support,Govt / External Finance,low,token-overlap fallback (6),1
partner flexibility,Coordination,low,token-overlap fallback (4),1
partner funding dominance,Govt / External Finance,high,matched 'partner funding',1
partner fundraising support,Govt / External Finance,low,token-overlap fallback (6),1
partner investment,Govt / External Finance,high,matched 'investment',1
partner mobilization,Capacity Building,high,matched 'mobiliz',1
partner monitoring of water project finances,Community Finance,high,'project finance' over 'monitoring',1
partner organization involvement in budget oversight,Monitoring,high,'oversight' over 'budget',1
partner organization reporting and meeting participation,Community Management,high,'participation' over 'reporting',1
partner participation in meetings,Community Management,high,matched 'participation',1
partner-driven project implementation,Infrastructure,high,matched 'project implementation',1
partner-government coordination,Govt Management,medium,'government' over 'coordinat',1
partnerships with external organizations,Coordination,high,matched 'partnership',1
pastoral community stability,Community / Users,high,matched 'community',1
pastoral development activities,Infrastructure,low,token-overlap fallback (3),1
pastoral feed production,Monitoring,low,token-overlap fallback (1),1
pastoral/nomadic lifestyle,Community / Users,high,matched 'lifestyle',1
pastoralist access to basic services,Service Performance,low,token-overlap fallback (7),1
pastoralist lifestyle,Community / Users,high,matched 'lifestyle',1
pastoralist/mobile way of life,Community / Users,low,token-overlap fallback (2),1
pasture/feed supply in settlement areas,Community / Users,high,matched 'settlement',1
payment compliance by Kebele,Laws + Regulations,high,'compliance' over 'payment',1
payment control and access gates,Community Finance,high,matched 'payment',1
payment for preventive maintenance,O&M,high,'maintenance' over 'payment',1
payment for water service,Service Performance,high,'water service' over 'payment',1
payment monitoring committee,Monitoring,low,'monitoring' over 'committee',1
peer education,Community / Users,high,matched 'education',1
peer education among community members,Community / Users,high,matched 'community',1
penalties for non-contribution to scheme protection,Laws + Regulations,high,matched 'penalt',1
penalties for revenue misuse,Community Finance,medium,'revenue' over 'misuse',1
penalty for sanitary violations,Laws + Regulations,high,matched 'penalty',1
penalty level,Laws + Regulations,high,matched 'penalty',1
perceived water cost,Service Performance,low,token-overlap fallback (29),1
percolation site capacity,Capacity Building,low,token-overlap fallback (7),1
perennial droughts,Environmental,high,matched 'drought',1
performance management,O&M,low,token-overlap fallback (6),1
performance monitoring,Monitoring,high,matched 'monitoring',1
performance monitoring systems,Monitoring,high,matched 'monitoring',1
peripheral water access,Service Performance,high,matched 'water access',1
permanent reservoir replacement,Infrastructure,high,matched 'reservoir',1
permanent technical committee (WASHCO),Community Management,high,matched 'committee',1
permanent waste disposal place,Community / Users,low,token-overlap fallback (11),1
permanent waste disposal site,Infrastructure,high,matched 'disposal site',1
permanent waste disposal/landfill site,Infrastructure,high,matched 'landfill',1
permit body accountability,Monitoring,high,'accountab' over 'permit',1
permit cancellation enforcement,Laws + Regulations,high,matched 'enforcement',1
permit compliance,Laws + Regulations,high,matched 'compliance',1
permit documentation requirements,Laws + Regulations,high,matched 'permit',1
personal and community hygiene practices,Community / Users,high,matched 'community',1
personal and community hygiene programs,Community / Users,high,matched 'community',1
personal and environmental sanitation,Environmental,high,matched 'environmental',1
personal hygiene awareness,Community / Users,high,matched 'awareness',1
personal hygiene capacity,Community / Users,high,matched 'hygiene',1
personal hygiene practice,Community / Users,high,matched 'hygiene',1
personal latrine development,Infrastructure,high,matched 'latrine',1
personnel attitude,Govt Management,high,matched 'personnel',1
personnel capacity,Govt Management,high,matched 'personnel',1
petrol station liquid waste,Service Performance,high,matched 'liquid waste',1
philanthropist and community participation in water services,Community Management,high,'community participation' over 'water service',1
physical water losses,Service Performance,low,token-overlap fallback (29),1
piecemeal resource allocation,Govt / External Finance,high,matched 'resource allocation',1
pillarization,Community / Users,low,no match — defaulted to Community / Users,1
pipe deterioration,Infrastructure,medium,matched 'pipe',1
pipe diversion before reservoir,Infrastructure,high,matched 'reservoir',1
pipe installation,Infrastructure,high,matched 'installation',1
pipe repair time,O&M,high,'repair' over 'pipe',1
pipeline age,Infrastructure,high,matched 'pipeline',1
pipeline breakage and blockage,Infrastructure,high,matched 'pipeline',1
pipeline burden,Infrastructure,high,matched 'pipeline',1
pipeline condition,Infrastructure,high,matched 'pipeline',1
pipeline contamination,Community / Users,medium,'contaminat' over 'pipeline',1
pipeline damage frequency,Infrastructure,high,matched 'pipeline',1
pipeline deterioration,Infrastructure,high,matched 'pipeline',1
pipeline durability,Infrastructure,high,matched 'pipeline',1
pipeline expansion,Infrastructure,high,matched 'expansion',1
pipeline extension,Infrastructure,high,matched 'pipeline',1
pipeline extensions to underserved areas,Infrastructure,high,matched 'pipeline',1
pipeline installation based on master plan,Infrastructure,high,'installation' over 'master plan',1
pipeline installation coverage,Infrastructure,high,'installation' over 'coverage',1
pipeline leakage and water wastage,Infrastructure,high,matched 'pipeline',1
pipeline length,Infrastructure,high,matched 'pipeline',1
pipeline maintenance,O&M,high,'maintenance' over 'pipeline',1
pipeline problem identification,Infrastructure,high,matched 'pipeline',1
pipeline replacement,Infrastructure,high,matched 'pipeline',1
pipeline sizing incompatibility with water pressure,Service Performance,high,'water pressure' over 'pipeline',1
pipeline supply from water-rich areas,Infrastructure,high,matched 'pipeline',1
pipeline systems with treated river water,Infrastructure,high,'pipeline' over 'river',1
pipeline thickness and size,Infrastructure,high,matched 'pipeline',1
pipeline water availability,Service Performance,high,'water availab' over 'pipeline',1
pipeline water contamination,Service Performance,high,'water contaminat' over 'contaminat',1
pit emptying service access,Service Performance,high,matched 'service access',1
plan and activity coordination,Coordination,high,'coordinat' over 'plan',1
plan sharing among partners,Planning,medium,matched 'plan',1
plan-based follow-up,Monitoring,high,'follow-up' over 'plan',1
planned improvements implementation,Infrastructure,high,matched 'implementation',1
planning and implementation quality,Infrastructure,high,'implementation' over 'planning',1
planning to alleviate water service problems,Service Performance,high,'water service' over 'planning',1
plastic pipeline material,Infrastructure,high,matched 'pipeline',1
plastic sanitary materials for latrines,Infrastructure,high,matched 'latrine',1
policies,Laws + Regulations,high,matched 'policies',1
policy framework,Laws + Regulations,high,matched 'policy',1
policy frameworks for water service provision,Service Performance,high,'service provis' over 'policy',1
policy guidelines for NGO water project implementation,Infrastructure,high,'project implementation' over 'guideline',1
policy guidelines for water sector,Laws + Regulations,high,matched 'guideline',1
policy knowledge,Laws + Regulations,high,matched 'policy',1
policy prioritization of water service sustainability,Sustainability,high,'water service sustainability' over 'water service',1
political and administrative agendas,Govt Management,high,'administrative' over 'politic',1
political appointment of office heads,Politics,high,matched 'politic',1
political appointment of water utility head,Politics,low,'politic' over 'utility',1
political commitments of WASH committee officials,Politics,high,'political commitment' over 'wash committee',1
political disputes,Politics,high,matched 'politic',1
political goodwill,Politics,high,matched 'politic',1
political grievances,Politics,high,matched 'politic',1
political influence on budget,Politics,high,'political influence' over 'budget',1
political influence on management,Politics,high,matched 'political influence',1
political influence on management appointments,Politics,high,matched 'political influence',1
political influence on resource allocation,Politics,low,'political influence' over 'resource allocation',1
political influence on tariff-setting,Politics,high,'political influence' over 'tariff',1
political influence on water schemes,Politics,high,matched 'political influence',1
political interference at community level,Politics,high,'political interfer' over 'community',1
political interference by MCAs,Politics,high,matched 'political interfer',1
political interference in committee elections,Politics,high,'political interfer' over 'committee',1
political interference in committees,Politics,high,'political interfer' over 'committee',1
political interference in community committees,Politics,high,'political interfer' over 'committee',1
political interference in schemes,Politics,high,matched 'political interfer',1
political leaders claiming ownership of Whave services,Community Management,medium,'ownership' over 'politic',1
political leadership priorities,Govt Management,high,'leadership' over 'politic',1
political opposition to dumping site,Infrastructure,high,'dumping site' over 'politic',1
political patronage,Politics,high,matched 'politic',1
political stability,Politics,high,matched 'politic',1
politicians promising free water,Politics,high,matched 'politician',1
politicians' promises of free repairs,Politics,high,'politician' over 'repair',1
pollution inflow to water sources,Environmental,high,matched 'pollution',1
pooled finance from NGOs and investors,Private Sector,low,'investor' over 'finance',1
poor financial records,Monitoring,high,'records' over 'poor',1
poor hygiene of water collection containers,Community / Users,high,matched 'hygiene',1
poor water quality,Service Performance,high,'water quality' over 'poor',1
poorly constructed drainage system,Infrastructure,high,matched 'drainage',1
popular participation,Community Management,high,matched 'participation',1
population access to water services,Service Performance,high,'access to water' over 'population',1
population and town growth,Planning,medium,'town growth' over 'population',1
population council coordination with community representatives,Community / Users,medium,'population' over 'coordinat',1
population demand coverage,Community / Users,medium,'population' over 'coverage',1
population density,Community / Users,high,matched 'population',1
population displacement,Community / Users,high,matched 'population',1
population pressure on services,Community / Users,high,matched 'population',1
population served,Community / Users,high,matched 'population',1
population sharing a water source,Community / Users,high,matched 'population',1
population water access,Service Performance,high,'water access' over 'population',1
population water coverage,Service Performance,high,'water coverage' over 'population',1
population water supply,Service Performance,high,'water supply' over 'population',1
population-based budget allocation,Community / Users,high,'population' over 'budget',1
population-based budget allocation by regional authorities,Community / Users,high,'population' over 'budget',1
post-construction support,Infrastructure,high,matched 'construction',1
post-establishment technical training,Capacity Building,high,matched 'training',1
post-exit project management,Planning,high,matched 'project management',1
post-exit project sustainability,Sustainability,high,matched 'project sustainability',1
post-handover infrastructure maintenance,Infrastructure,high,'infrastructure' over 'maintenance',1
post-handover maintenance responsibility,O&M,high,matched 'maintenance',1
post-handover monitoring and training,Monitoring,medium,'monitoring' over 'training',1
post-handover policy framework,Laws + Regulations,high,matched 'policy',1
post-project follow-up,Monitoring,high,matched 'follow-up',1
post-project management,Planning,high,matched 'project management',1
post-project monitoring,Monitoring,high,matched 'monitoring',1
potable water accessibility,Service Performance,high,matched 'potable water',1
potable water supply,Service Performance,high,matched 'potable water',1
potable water use for secondary purposes,Service Performance,high,matched 'potable water',1
potential water area identification,Service Performance,low,token-overlap fallback (29),1
poverty mindset,Community / Users,high,matched 'poverty',1
power generation,Infrastructure,low,token-overlap fallback (2),1
power outage impact on water supply,Service Performance,low,'water supply' over 'power outage',1
power outage response delay,Infrastructure,high,matched 'power outage',1
power outage response time,Service Performance,medium,'response time' over 'power outage',1
practical application of training to community,Community / Users,medium,'community' over 'training',1
practical behavior change,Community / Users,high,matched 'behavior',1
practical implementation,Infrastructure,high,matched 'implementation',1
practical situational analysis of context,Community / Users,low,no match — defaulted to Community / Users,1
practical training on stream water development,Capacity Building,high,matched 'training',1
practice gap identification,Community / Users,low,token-overlap fallback (1),1
pre-assessment and feasibility study,Planning,high,matched 'feasibility',1
pre-construction challenge identification,Infrastructure,high,matched 'construction',1
pre-construction comprehensive study,Infrastructure,high,'construction' over 'study',1
pre-construction water source assessment,Infrastructure,high,'construction' over 'assessment',1
pre-development study quality,Planning,medium,matched 'study',1
pre-handover training period,Capacity Building,high,matched 'training',1
pre-implementation investigation,Infrastructure,high,matched 'implementation',1
pre-license sanitation compliance check,Laws + Regulations,high,matched 'compliance',1
preliminary assessment of area potential,Planning,high,matched 'assessment',1
premature completion certificates,Community / Users,low,no match — defaulted to Community / Users,1
premature water scheme damage,Service Performance,low,token-overlap fallback (29),1
pressure on existing water schemes,Service Performance,low,token-overlap fallback (30),1
preventative maintenance,O&M,high,matched 'preventative',1
preventive inter-sector coordination,Coordination,medium,'inter-sector' over 'preventive',1
preventive maintenance service agreement,O&M,high,matched 'maintenance',1
preventive maintenance service coverage,Service Performance,high,'service coverage' over 'maintenance',1
preventive maintenance services,O&M,high,matched 'maintenance',1
preventive maintenance success,O&M,high,matched 'maintenance',1
prior site research,Infrastructure,low,token-overlap fallback (3),1
prior study for water line construction,Infrastructure,high,'construction' over 'study',1
prioritization of sanitation issues,Planning,high,matched 'prioritization',1
priority area identification,Community / Users,low,no match — defaulted to Community / Users,1
priority areas of intervention,Govt Management,low,token-overlap fallback (1),1
priority given to sanitation infrastructure,Infrastructure,high,matched 'infrastructure',1
priority on monitoring existing water schemes,Monitoring,high,matched 'monitoring',1
private and NGO engagement in water services,Service Performance,high,'water service' over 'ngo',1
private investment in water projects,Private Sector,high,'private investment' over 'investment',1
private operation of schemes,Private Sector,low,token-overlap fallback (11),1
private ownership of schemes,Community Management,high,matched 'ownership',1
private pit emptying service cost,Service Performance,low,'pit emptying' over 'service cost',1
private scheme management,O&M,high,matched 'scheme management',1
private sector collaboration,Private Sector,high,'private sector' over 'collaborat',1
private sector financial contributions,Private Sector,high,matched 'private sector',1
private sector infrastructure development capacity,Infrastructure,medium,'infrastructure' over 'private sector',1
private sector investment,Private Sector,high,'private sector' over 'investment',1
private sector involvement in water management,Private Sector,high,matched 'private sector',1
private sector involvement in water scheme management,O&M,high,'water scheme management' over 'private sector',1
private sector maintenance engagement,Private Sector,medium,'private sector' over 'maintenance',1
private sector self-supply development,Private Sector,high,matched 'private sector',1
private sector viability in rural water,Private Sector,high,matched 'private sector',1
private sector water management,Private Sector,high,matched 'private sector',1
private sector-county government coordination,Private Sector,high,'private sector' over 'government',1
private spare parts supply enterprises,O&M,medium,'spare part' over 'enterprise',1
private toilet ownership,Community Management,high,'ownership' over 'toilet',1
private waste collection service cost,Service Performance,high,'waste collection service' over 'service cost',1
private youth-led waste collection,Service Performance,high,'waste collect' over 'youth',1
privatization,Community / Users,low,no match — defaulted to Community / Users,1
proactive borehole development,Infrastructure,high,matched 'borehole',1
proactive demand planning,Planning,medium,'planning' over 'demand',1
proactive sanitation planning,Planning,high,matched 'planning',1
problem identification and resolution,Service Performance,low,token-overlap fallback (1),1
problem identification and response,Service Performance,low,token-overlap fallback (2),1
problem identification and solution planning,Planning,high,matched 'planning',1
problem identification capacity,Capacity Building,low,token-overlap fallback (7),1
problem reporting to woreda water office,Monitoring,high,'reporting' over 'woreda',1
problem resolution,Service Performance,low,token-overlap fallback (1),1
problem resolution speed,Service Performance,low,token-overlap fallback (1),1
problem response timeliness,Service Performance,high,matched 'response time',1
problem-solving capacity,Capacity Building,low,token-overlap fallback (7),1
procurement bureaucracy,Private Sector,medium,'procurement' over 'bureaucra',1
procurement cost,Private Sector,high,matched 'procurement',1
procurement cycle delays,Private Sector,high,matched 'procurement',1
procurement delay,Private Sector,high,matched 'procurement',1
procurement mismanagement,Private Sector,medium,'procurement' over 'mismanage',1
procurement of repair materials,Private Sector,high,'procurement' over 'repair',1
procurement of technical experts,Private Sector,high,'procurement' over 'expert',1
procurement process complexity,Private Sector,high,matched 'procurement',1
procurement process delays,Private Sector,high,matched 'procurement',1
procurement process duration,Private Sector,high,matched 'procurement',1
procurement restart,Private Sector,high,matched 'procurement',1
procurement timeline,Private Sector,high,matched 'procurement',1
procurement timeliness,Private Sector,high,matched 'procurement',1
production and maintenance cost coverage,O&M,high,'maintenance' over 'coverage',1
production cost,O&M,low,token-overlap fallback (8),1
professional background of user committees,Community Management,high,'user committee' over 'professional',1
professional development training,Govt Management,high,'professional' over 'training',1
professional management,Govt Management,high,matched 'professional',1
professional management of water schemes,Govt Management,high,matched 'professional',1
professional personnel in rural water sector,Govt Management,high,matched 'professional',1
professional service providers,Private Sector,high,'service provider' over 'professional',1
professional staff in WSPs,Govt Management,high,matched 'professional',1
professional water service providers,Private Sector,high,'water service provider' over 'water service',1
professionalism in management,Govt Management,high,matched 'professional',1
professionalization of rural water sector,Govt Management,high,matched 'professional',1
program accountability,Monitoring,high,matched 'accountab',1
program awareness of office head,Community / Users,high,matched 'awareness',1
program beneficiary reach,Capacity Building,low,token-overlap fallback (2),1
program continuity,Sustainability,low,token-overlap fallback (1),1
program impact,Community / Users,low,no match — defaulted to Community / Users,1
program implementation quality,Infrastructure,high,matched 'implementation',1
program operation manual cascading to local governments,Govt Management,high,matched 'government',1
program overlap and duplication,Coordination,high,matched 'duplication',1
program transparency,Community Finance,high,matched 'transparen',1
project bank account,Planning,low,token-overlap fallback (7),1
project budget,Govt / External Finance,high,matched 'budget',1
project committee formation,Community Management,high,matched 'committee',1
project completion despite budget shortage,Govt / External Finance,high,matched 'budget',1
project continuity after withdrawal,Planning,low,token-overlap fallback (7),1
project coordination,Coordination,high,matched 'coordinat',1
project data quality,Monitoring,high,matched 'data quality',1
project delivery,Planning,low,token-overlap fallback (7),1
project design alignment with community priorities,Planning,high,'project design' over 'community',1
project design and follow-up quality,Planning,high,'project design' over 'follow-up',1
project design quality,Planning,high,matched 'project design',1
project documentation,Planning,low,token-overlap fallback (7),1
project effectiveness,Planning,low,token-overlap fallback (7),1
project efficiency,Planning,low,token-overlap fallback (7),1
project establishment,Planning,low,token-overlap fallback (7),1
project exit strategy,Planning,high,matched 'strategy',1
project feasibility,Planning,high,matched 'feasibility',1
project financial capacity,Govt / External Finance,high,matched 'financial capacity',1
project financial sustainability,Sustainability,high,matched 'sustainab',1
project funding,Govt / External Finance,high,matched 'funding',1
project governance accountability,Govt Management,medium,'governance' over 'accountab',1
project handover to local actors,Planning,low,token-overlap fallback (7),1
project identification and selection quality,Politics,high,matched 'election',1
project impact,Planning,low,token-overlap fallback (7),1
project implementation alignment,Infrastructure,high,matched 'project implementation',1
project implementation capacity,Infrastructure,high,matched 'project implementation',1
project implementation monitoring,Infrastructure,high,'project implementation' over 'monitoring',1
project implementation process quality,Infrastructure,high,matched 'project implementation',1
project implementation standards,Infrastructure,high,'project implementation' over 'standard',1
project implementation supervision,Infrastructure,high,'project implementation' over 'supervision',1
project information sharing,Coordination,high,matched 'information sharing',1
project investment cost,Govt / External Finance,high,matched 'investment',1
project longevity,Sustainability,high,matched 'longevity',1
project management,Planning,high,matched 'project management',1
project management skills,Planning,high,matched 'project management',1
project manager,Planning,low,token-overlap fallback (7),1
project monitoring,Monitoring,high,matched 'monitoring',1
project monitoring coverage,Monitoring,medium,'monitoring' over 'coverage',1
project monitoring mechanism,Monitoring,high,matched 'monitoring',1
project performance,Planning,low,token-overlap fallback (7),1
project prioritization,Planning,high,matched 'prioritization',1
project quality standards,Laws + Regulations,high,matched 'standard',1
project rehabilitation,O&M,high,matched 'rehabilitat',1
project revenue management,Community Finance,high,matched 'revenue',1
project reviews and lessons learned,Planning,low,token-overlap fallback (7),1
project scale and population coverage,Community / Users,medium,'population' over 'coverage',1
project selection,Politics,high,matched 'election',1
project selection process,Politics,high,matched 'election',1
project self-sufficiency,Planning,low,token-overlap fallback (7),1
project site selection,Planning,high,'site selection' over 'election',1
project siting,Planning,high,matched 'siting',1
project siting appropriateness,Planning,high,matched 'siting',1
project status information,Planning,low,token-overlap fallback (7),1
project supervision and evaluation,Monitoring,high,matched 'supervision',1
project sustainability after donor withdrawal,Sustainability,high,'project sustainability' over 'donor',1
project timeline,Planning,low,token-overlap fallback (7),1
project viability,Planning,low,token-overlap fallback (7),1
prolonged community coaching,Community / Users,medium,'community' over 'coaching',1
proper budget disbursement,Govt / External Finance,high,matched 'budget',1
proper ditch management,Community / Users,low,token-overlap fallback (7),1
proper ditch use and management,Community / Users,low,token-overlap fallback (7),1
proper dumping in designated areas,Planning,high,matched 'design',1
proper dumping site,Infrastructure,high,matched 'dumping site',1
proper fund allocation,Govt / External Finance,high,matched 'fund allocation',1
proper fund utilization,Govt / External Finance,low,token-overlap fallback (11),1
proper garbage disposal practices,Community / Users,low,token-overlap fallback (14),1
proper infrastructure and vehicles for waste transport,Infrastructure,high,matched 'infrastructure',1
proper land agreements,Community / Users,low,token-overlap fallback (7),1
proper latrine use,Infrastructure,high,matched 'latrine',1
proper laundry wastewater disposal,Community / Users,low,token-overlap fallback (14),1
proper liquid and solid waste disposal,Service Performance,high,matched 'solid waste',1
proper liquid waste disposal practices,Community / Users,high,'waste disposal practice' over 'liquid waste',1
proper master plan adherence in construction,Infrastructure,high,'construction' over 'master plan',1
proper model of management,Community / Users,low,token-overlap fallback (7),1
proper operation of water schemes,Service Performance,low,token-overlap fallback (29),1
proper record keeping,Monitoring,high,matched 'record keeping',1
proper scheme use,Community / Users,low,token-overlap fallback (7),1
proper scheme utilization,Community / Users,low,token-overlap fallback (9),1
proper sewage disposal,Community / Users,low,token-overlap fallback (14),1
proper site assessment before construction,Infrastructure,high,'construction' over 'assessment',1
proper solid and liquid waste disposal,Service Performance,high,matched 'liquid waste',1
proper solid waste disposal,Service Performance,high,matched 'solid waste',1
proper solution implementation,Infrastructure,high,matched 'implementation',1
proper system implementation,Infrastructure,high,matched 'implementation',1
proper systems and legislation,Laws + Regulations,high,matched 'legislation',1
proper use and maintenance of water schemes,O&M,high,'maintenance' over 'proper use',1
proper use of existing water schemes,Community / Users,high,matched 'proper use',1
proper use of project funds,Community / Users,high,matched 'proper use',1
proper use of water infrastructure,Infrastructure,high,'infrastructure' over 'proper use',1
proper use of water storage containers,Infrastructure,high,'water storage' over 'proper use',1
proper utilization of water facilities,Community / Users,high,'proper utilization' over 'facilities',1
proper utilization of water schemes,Community / Users,high,matched 'proper utilization',1
proper waste collection places and containers,Service Performance,high,matched 'waste collect',1
proper waste disposal behavior,Community / Users,high,matched 'waste disposal behavior',1
proper waste disposal in communal areas,Community / Users,high,matched 'proper waste disposal',1
proper waste sorting by households,Community / Users,high,matched 'household',1
proper water utilization,Service Performance,low,token-overlap fallback (29),1
protected disposal areas,Community / Users,low,token-overlap fallback (7),1
protected liquid waste disposal areas,Service Performance,high,matched 'liquid waste',1
protection from animals,Environmental,low,token-overlap fallback (2),1
protection of water infrastructure,Infrastructure,high,matched 'infrastructure',1
protection of water points and solar panels,Infrastructure,high,matched 'water point',1
protection of water schemes from misuse,Community / Users,high,matched 'misuse',1
proven and tested sanitation solutions,Service Performance,low,token-overlap fallback (10),1
public accountability measures,Monitoring,high,'accountab' over 'public',1
public and communal latrine construction,Infrastructure,high,'construction' over 'public',1
public awareness,Community / Users,high,matched 'awareness',1
public awareness of waste recycling benefits,Community / Users,high,matched 'awareness',1
public awareness on waste disposal consequences,Community / Users,high,matched 'awareness',1
public awareness on water conservation,Community / Users,high,matched 'awareness',1
public awareness on water use,Community / Users,high,matched 'awareness',1
public environmental compliance,Environmental,high,'environmental' over 'compliance',1
public evidence of environmental harms,Environmental,high,'environmental' over 'public',1
public health condition,Community / Users,high,matched 'public',1
public health near disposal areas,Community / Users,high,matched 'public',1
public health problems from poor sanitation,Community / Users,high,matched 'public',1
public health problems near disposal site,Infrastructure,high,'disposal site' over 'public',1
public health risk,Community / Users,high,matched 'public',1
public health risk from liquid waste,Service Performance,high,'liquid waste' over 'public',1
public hygiene,Community / Users,high,matched 'hygiene',1
public latrine availability,Infrastructure,medium,'latrine' over 'public',1
public latrine cleanliness,Community / Users,high,'cleanliness' over 'latrine',1
public latrine management,Infrastructure,medium,'latrine' over 'public',1
public latrine service quality,Service Performance,high,'service quality' over 'latrine',1
public latrines,Infrastructure,medium,'latrine' over 'public',1
public latrines at public gathering areas,Infrastructure,medium,'latrine' over 'public',1
public latrines construction,Infrastructure,high,'construction' over 'public',1
public ownership of schemes,Community Management,high,'ownership' over 'public',1
public participation,Community Management,high,'participation' over 'public',1
public participation in intervention selection,Community Management,high,'participation' over 'election',1
public participation in planning,Community Management,high,'participation' over 'planning',1
public participation in water activities,Community Management,high,'participation' over 'public',1
public sanitation facilities,Infrastructure,high,'facilities' over 'public',1
public toilet financial sustainability,Sustainability,high,'sustainab' over 'toilet',1
public toilet infrastructure,Infrastructure,high,'infrastructure' over 'public',1
public toilet usability,Infrastructure,medium,'toilet' over 'public',1
public toilet use,Infrastructure,medium,'toilet' over 'public',1
public toilet utilization,Infrastructure,medium,'toilet' over 'public',1
public water pipe dependence,Community / Users,medium,'public' over 'pipe',1
public water scheme functionality,Service Performance,high,'functionality' over 'public',1
public-private partnerships,Private Sector,high,'private partnership' over 'partnership',1
pump and borehole servicing training,O&M,medium,'servicing' over 'borehole',1
pump and infrastructure maintenance,Infrastructure,high,'infrastructure' over 'maintenance',1
pump and power generator dependency,Infrastructure,high,matched 'generator',1
pump cost,O&M,low,token-overlap fallback (8),1
pump damage,Infrastructure,low,token-overlap fallback (2),1
pump loan agreement with local supplier,Private Sector,high,matched 'supplier',1
pump operation,O&M,low,token-overlap fallback (5),1
pump repair technicians,O&M,high,matched 'technician',1
pump replacement,Infrastructure,low,token-overlap fallback (2),1
pumping generator availability,Infrastructure,high,matched 'generator',1
pumping scheme O&M costs,O&M,medium,matched 'o&m',1
pure drinking water in schools,Service Performance,high,'drinking water' over 'school',1
pure drinking water supply,Service Performance,high,matched 'drinking water',1
qualification of assigned personnel,Govt Management,high,matched 'personnel',1
qualified expert involvement in assessment,Planning,high,'assessment' over 'expert',1
qualified expert involvement in water scheme planning,Planning,medium,'planning' over 'expert',1
qualified experts in sector,Govt Management,high,matched 'expert',1
qualified labor recruitment,Community Management,low,token-overlap fallback (1),1
qualified local consultants,Govt Management,low,token-overlap fallback (2),1
qualified quality control personnel,Monitoring,high,'quality control' over 'personnel',1
qualified technical workers,Capacity Building,low,token-overlap fallback (2),1
qualified technicians at woreda level,O&M,high,'technician' over 'woreda',1
qualified workforce,Govt Management,high,matched 'workforce',1
quality contractors,Private Sector,high,matched 'contractor',1
quality control mechanisms during project handover,Monitoring,high,matched 'quality control',1
quality control of project inputs and materials,Monitoring,high,matched 'quality control',1
quality latrines,Infrastructure,high,matched 'latrine',1
quality materials,Service Performance,low,token-overlap fallback (3),1
quality of implementation,Infrastructure,high,matched 'implementation',1
quality of infrastructure proposals,Infrastructure,high,matched 'infrastructure',1
quality of life,Community / Users,high,matched 'quality of life',1
quality of water infrastructure,Infrastructure,high,matched 'infrastructure',1
quarterly WASH Forum,Coordination,high,matched 'wash forum',1
quarterly evaluation of coordination plan,Monitoring,medium,'evaluation' over 'coordinat',1
radio outreach on water issues,Capacity Building,high,matched 'outreach',1
rain-fed agriculture dependence,Community / Users,high,'agriculture' over 'rain',1
rainfall,Environmental,high,matched 'rainfall',1
rainfall season,Environmental,high,matched 'rainfall',1
rainfall storage capacity,Environmental,high,matched 'rainfall',1
rainwater conservation,Environmental,low,token-overlap fallback (1),1
rainwater harvesting adoption,Environmental,high,matched 'rainwater harvest',1
rainwater harvesting facilities at health centres,Environmental,high,'rainwater harvest' over 'facilities',1
rainwater harvesting reservoirs,Environmental,high,'rainwater harvest' over 'reservoir',1
rainy season flooding,Environmental,high,matched 'flooding',1
random liquid waste dumping,Service Performance,high,matched 'liquid waste',1
rapid breakdown response,Service Performance,high,matched 'breakdown',1
rapid failure response,Service Performance,low,token-overlap fallback (1),1
rapid population growth,Community / Users,high,matched 'population',1
rapid residential expansion,Infrastructure,medium,'expansion' over 'resident',1
rapid response unit,Community / Users,low,token-overlap fallback (15),1
raw material delivery for water scheme construction,Infrastructure,high,matched 'scheme construction',1
raw material transport challenges,Infrastructure,high,matched 'transport',1
receipt system for water payments,Community Finance,high,matched 'payment',1
rechargeable borehole site identification,Infrastructure,high,matched 'borehole',1
recklessness,Community / Users,low,no match — defaulted to Community / Users,1
recommendation implementation,Infrastructure,high,matched 'implementation',1
recommendations,Community / Users,low,no match — defaulted to Community / Users,1
recommendations implementation,Infrastructure,high,matched 'implementation',1
recreational water availability,Service Performance,high,matched 'water availab',1
recruitment of qualified personnel,Govt Management,high,matched 'personnel',1
recurrent drought,Environmental,high,matched 'drought',1
recurrent natural disasters,Environmental,low,token-overlap fallback (1),1
recyclable material recovery,Community Finance,low,token-overlap fallback (2),1
recycling,Community / Users,low,no match — defaulted to Community / Users,1
recycling habits in society,Coordination,low,token-overlap fallback (1),1
recycling practice adoption,Community / Users,low,token-overlap fallback (1),1
recycling practices,Community / Users,low,no match — defaulted to Community / Users,1
recycling program launch,Community / Users,low,no match — defaulted to Community / Users,1
recycling training and model facilities,Infrastructure,high,'facilities' over 'training',1
reforestation,Environmental,high,matched 'reforestation',1
reforestation culture,Environmental,high,'reforestation' over 'culture',1
refresher training,Capacity Building,high,matched 'training',1
region water bureau and NGO coordination,Coordination,high,matched 'coordinat',1
regional WASH target achievement,Community Management,low,token-overlap fallback (2),1
regional and federal government and partner engagement,Coordination,low,'partner engagement' over 'federal government',1
regional bureau local knowledge,Govt Management,low,token-overlap fallback (3),1
regional bureau maintenance burden,O&M,high,matched 'maintenance',1
regional bureau oversight of water service bureau,Service Performance,high,'water service' over 'oversight',1
regional council monitoring,Monitoring,high,matched 'monitoring',1
regional governing body awareness of WASH,Community / Users,high,matched 'awareness',1
regional government WASH prioritization,Planning,high,'prioritization' over 'government',1
regional government attention to WASH,Govt Management,high,matched 'government attention',1
regional government body awareness of sanitation,Govt Management,medium,'government' over 'awareness',1
regional government capital budget,Govt Management,high,'government' over 'budget',1
regional government procurement,Private Sector,low,'procurement' over 'government',1
regional government sanitation instruction,Govt Management,high,matched 'government',1
regional government support,Govt / External Finance,high,'government support' over 'government',1
regional official and NGO support,Govt / External Finance,high,'ngo support' over 'official',1
regional oversight chain,Monitoring,high,matched 'oversight',1
regional procurement authority,Private Sector,high,matched 'procurement',1
regional report compilation efficiency,Monitoring,high,matched 'report',1
regional spare parts supply timeliness,O&M,high,matched 'spare part',1
regional steering committee oversight,Community Management,medium,'committee' over 'oversight',1
regional water bureau and NGO cooperation,Coordination,high,matched 'cooperation',1
regional water bureau procurement,Private Sector,high,matched 'procurement',1
regional water office responsiveness,Service Performance,low,token-overlap fallback (29),1
regional water office technical support,Capacity Building,high,matched 'technical support',1
registration and deposit fees,Community / Users,low,no match — defaulted to Community / Users,1
regular WASH coordination meetings,Coordination,high,matched 'coordinat',1
regular WASH forum meetings,Coordination,high,matched 'wash forum',1
regular assessment,Planning,high,matched 'assessment',1
regular awareness programs,Community / Users,high,matched 'awareness',1
regular community education,Capacity Building,high,'community education' over 'community',1
regular community water supply,Service Performance,high,'water supply' over 'community',1
regular follow up and maintenance,O&M,high,'maintenance' over 'follow up',1
regular inspection and tank cleaning,Monitoring,high,'inspection' over 'tank',1
regular kebele-to-woreda reporting,Monitoring,high,'reporting' over 'woreda',1
regular maintenance and follow-up,O&M,high,'maintenance' over 'follow-up',1
regular maintenance of electric generators,O&M,high,'maintenance' over 'generator',1
regular maintenance of water schemes,O&M,high,matched 'maintenance',1
regular maintenance service,O&M,high,matched 'maintenance',1
regular management of water schemes,Service Performance,low,token-overlap fallback (30),1
regular meetings and public mobilization programs,Capacity Building,medium,'mobiliz' over 'public',1
regular monitoring and follow-up,Monitoring,high,matched 'monitoring',1
regular monitoring and follow-up of water projects,Monitoring,high,matched 'monitoring',1
regular monitoring and maintenance,O&M,high,'maintenance' over 'monitoring',1
regular monitoring and repair of water schemes,Monitoring,high,'monitoring' over 'repair',1
regular monitoring and support,Monitoring,high,matched 'monitoring',1
regular monitoring of partners and WASHCOs,Monitoring,high,'monitoring' over 'washco',1
regular monitoring of water wells,Monitoring,high,matched 'monitoring',1
regular monthly sanitation campaign,Service Performance,low,token-overlap fallback (10),1
regular officer training,Capacity Building,medium,'training' over 'officer',1
regular repair of water schemes,O&M,high,matched 'repair',1
regular servicing of water systems,O&M,high,matched 'servicing',1
regular solid waste collection and burning by community,Service Performance,high,'waste collect' over 'community',1
regular water coverage data collection,Service Performance,low,'water coverage' over 'data collection',1
regular water office follow-up,Monitoring,high,matched 'follow-up',1
regular water pump monitoring,Monitoring,high,matched 'monitoring',1
regular water well assessment,Planning,high,'assessment' over 'well',1
regulation of service providers,Private Sector,high,'service provider' over 'regulation',1
regulatory direction,Laws + Regulations,high,matched 'regulatory',1
regulatory monitoring platform,Monitoring,low,'monitoring' over 'regulatory',1
regulatory oversight,Laws + Regulations,medium,'regulatory' over 'oversight',1
regulatory oversight of water service activities,Service Performance,high,'water service' over 'regulatory',1
rehabilitation,O&M,high,matched 'rehabilitat',1
rehabilitation activities,O&M,high,matched 'rehabilitat',1
rehabilitation and maintenance,O&M,high,matched 'maintenance',1
rehabilitation costs,O&M,high,matched 'rehabilitat',1
rehabilitation materials (pumps and pipes),O&M,high,matched 'rehabilitat',1
rehabilitation of existing schemes,O&M,high,matched 'rehabilitat',1
rehabilitation of existing water infrastructure,Infrastructure,high,'infrastructure' over 'rehabilitat',1
rehabilitation of non-functional water wells,Service Performance,high,'non-functional' over 'rehabilitat',1
rehabilitation quality,O&M,high,matched 'rehabilitat',1
rehabilitation spending,O&M,high,matched 'rehabilitat',1
related sanitation problems,Service Performance,high,matched 'sanitation problem',1
reliable clean water supply,Service Performance,high,matched 'water supply',1
reliable suppliers,Private Sector,high,matched 'supplier',1
reliance on ad hoc committees,Community Management,high,matched 'committee',1
reliance on external support,Govt / External Finance,high,matched 'external support',1
reliance on groundwater,Environmental,high,matched 'groundwater',1
reliance on implementing organizations for repairs,O&M,high,matched 'repair',1
reliance on local chiefs for water project oversight,Monitoring,high,matched 'oversight',1
reliance on private sewage disposal,Private Sector,low,token-overlap fallback (11),1
reliance on private water sources,Service Performance,low,token-overlap fallback (29),1
reliance on regional experts,Govt Management,high,matched 'expert',1
reliance on urban technical experts,Govt Management,high,matched 'expert',1
relief project planning,Planning,high,matched 'planning',1
religious leader engagement with administrators,Community / Users,high,matched 'religious',1
remote borehole location,Infrastructure,high,matched 'borehole',1
remote water source location,Service Performance,low,token-overlap fallback (29),1
renewable energy (solar pumping),Infrastructure,medium,matched 'solar',1
renewable energy adoption,Infrastructure,low,token-overlap fallback (2),1
renewable energy investment,Govt / External Finance,high,matched 'investment',1
renewable/solar energy systems,Infrastructure,medium,matched 'solar',1
renewal planning and budgeting,Planning,medium,'planning' over 'budget',1
rent-seeking officials,Govt Management,high,matched 'officials',1
rental fee collection,Community Finance,high,matched 'fee collection',1
repair accessibility,O&M,high,matched 'repair',1
repair and asset replacement delays,O&M,high,matched 'repair',1
repair and maintenance quality,O&M,high,matched 'maintenance',1
repair and servicing of plants,O&M,high,matched 'servicing',1
repair cost,O&M,high,matched 'repair',1
repair downtime,Service Performance,high,'downtime' over 'repair',1
repair during budget gaps,O&M,medium,'repair' over 'budget',1
repair funding capacity,Govt / External Finance,low,'funding' over 'repair',1
repair period,O&M,high,matched 'repair',1
repair quality,O&M,high,matched 'repair',1
repair response capacity,O&M,high,matched 'repair',1
repair response delay,O&M,high,matched 'repair',1
repair service coverage,Service Performance,high,'service coverage' over 'repair',1
repair support,O&M,high,matched 'repair',1
repair time,O&M,high,matched 'repair',1
repair turnaround time,O&M,high,matched 'repair',1
repairs and maintenance,O&M,high,matched 'maintenance',1
replacement of old water supply lines,Service Performance,high,matched 'water supply',1
reporting and evaluation,Monitoring,high,matched 'evaluation',1
reporting compliance,Laws + Regulations,medium,'compliance' over 'reporting',1
reporting structures for breakdowns,Service Performance,medium,'breakdown' over 'reporting',1
representative board composition,Community / Users,low,no match — defaulted to Community / Users,1
required water selling price,Service Performance,low,token-overlap fallback (29),1
research and planning,Planning,high,matched 'planning',1
research before scheme establishment,Infrastructure,low,token-overlap fallback (4),1
research on population and water resources,Environmental,high,'water resource' over 'population',1
research on underground water resources,Environmental,high,matched 'water resource',1
reserve pumps,Community / Users,low,no match — defaulted to Community / Users,1
reserve pumps and spare parts availability,O&M,high,matched 'spare part',1
reservoir climate suitability,Infrastructure,high,'reservoir' over 'climate',1
reservoir fill time,Infrastructure,high,matched 'reservoir',1
reservoir filling,Infrastructure,high,matched 'reservoir',1
reservoir lifespan,Infrastructure,high,matched 'reservoir',1
reservoir management,Infrastructure,high,matched 'reservoir',1
resident health,Community / Users,high,matched 'resident',1
residential area contamination,Community / Users,high,matched 'contaminat',1
residential area planning,Community / Users,low,'resident' over 'planning',1
residential construction growth,Infrastructure,high,'construction' over 'resident',1
residential construction standards for drainage,Infrastructure,high,'construction' over 'resident',1
residential sewage overflow,Community / Users,high,matched 'resident',1
resolution of difficult water service issues,Service Performance,high,matched 'water service',1
resource allocation to water office,Govt / External Finance,high,matched 'resource allocation',1
resource and budget gap,Govt / External Finance,high,matched 'budget',1
resource and capacity limitation,Capacity Building,low,token-overlap fallback (7),1
resource centralization,Govt / External Finance,low,token-overlap fallback (3),1
resource decentralization,Govt / External Finance,low,token-overlap fallback (3),1
resource devolution to sub-counties,Govt / External Finance,low,token-overlap fallback (3),1
resource gap filling,Govt / External Finance,low,token-overlap fallback (3),1
resource inventory,Govt / External Finance,low,token-overlap fallback (3),1
resource leverage for water projects,Service Performance,low,token-overlap fallback (29),1
resource misuse,Community / Users,high,matched 'misuse',1
resource mobilization for sanitation,Govt / External Finance,high,'resource mobiliz' over 'mobiliz',1
resource mobilization from government and NGOs,Govt / External Finance,high,'resource mobiliz' over 'government',1
resource mobilization from multiple bodies,Govt / External Finance,high,'resource mobiliz' over 'mobiliz',1
resource mobilizing party,Govt / External Finance,high,'resource mobiliz' over 'mobiliz',1
resource overlap,Govt / External Finance,low,token-overlap fallback (3),1
resource pooling across water projects,Service Performance,low,token-overlap fallback (29),1
resource pooling among organizations,Govt / External Finance,low,token-overlap fallback (3),1
resource pooling for water access,Service Performance,high,matched 'water access',1
resource recovery from waste,Service Performance,low,token-overlap fallback (6),1
resource scarcity,Govt / External Finance,low,token-overlap fallback (3),1
resource use efficiency,Govt / External Finance,low,token-overlap fallback (3),1
resource utilization,Govt / External Finance,low,token-overlap fallback (3),1
resource utilization from waste,Service Performance,low,token-overlap fallback (6),1
resource waste,Service Performance,low,token-overlap fallback (6),1
resource waste and project duplication,Coordination,high,matched 'duplication',1
resources and facilities,Infrastructure,high,matched 'facilities',1
resources for developmental activities,Community / Users,low,no match — defaulted to Community / Users,1
response time for repairs and maintenance,Service Performance,high,'response time' over 'maintenance',1
response time to minor water issues,Service Performance,high,matched 'response time',1
response time to water breakdowns,Service Performance,high,matched 'response time',1
responsibility sharing among actors,Coordination,low,token-overlap fallback (4),1
responsible body for water scheme monitoring,Monitoring,high,matched 'monitoring',1
responsible coordinating body,Coordination,high,matched 'coordinat',1
responsible personnel assignment,Govt Management,high,matched 'personnel',1
responsible resource use,Govt / External Finance,low,token-overlap fallback (3),1
responsible sanitation behavior,Community / Users,high,matched 'behavior',1
responsible sanitation oversight personnel,Govt Management,medium,'personnel' over 'oversight',1
responsible sector action,Coordination,low,token-overlap fallback (3),1
responsiveness of sector offices,Coordination,low,token-overlap fallback (3),1
responsiveness of water and sanitation sector,Service Performance,low,token-overlap fallback (39),1
responsiveness to community needs,Community / Users,high,matched 'community',1
responsiveness to user demands,Community / Users,high,matched 'user demand',1
responsiveness to water issues,Service Performance,low,token-overlap fallback (29),1
restrictions on individual connection water resale,Service Performance,low,token-overlap fallback (29),1
revenue availability for maintenance,O&M,high,'maintenance' over 'revenue',1
revenue available for maintenance,O&M,high,'maintenance' over 'revenue',1
revenue banking,Community Finance,high,matched 'revenue',1
revenue collection base,Community Finance,high,matched 'revenue collection',1
revenue for waste management services,Service Performance,high,'waste management' over 'revenue',1
revenue from waste byproducts,Community Finance,high,matched 'revenue',1
revenue gap,Community Finance,high,matched 'revenue',1
revenue misappropriation,Community Finance,high,matched 'revenue',1
revenue monitoring,Monitoring,high,'monitoring' over 'revenue',1
revenue reinvestment into maintenance,O&M,medium,'maintenance' over 'investment',1
revenue source diversification,Community Finance,high,matched 'revenue',1
reverse osmosis machines,Community / Users,low,no match — defaulted to Community / Users,1
reverse osmosis maintenance complexity,O&M,high,matched 'maintenance',1
reverse osmosis output capacity,Capacity Building,low,token-overlap fallback (7),1
revised rules,Laws + Regulations,medium,matched 'rules',1
revolving fund,Govt / External Finance,low,token-overlap fallback (11),1
rigorous assessment of water potential,Planning,high,matched 'assessment',1
river and tap-water pollution,Environmental,high,'pollution' over 'tap',1
river and water body pollution,Environmental,high,matched 'pollution',1
river restoration,Environmental,medium,matched 'river',1
river water potability,Environmental,medium,matched 'river',1
river water treatment project implementation,Infrastructure,high,'project implementation' over 'water treatment',1
river water treatment scheme,Service Performance,high,'water treatment' over 'river',1
river water use for construction,Infrastructure,high,'construction' over 'river',1
river water use for irrigation,Community / Users,high,'irrigation' over 'river',1
river-based water sources,Environmental,medium,matched 'river',1
river/air/soil pollution,Environmental,high,matched 'pollution',1
road access to rural kebeles,Infrastructure,medium,matched 'road',1
road accessibility to disposal site,Infrastructure,high,matched 'disposal site',1
road and water infrastructure,Infrastructure,high,matched 'infrastructure',1
road condition,Infrastructure,medium,matched 'road',1
road condition to disposal site,Infrastructure,high,matched 'disposal site',1
road conditions,Infrastructure,medium,matched 'road',1
road infrastructure,Infrastructure,high,matched 'infrastructure',1
road infrastructure problem,Infrastructure,high,matched 'infrastructure',1
road network improvement,Infrastructure,medium,matched 'road',1
road-trade waste management,Service Performance,high,'waste management' over 'road',1
role specialization,Community / Users,low,no match — defaulted to Community / Users,1
roof catchment campaigns,Environmental,high,matched 'catchment',1
roof catchment systems,Environmental,high,matched 'catchment',1
roof water catchment,Environmental,high,matched 'catchment',1
roof water harvesting,Environmental,high,matched 'water harvesting',1
roof-catchment schemes,Environmental,high,matched 'catchment',1
root cause identification,Community / Users,low,no match — defaulted to Community / Users,1
run-off water harvesting,Environmental,high,matched 'water harvesting',1
running cost,O&M,high,matched 'running cost',1
runoff,Community / Users,low,no match — defaulted to Community / Users,1
runoff and flooding,Environmental,high,matched 'flooding',1
rural WASH outcomes,Community Management,low,token-overlap fallback (2),1
rural WASH stakeholder coordination,Coordination,high,matched 'stakeholder',1
rural area contamination,Community / Users,high,matched 'contaminat',1
rural community discontent,Community / Users,high,matched 'community',1
rural community migration,Community / Users,high,matched 'community',1
rural community migration to river water areas,Community / Users,high,'community' over 'river',1
rural feeder road development,Infrastructure,medium,matched 'road',1
rural pipeline routing,Infrastructure,high,matched 'pipeline',1
rural scheme coverage,Service Performance,high,matched 'coverage',1
rural scheme maintenance,O&M,high,matched 'maintenance',1
rural scheme sustainability,Sustainability,high,matched 'scheme sustainability',1
rural system downtime,Service Performance,high,matched 'downtime',1
rural water access,Service Performance,high,matched 'water access',1
rural water funding,Govt / External Finance,high,matched 'funding',1
rural water problem resolution,Service Performance,low,token-overlap fallback (30),1
rural water scheme construction,Infrastructure,high,matched 'scheme construction',1
rural water scheme education,Community / Users,high,matched 'education',1
rural water scheme policy,Laws + Regulations,high,matched 'policy',1
rural water scheme sustainability,Sustainability,high,matched 'scheme sustainability',1
rural water sector data and information,Monitoring,medium,matched 'data',1
rural water service maintenance,Service Performance,high,'water service' over 'maintenance',1
rural water supply,Service Performance,high,matched 'water supply',1
rural workforce retention,Govt Management,high,matched 'workforce',1
rural-based skilled maintenance teams,O&M,high,matched 'maintenance',1
rural-to-urban migration,Community / Users,high,matched 'migration',1
rushed bidding and construction process,Infrastructure,high,matched 'construction',1
safe water access,Service Performance,high,matched 'water access',1
safe water use,Service Performance,high,matched 'safe water',1
safety plan implementation,Planning,high,'plan implementation' over 'implementation',1
safety tanker adoption,Community / Users,low,no match — defaulted to Community / Users,1
salary and emergency expenses,Govt Management,high,matched 'salary',1
salary levels at WSPs,Govt Management,high,matched 'salary',1
saline water quality,Service Performance,high,matched 'water quality',1
salinity problem,Environmental,high,matched 'salinity',1
salty groundwater,Environmental,high,matched 'groundwater',1
sand dam and sump well construction,Infrastructure,high,matched 'construction',1
sanitary landfill,Infrastructure,high,matched 'landfill',1
sanitary landfill implementation,Infrastructure,high,matched 'implementation',1
sanitary regulations and enforcement,Laws + Regulations,high,matched 'enforcement',1
sanitary supplies,Community / Users,low,no match — defaulted to Community / Users,1
sanitary water for hotels and restaurants,Service Performance,low,token-overlap fallback (29),1
sanitation,Service Performance,low,token-overlap fallback (10),1
sanitation activities,Service Performance,low,token-overlap fallback (10),1
sanitation advocacy,Service Performance,low,token-overlap fallback (10),1
sanitation and hygiene activities,Community / Users,high,matched 'sanitation and hygiene',1
sanitation and hygiene service provision,Community / Users,high,'sanitation and hygiene' over 'service provis',1
sanitation and hygiene services,Community / Users,high,matched 'sanitation and hygiene',1
sanitation and water service improvement,Service Performance,high,matched 'service improv',1
sanitation awareness among wereda office and community,Community / Users,high,matched 'awareness',1
sanitation awareness campaigns,Capacity Building,high,'awareness campaign' over 'awareness',1
sanitation awareness education,Community / Users,high,matched 'awareness',1
sanitation awareness gap,Community / Users,high,matched 'awareness',1
sanitation budget,Govt / External Finance,high,matched 'budget',1
sanitation budget allocation,Govt / External Finance,high,matched 'budget',1
sanitation care,Service Performance,low,token-overlap fallback (10),1
sanitation compliance in building permits,Laws + Regulations,high,matched 'compliance',1
sanitation compliance in new constructions,Infrastructure,high,'construction' over 'compliance',1
sanitation compliance in service sectors,Laws + Regulations,high,matched 'compliance',1
sanitation component in projects,Service Performance,low,token-overlap fallback (10),1
sanitation coverage,Service Performance,high,matched 'sanitation coverage',1
sanitation department community mobilization,Capacity Building,high,'community mobiliz' over 'community',1
sanitation department cooperation with NGOs,Coordination,high,matched 'cooperation',1
sanitation department coordination of relevant actors,Coordination,high,matched 'coordinat',1
sanitation enterprise service coverage,Service Performance,high,'service coverage' over 'enterprise',1
sanitation executive oversight body,Monitoring,high,matched 'oversight',1
sanitation facilities,Infrastructure,high,matched 'facilities',1
sanitation facility availability,Infrastructure,high,matched 'facility',1
sanitation facility maintenance,O&M,high,'maintenance' over 'facility',1
sanitation goals achievement,Service Performance,low,token-overlap fallback (10),1
sanitation hazard,Service Performance,low,token-overlap fallback (10),1
sanitation infrastructure budget allocation,Infrastructure,high,'infrastructure' over 'budget',1
sanitation infrastructure in schools and health centers,Infrastructure,high,'infrastructure' over 'health',1
sanitation infrastructure utilization,Infrastructure,high,matched 'infrastructure',1
sanitation integration in city infrastructure planning,Infrastructure,high,'infrastructure' over 'integration',1
sanitation kit provision,Service Performance,low,token-overlap fallback (10),1
sanitation maintenance practices,O&M,high,matched 'maintenance',1
sanitation management,Service Performance,low,token-overlap fallback (11),1
sanitation management quality,Service Performance,low,token-overlap fallback (14),1
sanitation management success,Service Performance,low,token-overlap fallback (11),1
sanitation marketing,Private Sector,high,matched 'market',1
sanitation organization,Service Performance,low,token-overlap fallback (10),1
sanitation plan implementation,Planning,high,'plan implementation' over 'implementation',1
sanitation policy implementation,Infrastructure,high,'implementation' over 'policy',1
sanitation practice adoption,Service Performance,low,token-overlap fallback (10),1
sanitation practice implementation,Infrastructure,high,matched 'implementation',1
sanitation problem identification,Service Performance,high,matched 'sanitation problem',1
sanitation problem persistence,Service Performance,high,matched 'sanitation problem',1
sanitation problems and contamination,Service Performance,high,'sanitation problem' over 'contaminat',1
sanitation program outcomes,Service Performance,low,token-overlap fallback (10),1
sanitation research,Service Performance,low,token-overlap fallback (10),1
sanitation resources,Service Performance,low,token-overlap fallback (10),1
sanitation responsibility,Service Performance,low,token-overlap fallback (10),1
sanitation rule compliance,Laws + Regulations,high,matched 'compliance',1
sanitation service adequacy,Service Performance,high,matched 'sanitation service',1
sanitation service adequacy for growing population,Service Performance,high,'sanitation service' over 'population',1
sanitation service challenges,Service Performance,high,matched 'sanitation service',1
sanitation service coordination,Service Performance,high,'sanitation service' over 'coordinat',1
sanitation service coverage,Service Performance,high,matched 'sanitation service',1
sanitation service effectiveness,Service Performance,high,matched 'sanitation service',1
sanitation service for church visitors,Service Performance,high,matched 'sanitation service',1
sanitation service integration,Service Performance,high,'sanitation service' over 'integration',1
sanitation service load,Service Performance,high,matched 'sanitation service',1
sanitation service promotion,Service Performance,high,matched 'sanitation service',1
sanitation service provider access to disposal,Service Performance,high,'sanitation service' over 'service provider',1
sanitation service quality,Service Performance,high,matched 'sanitation service',1
sanitation solution development,Service Performance,low,token-overlap fallback (10),1
sanitation solution implementation,Infrastructure,high,matched 'implementation',1
sanitation system success,Service Performance,low,token-overlap fallback (10),1
sanitation worker unpaid burden,Service Performance,low,token-overlap fallback (10),1
sanitation-associated problems,Service Performance,low,token-overlap fallback (10),1
sanitation-related problems,Service Performance,low,token-overlap fallback (10),1
sanitation-related public health problems,Community / Users,high,matched 'public',1
scarcity of water sources,Service Performance,low,token-overlap fallback (30),1
scattered settlement,Community / Users,high,matched 'settlement',1
scheme accountability,Monitoring,high,matched 'accountab',1
scheme affordability,Community Finance,high,matched 'affordab',1
scheme breakdown response,Service Performance,high,matched 'breakdown',1
scheme caretaker,O&M,high,matched 'caretaker',1
scheme cost recovery,Community Finance,high,matched 'cost recovery',1
scheme damage,Infrastructure,low,token-overlap fallback (4),1
scheme design adequacy,Planning,high,matched 'design',1
scheme expansion,Infrastructure,high,matched 'scheme expansion',1
scheme financial management,O&M,low,token-overlap fallback (9),1
scheme financial self-sufficiency,Govt / External Finance,low,token-overlap fallback (8),1
scheme financial transparency,Community Finance,high,matched 'financial transparency',1
scheme financial viability,Govt / External Finance,low,token-overlap fallback (8),1
scheme financing capacity,Govt / External Finance,high,matched 'financing',1
scheme financing sufficiency,Govt / External Finance,high,matched 'financing',1
scheme funds,Infrastructure,low,token-overlap fallback (4),1
scheme governance,Govt Management,high,matched 'governance',1
scheme hybridization,Infrastructure,low,token-overlap fallback (4),1
scheme leader financial management,O&M,low,token-overlap fallback (9),1
scheme leader literacy,Community / Users,high,matched 'literacy',1
scheme maintenance cost,O&M,high,matched 'maintenance',1
scheme management and accountability,O&M,high,'scheme management' over 'accountab',1
scheme management and protection,O&M,high,matched 'scheme management',1
scheme management competitiveness,O&M,high,matched 'scheme management',1
scheme management efficiency,O&M,high,matched 'scheme management',1
scheme managers at community level,Community / Users,high,matched 'community',1
scheme operation,O&M,high,matched 'scheme operation',1
scheme operational capacity,O&M,high,matched 'scheme operation',1
scheme operational sustainability,O&M,high,'scheme operation' over 'sustainab',1
scheme operations,O&M,high,matched 'scheme operation',1
scheme oversight at sub-locational level,Monitoring,high,matched 'oversight',1
scheme performance,Infrastructure,low,token-overlap fallback (4),1
scheme performance benchmarking,Monitoring,high,matched 'benchmarking',1
scheme performance data,Monitoring,medium,matched 'data',1
scheme performance measurement,Infrastructure,low,token-overlap fallback (4),1
scheme protection,Infrastructure,low,token-overlap fallback (4),1
scheme qualification process,Infrastructure,low,token-overlap fallback (4),1
scheme regulation,Laws + Regulations,high,matched 'regulation',1
scheme repair,O&M,high,matched 'repair',1
scheme repair and maintenance,O&M,high,matched 'maintenance',1
scheme repair and maintenance support,O&M,high,matched 'maintenance',1
scheme repair time,O&M,high,matched 'repair',1
scheme reporting compliance,Laws + Regulations,medium,'compliance' over 'reporting',1
scheme revenue adequacy,Community Finance,high,matched 'revenue',1
scheme revenue generation,Community Finance,high,matched 'revenue generation',1
scheme self-sustainability,Sustainability,high,matched 'sustainab',1
scheme subscription levy,Infrastructure,low,token-overlap fallback (4),1
scheme transition process,Infrastructure,low,token-overlap fallback (4),1
scheme-level accountability,Monitoring,high,matched 'accountab',1
scheme-level staff,Govt Management,medium,matched 'staff',1
school WASH facilities,Infrastructure,high,'facilities' over 'school',1
school attendance during menstruation,Community / Users,high,matched 'school',1
school attendance for women,Community / Users,high,matched 'school',1
school closure risk,Community / Users,high,matched 'school',1
school dropout,Community / Users,high,matched 'school',1
school enrollment and education levels,Community / Users,high,matched 'education',1
school feeding program sustainability,Sustainability,high,'sustainab' over 'school',1
school functionality,Service Performance,high,'functionality' over 'school',1
school functioning,Service Performance,high,'functioning' over 'school',1
school grants from education departments,Community / Users,high,matched 'education',1
school health club involvement,Community / Users,high,matched 'health',1
school-based WASH education,Community / Users,high,matched 'education',1
school-based sanitation education,Capacity Building,high,'sanitation education' over 'education',1
schools and health posts,Community / Users,high,matched 'health',1
scientific waste processing,Service Performance,low,token-overlap fallback (6),1
scientific waste treatment,Infrastructure,high,matched 'waste treatment',1
scientific water treatment,Service Performance,high,matched 'water treatment',1
scope of interventions,Community / Users,low,no match — defaulted to Community / Users,1
seasonal flooding,Environmental,high,matched 'flooding',1
seasonal river water availability,Service Performance,high,'water availab' over 'river',1
seasonal spring discharge variability,Environmental,high,matched 'spring',1
sector action plans,Coordination,low,token-overlap fallback (3),1
sector coordination efficiency,Coordination,high,matched 'coordinat',1
sector governance,Govt Management,high,matched 'governance',1
sector implementation coherence,Infrastructure,high,matched 'implementation',1
sector knowledge and perspectives,Coordination,low,token-overlap fallback (4),1
sector leadership,Govt Management,high,matched 'leadership',1
sector office awareness of water service problems,Service Performance,high,'water service' over 'awareness',1
sector office planning and performance reporting,Monitoring,medium,'reporting' over 'planning',1
sector office vehicle lending,Infrastructure,high,matched 'vehicle',1
sector participation in coordination meetings,Community Management,high,'participation' over 'coordinat',1
sector participation in sanitation activities,Community Management,high,matched 'participation',1
sector player awareness of new technologies,Community / Users,high,matched 'awareness',1
sector role clarity,Coordination,low,token-overlap fallback (3),1
sector silo mentality,Coordination,low,token-overlap fallback (3),1
sector task acceptance and completion,Coordination,low,token-overlap fallback (3),1
sector task completion,Coordination,low,token-overlap fallback (3),1
sector-specific planning,Planning,high,matched 'planning',1
security conditions,Community / Users,low,no match — defaulted to Community / Users,1
sedentarization project effectiveness,Planning,low,token-overlap fallback (7),1
selection of good leaders,Politics,high,matched 'election',1
self-financed maintenance,O&M,high,'maintenance' over 'finance',1
self-financing of infrastructure repairs,Infrastructure,high,'infrastructure' over 'financing',1
self-funded breakdown repair,Service Performance,high,'breakdown' over 'repair',1
self-management of water infrastructure,Infrastructure,high,matched 'infrastructure',1
self-regulating waste disposal mechanism,Laws + Regulations,high,matched 'regulat',1
self-regulation of sanitation behavior,Laws + Regulations,medium,'regulation' over 'behavior',1
self-resolution of minor breakdowns,Service Performance,high,matched 'breakdown',1
self-sufficient maintenance,O&M,high,matched 'maintenance',1
selfishness of service providers,Private Sector,high,matched 'service provider',1
semi-arid climatic condition,Service Performance,low,token-overlap fallback (1),1
sense of belongingness to water schemes,Service Performance,low,token-overlap fallback (29),1
sense of ownership and responsibility,Community Management,high,matched 'sense of ownership',1
sense of ownership of sanitation,Community Management,high,matched 'sense of ownership',1
sense of ownership over water infrastructure,Community Management,high,'sense of ownership' over 'infrastructure',1
sense of personal responsibility,Community Management,low,token-overlap fallback (2),1
sense of responsibility,Community Management,low,token-overlap fallback (2),1
sensitization about water source maintenance,O&M,high,'maintenance' over 'sensitiz',1
sensitization by district leaders,Govt Management,low,'district' over 'sensitiz',1
separate bins for liquid and solid waste,Service Performance,high,matched 'solid waste',1
separate disposal areas for private enterprises,Private Sector,high,matched 'enterprise',1
septic tank emptying,Infrastructure,high,matched 'septic',1
septic tank management,Infrastructure,high,matched 'septic',1
septic tank pumping,Infrastructure,high,matched 'septic',1
septic tanks in condominium housing,Infrastructure,high,matched 'septic',1
septic tanks in service and manufacturing firms,Infrastructure,high,matched 'septic',1
service accountability,Monitoring,high,matched 'accountab',1
service area coverage,Service Performance,high,matched 'coverage',1
service area expansion,Infrastructure,high,matched 'expansion',1
service burden on customers,Service Performance,low,token-overlap fallback (17),1
service capacity,Service Performance,low,token-overlap fallback (18),1
service cost coverage,O&M,high,'service cost' over 'coverage',1
service coverage planning,Service Performance,high,'service coverage' over 'planning',1
service delivery capacity,Service Performance,high,matched 'service deliver',1
service delivery continuity,Service Performance,high,matched 'service deliver',1
service delivery performance,Service Performance,high,matched 'service deliver',1
service delivery progress,Service Performance,high,matched 'service deliver',1
service delivery quality,Service Performance,high,matched 'service deliver',1
service delivery reliability,Service Performance,high,matched 'service deliver',1
service delivery sustainability,Service Performance,high,'service deliver' over 'sustainab',1
service delivery to pastoral communities,Service Performance,high,matched 'service deliver',1
service fee collection from public offices,Community Finance,high,'fee collection' over 'public',1
service functioning,Service Performance,high,matched 'functioning',1
service gap filling,Service Performance,low,token-overlap fallback (17),1
service management,O&M,high,matched 'service management',1
service provider financial capacity,Govt / External Finance,high,'financial capacity' over 'service provider',1
service provider local knowledge,Private Sector,high,matched 'service provider',1
service provider performance,Private Sector,high,matched 'service provider',1
service provider profitability,Private Sector,high,matched 'service provider',1
service provider shortage,Private Sector,high,matched 'service provider',1
service proximity to communities,Service Performance,low,token-overlap fallback (17),1
service quality improvement,Service Performance,high,matched 'service quality',1
service reliability,Service Performance,high,matched 'service reliab',1
service sustainability and reliability,Sustainability,high,matched 'service sustainability',1
sewage and chemical pollution of water source,Environmental,high,matched 'pollution',1
sewage connection to main drainage,Infrastructure,high,matched 'drainage',1
sewage disposal,Community / Users,low,token-overlap fallback (7),1
sewage disposal access,Service Performance,low,token-overlap fallback (8),1
sewage disposal cost coverage,Service Performance,high,matched 'coverage',1
sewage disposal frequency,Community / Users,low,token-overlap fallback (7),1
sewage disposal site,Infrastructure,high,matched 'disposal site',1
sewage dumping car operations,Service Performance,low,token-overlap fallback (2),1
sewage dumping site,Infrastructure,high,matched 'dumping site',1
sewage recycling,Service Performance,low,token-overlap fallback (1),1
sewage recycling technology,Infrastructure,high,matched 'technology',1
sewage suction access,Service Performance,low,token-overlap fallback (8),1
sewage suction services,Service Performance,low,token-overlap fallback (1),1
sewage suction site availability,Infrastructure,low,token-overlap fallback (3),1
sewage suction vehicle,Infrastructure,high,matched 'vehicle',1
sewage system,O&M,low,token-overlap fallback (2),1
sewage system management,O&M,high,matched 'system management',1
sewage transport efficiency,Infrastructure,high,matched 'transport',1
sewage treatment,Service Performance,low,token-overlap fallback (2),1
sewage treatment plant availability,Infrastructure,high,matched 'treatment plant',1
sewage treatment plants in hotels,Infrastructure,high,matched 'treatment plant',1
sewage vacuum truck,Service Performance,high,'vacuum truck' over 'truck',1
sewage vacuum truck operation,Service Performance,high,'vacuum truck' over 'truck',1
sewage vacuum trucks,Service Performance,high,matched 'vacuum truck',1
sewer discharge to river,Infrastructure,low,'sewer' over 'river',1
sewer household connections,Community / Users,high,'household' over 'sewer',1
sewer lines and septic tank installation,Infrastructure,high,matched 'installation',1
sewer pipe maintenance,O&M,high,'maintenance' over 'sewer',1
sewerage blockage,Infrastructure,high,matched 'sewerage',1
sewerage construction cost,Infrastructure,high,matched 'construction',1
sewerage coverage in town,Service Performance,low,'coverage' over 'sewerage',1
sewerage line development,Infrastructure,high,matched 'sewerage',1
sewerage line use,Infrastructure,high,matched 'sewerage',1
sewerage office management,Infrastructure,high,matched 'sewerage',1
sewerage project commencement,Infrastructure,high,matched 'sewerage',1
sewerage project progress,Infrastructure,high,matched 'sewerage',1
sewerage system capacity,Infrastructure,high,matched 'sewerage',1
sewerage system construction,Infrastructure,high,matched 'construction',1
sewerage system effectiveness,Infrastructure,high,matched 'sewerage',1
sewerage system functionality,Service Performance,high,'functionality' over 'sewerage',1
sewerage system implementation,Infrastructure,high,matched 'implementation',1
sewerage system improvements,Infrastructure,high,matched 'sewerage',1
sewerage system in new buildings,Infrastructure,high,matched 'sewerage',1
sewerage system integration in infrastructure projects,Infrastructure,high,'infrastructure' over 'integration',1
shallow pipe burial,Infrastructure,medium,matched 'pipe',1
shallow well construction,Infrastructure,high,matched 'construction',1
shallow well functionality,Service Performance,high,'functionality' over 'well',1
shared WASH activity plans,Community Management,low,token-overlap fallback (2),1
shared action plans with evaluation,Monitoring,high,matched 'evaluation',1
shared internal strategies communicated to stakeholders,Coordination,high,matched 'stakeholder',1
shared planning and feedback platform,Coordination,low,'platform' over 'planning',1
shared sector responsibility for sanitation,Service Performance,low,token-overlap fallback (10),1
shared stakeholder budget,Coordination,high,'stakeholder' over 'budget',1
shared task allocation among stakeholders,Coordination,high,matched 'stakeholder',1
shared water source for people and animals,Service Performance,low,token-overlap fallback (29),1
sharing of best practices,Coordination,low,token-overlap fallback (4),1
sharing of scheme performance information,Coordination,low,token-overlap fallback (5),1
sharing of skilled manpower and resources,Govt Management,high,matched 'manpower',1
shift rationing system,O&M,low,token-overlap fallback (2),1
shift system management,O&M,high,matched 'system management',1
shift water rationing,Service Performance,high,matched 'water rationing',1
short-term focus in land allocation,Laws + Regulations,high,matched 'land allocation',1
shortage of plant mechanics,O&M,high,matched 'mechanic',1
shortage of waste management service providers,Service Performance,medium,'waste management' over 'service provider',1
siloed office work,Coordination,low,token-overlap fallback (4),1
siltation,Environmental,high,matched 'siltation',1
simple locally maintainable technology,Infrastructure,medium,'technology' over 'maintain',1
simplified procurement process,Private Sector,high,matched 'procurement',1
simultaneous infrastructure and sewage planning,Infrastructure,high,'infrastructure' over 'planning',1
single source water dependency,Service Performance,low,token-overlap fallback (29),1
single-organization responsibility for sanitation,Service Performance,low,token-overlap fallback (10),1
site selection and inspection,Planning,high,'site selection' over 'inspection',1
site selection quality,Planning,high,'site selection' over 'election',1
site viability assessment,Planning,high,matched 'assessment',1
site visit requirement for bidders,Infrastructure,low,token-overlap fallback (3),1
situational analysis of water demand and sources,Community / Users,high,matched 'water demand',1
skill training,Capacity Building,high,matched 'training',1
skill training on minor maintenance,O&M,high,'maintenance' over 'training',1
skilled O&M personnel,Govt Management,high,'personnel' over 'o&m',1
skilled human resource,Govt Management,high,matched 'human resource',1
skilled labor,Community Management,low,token-overlap fallback (1),1
skilled local personnel,Govt Management,high,matched 'personnel',1
skilled manpower at regional level,Govt Management,high,matched 'manpower',1
skilled manpower availability,Govt Management,high,matched 'manpower',1
skilled manpower development,Govt Management,high,matched 'manpower',1
skilled manpower near water sources,Govt Management,high,matched 'manpower',1
skilled manpower supply,Infrastructure,high,'power supply' over 'manpower',1
skilled manpower training,Govt Management,low,'manpower' over 'training',1
skilled professionals in office roles,Govt Management,high,matched 'professional',1
skilled workforce,Govt Management,high,matched 'workforce',1
skills acquisition,Capacity Building,low,token-overlap fallback (1),1
skills of water user committees,Community Management,high,'water user committee' over 'user',1
skills sharing,Coordination,low,token-overlap fallback (4),1
skills training,Capacity Building,high,matched 'training',1
skills training of scheme operators,O&M,medium,'operator' over 'training',1
skills training on O&M,Capacity Building,high,'training' over 'o&m',1
skills transfer effectiveness,Capacity Building,low,token-overlap fallback (2),1
skills utility to project,Govt Management,high,matched 'utility',1
sludge disposal management,Service Performance,high,matched 'sludge',1
small WSP management of rural schemes,O&M,low,token-overlap fallback (6),1
small scale irrigation using chlorinated water,Community / Users,high,matched 'irrigation',1
small-scale enterprises for waste collection,Service Performance,high,'waste collect' over 'enterprise',1
smart ATM monitoring,Monitoring,high,matched 'monitoring',1
smart handpump devices,Infrastructure,high,matched 'handpump',1
soak pit in compound,Community / Users,low,no match — defaulted to Community / Users,1
social accountability for waste disposal,Monitoring,high,matched 'accountab',1
social norms,Capacity Building,low,token-overlap fallback (1),1
societal awareness,Community / Users,high,matched 'awareness',1
societal confusion about waste disposal,Community / Users,low,token-overlap fallback (11),1
societal harm,Community / Users,low,no match — defaulted to Community / Users,1
society education on sanitation,Community / Users,high,matched 'education',1
society hygiene behavior,Community / Users,high,matched 'behavior',1
soft components of service provision,Service Performance,high,matched 'service provis',1
soil and surface water pollution,Environmental,high,matched 'pollution',1
soil and water management practices,Service Performance,low,token-overlap fallback (30),1
soil quality,Service Performance,low,token-overlap fallback (3),1
soil suitability,Community / Users,low,no match — defaulted to Community / Users,1
solar energy adoption,Infrastructure,medium,matched 'solar',1
solar energy alone,Infrastructure,medium,matched 'solar',1
solar energy collection feasibility,Planning,high,'feasibility' over 'solar',1
solar energy investment,Govt / External Finance,high,'investment' over 'solar',1
solar energy use,Infrastructure,medium,matched 'solar',1
solar energy-based water schemes,Infrastructure,medium,matched 'solar',1
solar hybridization,Infrastructure,medium,matched 'solar',1
solar or grid-connected operation,Infrastructure,medium,matched 'solar',1
solar or motorized water systems,Infrastructure,medium,matched 'solar',1
solar panels and generators,Infrastructure,high,matched 'generator',1
solar panels at boreholes,Infrastructure,high,matched 'borehole',1
solar powered water systems,Infrastructure,medium,matched 'solar',1
solar pump installation,Infrastructure,high,matched 'installation',1
solar pumping,Infrastructure,medium,matched 'solar',1
solar scheme,Infrastructure,medium,matched 'solar',1
solar technology,Infrastructure,high,matched 'technology',1
solar-based water schemes,Infrastructure,medium,matched 'solar',1
solar-diesel integration,Coordination,high,'integration' over 'solar',1
solar-grid integration,Coordination,high,'integration' over 'solar',1
solar/electricity system failure,Infrastructure,high,matched 'electricity',1
solar/hybrid energy systems,Infrastructure,medium,matched 'solar',1
sole dependence on electric power,Infrastructure,low,token-overlap fallback (3),1
solid and liquid waste collection,Service Performance,high,matched 'waste collect',1
solid and liquid waste management capacity,Service Performance,high,matched 'waste management',1
solid and liquid waste separation,Service Performance,high,matched 'liquid waste',1
solid waste and sewage management,Service Performance,high,matched 'solid waste',1
solid waste collection,Service Performance,high,matched 'waste collect',1
solid waste collection and transport to landfill,Service Performance,high,'waste collect' over 'transport',1
solid waste collection efficiency,Service Performance,high,matched 'waste collect',1
solid waste collection from neighborhoods,Service Performance,high,matched 'waste collect',1
solid waste collection sites,Service Performance,high,matched 'waste collect',1
solid waste collection vehicle timeliness,Service Performance,high,'waste collect' over 'vehicle',1
solid waste contamination of drinking water,Service Performance,high,'drinking water' over 'contaminat',1
solid waste disposal and recycling,Service Performance,high,matched 'solid waste',1
solid waste disposal capacity,Service Performance,high,matched 'solid waste',1
solid waste disposal in open ditches,Service Performance,high,matched 'solid waste',1
solid waste disposal on roads,Service Performance,high,matched 'solid waste',1
solid waste dumping project implementation,Infrastructure,high,'project implementation' over 'solid waste',1
solid waste in open ditches,Service Performance,high,matched 'solid waste',1
solid waste management capacity,Service Performance,high,matched 'waste management',1
solid waste management effectiveness,Service Performance,high,matched 'waste management',1
solid waste recycling,Service Performance,high,matched 'solid waste',1
solid waste recycling investment,Service Performance,medium,'solid waste' over 'investment',1
solid waste sorting by decomposability,Service Performance,high,matched 'solid waste',1
solid waste timely collection to dumping site,Infrastructure,medium,'dumping site' over 'solid waste',1
solid waste transport compliance,Service Performance,high,'solid waste' over 'transport',1
solid waste transport diversion to construction work,Infrastructure,medium,'construction' over 'solid waste',1
solution effectiveness,Community / Users,low,no match — defaulted to Community / Users,1
solution implementation time,Infrastructure,high,matched 'implementation',1
source non-functionality,Service Performance,high,matched 'non-functional',1
spare part purchasing,O&M,high,matched 'spare part',1
spare part shopping centers,O&M,high,matched 'spare part',1
spare parts,O&M,high,matched 'spare part',1
spare parts access,O&M,high,matched 'spare part',1
spare parts affordability,O&M,high,'spare part' over 'affordab',1
spare parts and maintenance,O&M,high,matched 'maintenance',1
spare parts and maintenance materials,O&M,high,matched 'maintenance',1
spare parts and tools access,O&M,high,matched 'spare part',1
spare parts and tools cost,O&M,high,matched 'spare part',1
spare parts at woreda level,O&M,high,'spare part' over 'woreda',1
spare parts availability during budget gap,O&M,high,'spare part' over 'budget',1
spare parts durability,O&M,high,matched 'spare part',1
spare parts funding,O&M,high,'spare part' over 'funding',1
spare parts geographic accessibility,O&M,high,'spare part' over 'geograph',1
spare parts inventory,O&M,high,matched 'spare part',1
spare parts local availability,O&M,high,matched 'spare part',1
spare parts purchasing,O&M,high,matched 'spare part',1
spare parts purchasing autonomy,O&M,high,matched 'spare part',1
spare parts quality,O&M,high,matched 'spare part',1
spare parts reserve purchase,O&M,high,matched 'spare part',1
spare parts reserves,O&M,high,matched 'spare part',1
spare parts reserves at woreda level,O&M,high,'spare part' over 'woreda',1
spare parts stock,O&M,high,matched 'spare part',1
spare parts storage facilities,O&M,low,'spare part' over 'facilities',1
spare parts supply for water facilities,O&M,low,'spare part' over 'facilities',1
spare parts transportation cost,O&M,medium,'spare part' over 'transport',1
sparse population distribution,Community / Users,high,matched 'population',1
sparse settlement,Community / Users,high,matched 'settlement',1
specialized imported technology,Infrastructure,high,matched 'technology',1
spring conservation,Environmental,high,matched 'spring',1
spring development,Environmental,high,matched 'spring',1
spring water availability,Service Performance,high,'water availab' over 'spring',1
spring water purification methods,Environmental,high,matched 'spring',1
stable community life,Community / Users,high,matched 'community',1
staff capacity,Govt Management,medium,matched 'staff',1
staff capacity building,Capacity Building,high,'capacity build' over 'staff',1
staff hiring capacity,Govt Management,medium,matched 'staff',1
staff integrity,Govt Management,medium,matched 'staff',1
staff learning,Govt Management,medium,matched 'staff',1
staff morale,Govt Management,medium,matched 'staff',1
staff motivation,Govt Management,medium,matched 'staff',1
staff professionalism and qualifications,Govt Management,high,matched 'professional',1
staff promotion,Govt Management,medium,matched 'staff',1
staff qualification and experience,Govt Management,medium,matched 'staff',1
staff remuneration,Govt Management,medium,matched 'staff',1
staff salary payment,Community Finance,medium,'payment' over 'salary',1
staff technical capability,Govt Management,medium,matched 'staff',1
staff training,Capacity Building,high,'training' over 'staff',1
staff transport,Infrastructure,high,'transport' over 'staff',1
staff turnover impact on service provision,Service Performance,high,'service provis' over 'turnover',1
staffing at village level,Govt Management,high,matched 'staffing',1
staffing capacity,Govt Management,high,matched 'staffing',1
stakeholder activity on sanitation,Coordination,high,matched 'stakeholder',1
stakeholder and community collaboration,Coordination,high,'stakeholder' over 'community',1
stakeholder assistance for WaSHCo,Coordination,high,'stakeholder' over 'washco',1
stakeholder awareness creation,Capacity Building,high,'awareness creation' over 'stakeholder',1
stakeholder awareness of sewage system,Coordination,high,'stakeholder' over 'awareness',1
stakeholder awareness on resource use,Coordination,high,'stakeholder' over 'awareness',1
stakeholder capacity training,Coordination,high,'stakeholder' over 'training',1
stakeholder commitment to community involvement,Community Management,high,'community involvement' over 'stakeholder',1
stakeholder contribution to problem solving,Coordination,high,matched 'stakeholder',1
stakeholder contribution to projects,Coordination,high,matched 'stakeholder',1
stakeholder cooperation for capacity building,Capacity Building,high,'capacity build' over 'cooperation',1
stakeholder coordination effectiveness,Coordination,high,matched 'stakeholder',1
stakeholder coordination gaps,Coordination,high,matched 'stakeholder',1
stakeholder discussion,Coordination,high,matched 'stakeholder',1
stakeholder discussion of work plans,Coordination,high,'stakeholder' over 'work plan',1
stakeholder effectiveness,Coordination,high,matched 'stakeholder',1
stakeholder effectiveness in bringing change,Coordination,high,matched 'stakeholder',1
stakeholder engagement,Coordination,high,matched 'stakeholder engagement',1
stakeholder follow-up after handover,Coordination,high,'stakeholder' over 'follow-up',1
stakeholder geographic bias,Coordination,high,'stakeholder' over 'geograph',1
stakeholder identification for collaboration,Coordination,high,matched 'stakeholder',1
stakeholder information on water scheme status,Coordination,high,matched 'stakeholder',1
stakeholder information sharing platform,Coordination,high,matched 'information sharing',1
stakeholder involvement in community awareness creation,Coordination,high,'stakeholder involvement' over 'awareness creation',1
stakeholder material and training support,Coordination,high,'stakeholder' over 'training',1
stakeholder meeting accountability,Coordination,high,'stakeholder' over 'accountab',1
stakeholder meeting participation,Community Management,high,'participation' over 'stakeholder',1
stakeholder mobilization,Coordination,high,'stakeholder' over 'mobiliz',1
stakeholder ownership and responsibility,Coordination,medium,'stakeholder' over 'ownership',1
stakeholder participation in water sector,Coordination,high,'stakeholder participation' over 'participation',1
stakeholder plan alignment,Coordination,high,'stakeholder' over 'plan',1
stakeholder resource aggregation,Coordination,high,matched 'stakeholder',1
stakeholder responsibility awareness,Coordination,high,'stakeholder' over 'awareness',1
stakeholder responsibility for maintenance,O&M,medium,'maintenance' over 'stakeholder',1
stakeholder responsibility for water service,Service Performance,high,'water service' over 'stakeholder',1
stakeholder sensitization and education,Coordination,high,'stakeholder' over 'education',1
stakeholder site assessment,Coordination,medium,'stakeholder' over 'assessment',1
stakeholder support for water service,Service Performance,high,'water service' over 'stakeholder',1
stakeholder transparency,Coordination,medium,'stakeholder' over 'transparen',1
stakeholder willingness to coordinate,Coordination,high,matched 'stakeholder',1
stalled project resolution,Planning,low,token-overlap fallback (7),1
standard dumping site,Infrastructure,high,'dumping site' over 'standard',1
standard waste disposal infrastructure,Infrastructure,high,'infrastructure' over 'standard',1
standardization of designs,Laws + Regulations,medium,'standard' over 'design',1
standardized landfill structure,Infrastructure,medium,'landfill' over 'standard',1
standardized project handover framework,Laws + Regulations,high,matched 'standard',1
standby Woreda technicians,O&M,high,'technician' over 'woreda',1
standby boreholes,Infrastructure,high,matched 'borehole',1
standby diesel generator,Infrastructure,high,matched 'generator',1
standby generators,Infrastructure,high,matched 'generator',1
standby pump availability,Infrastructure,low,token-overlap fallback (2),1
state-federal government collaboration,Laws + Regulations,high,'federal government' over 'government',1
steering committee,Community Management,high,matched 'committee',1
strategic dialogue forums at national and regional level,Planning,high,matched 'strategic',1
strategic equipment reserves,Infrastructure,medium,'equipment' over 'strategic',1
strategic investment in water resources,Environmental,high,'water resource' over 'investment',1
strategic plan for water schemes,Planning,high,matched 'strategic',1
strategic plan for water supply,Service Performance,high,'water supply' over 'strategic',1
strategic planning,Planning,high,matched 'strategic',1
strategic planning capacity,Planning,high,matched 'strategic',1
strategic sanitation planning,Planning,high,matched 'strategic',1
stream committee influence,Community Management,high,matched 'committee',1
stream committee led by water bureau,Community Management,high,matched 'committee',1
stream committee political support,Community Management,medium,'committee' over 'politic',1
stream development projects,Infrastructure,low,token-overlap fallback (3),1
stream water protection and disinfection,Service Performance,low,token-overlap fallback (29),1
streamlining of WASH organizations,Community Management,low,token-overlap fallback (2),1
street dwellers,Community / Users,low,no match — defaulted to Community / Users,1
street liquid waste contamination,Service Performance,high,'liquid waste' over 'contaminat',1
street waste,Service Performance,low,token-overlap fallback (6),1
street waste accumulation,Service Performance,low,token-overlap fallback (6),1
strengthened coordination,Coordination,high,matched 'coordinat',1
strengthening existing latrines,Infrastructure,high,matched 'latrine',1
strict committee management,Community Management,high,matched 'committee',1
strict supervision,Monitoring,high,matched 'supervision',1
strong WASHCOs,Community Management,high,matched 'washco',1
strong WASHCos,Community Management,high,matched 'washco',1
strong committee,Community Management,high,matched 'committee',1
strong committee at project onset,Community Management,high,matched 'committee',1
strong coordinating institution,Coordination,high,matched 'coordinat',1
strong coordination,Coordination,high,matched 'coordinat',1
strong inter-actor coordination,Coordination,high,matched 'coordinat',1
strong management,O&M,low,token-overlap fallback (6),1
strong sanitation institutions,Service Performance,low,token-overlap fallback (10),1
strong water committee,Community Management,high,matched 'water committee',1
structured reporting framework,Monitoring,high,matched 'reporting',1
structured revenue utilization,Community Finance,high,matched 'revenue',1
student attachment opportunities,Community / Users,low,no match — defaulted to Community / Users,1
student dropout,Community / Users,low,no match — defaulted to Community / Users,1
student performance funds,Service Performance,low,token-overlap fallback (1),1
student sanitation awareness,Community / Users,high,matched 'awareness',1
sub-committees,Community Management,high,matched 'committee',1
sub-county financial resources,Govt / External Finance,high,'financial resource' over 'sub-county',1
sub-county office funding,Govt Management,high,'sub-county' over 'funding',1
sub-county office operations,Govt Management,high,matched 'sub-county',1
sub-county officer capacity,Govt Management,high,matched 'sub-county',1
sub-county staffing levels,Govt Management,high,matched 'sub-county',1
sub-county water office information,Govt Management,high,matched 'sub-county',1
sub-county water officer authority,Govt Management,high,matched 'sub-county',1
sub-county water officer enforcement,Laws + Regulations,low,'enforcement' over 'sub-county',1
sub-county water officer oversight,Govt Management,medium,'sub-county' over 'oversight',1
sub-county water officer performance,Govt Management,high,matched 'sub-county',1
sub-county water officer responsiveness,Govt Management,high,matched 'sub-county',1
sub-surface and earth dams,Infrastructure,medium,matched 'dams',1
substandard local materials,Laws + Regulations,high,matched 'standard',1
successful project replication,Planning,low,token-overlap fallback (7),1
succession planning,Planning,high,matched 'planning',1
sufficient budget,Govt / External Finance,high,matched 'budget',1
sufficient research on water sources and production,Service Performance,low,token-overlap fallback (29),1
sufficient water resource,Environmental,high,matched 'water resource',1
suitability for consumption,Community / Users,low,no match — defaulted to Community / Users,1
supervision and monitoring by stakeholders,Coordination,low,'stakeholder' over 'supervision',1
supervision by higher officials,Monitoring,medium,'supervision' over 'officials',1
supervision of drilling,Monitoring,medium,'supervision' over 'drilling',1
supervision of scheme operation,O&M,high,'scheme operation' over 'supervision',1
support for local caretakers,O&M,high,matched 'caretaker',1
support from regional water bureau and WASH stakeholders,Coordination,high,matched 'stakeholder',1
surface water harvesting capacity,Environmental,high,matched 'water harvesting',1
surface water harvesting sustainability,Environmental,high,'water harvesting' over 'sustainab',1
surface water management guidelines,Laws + Regulations,high,matched 'guideline',1
surface water source availability,Environmental,high,matched 'water source availab',1
surface water source functionality,Service Performance,high,matched 'functionality',1
surface water treatment plant,Service Performance,low,'water treatment' over 'treatment plant',1
surrounding environmental pollution,Environmental,high,matched 'environmental',1
sustainability funding,Sustainability,high,'sustainab' over 'funding',1
sustainability internalization,Sustainability,high,matched 'sustainab',1
sustainability of implemented solutions,Sustainability,high,matched 'sustainab',1
sustainability of latrine service,Sustainability,high,'sustainab' over 'latrine',1
sustainability of sanitation campaigns,Sustainability,high,matched 'sustainab',1
sustainable WASH development,Sustainability,high,matched 'sustainab',1
sustainable WASH services,Sustainability,high,matched 'sustainab',1
sustainable WASH solutions,Sustainability,high,matched 'sustainab',1
sustainable change,Sustainability,high,matched 'sustainab',1
sustainable change in water sector,Sustainability,high,matched 'sustainab',1
sustainable communal latrine service,Sustainability,high,'sustainab' over 'latrine',1
sustainable power outage resolution,Infrastructure,high,'power outage' over 'sustainab',1
sustainable sanitation and water service,Service Performance,high,'water service' over 'sustainab',1
sustainable sanitation behavior,Sustainability,high,'sustainab' over 'behavior',1
sustainable sanitation implementation,Infrastructure,high,'implementation' over 'sustainab',1
sustainable sanitation service delivery,Sustainability,high,'sustainable sanitation service' over 'sanitation service',1
sustainable solutions,Sustainability,high,matched 'sustainab',1
sustainable use of common water resources,Environmental,high,'water resource' over 'sustainab',1
sustainable waste handling system,Sustainability,high,matched 'sustainab',1
sustainable water availability,Service Performance,high,'water availab' over 'sustainab',1
sustainable water problem alleviation,Sustainability,high,matched 'sustainab',1
sustainable water project service,Sustainability,high,matched 'sustainab',1
sustainable water service in expansion areas,Sustainability,high,'sustainable water service' over 'water service',1
sustainable water services,Sustainability,high,'sustainable water service' over 'water service',1
sustainable water solutions,Sustainability,high,matched 'sustainab',1
sustainable water supply solution,Service Performance,high,'water supply' over 'sustainab',1
sustainable water system,Sustainability,high,matched 'sustainab',1
sustained behavior change,Community / Users,high,matched 'behavior',1
sustained compliance,Laws + Regulations,high,matched 'compliance',1
sustained inter-sector coordination,Coordination,high,matched 'inter-sector',1
system breakdown,Service Performance,high,matched 'breakdown',1
system operations and maintenance,O&M,high,matched 'operations and maintenance',1
system overload,O&M,low,token-overlap fallback (2),1
system simplification,O&M,low,token-overlap fallback (2),1
systematic coordination,Coordination,high,matched 'coordinat',1
systematic monitoring structure,Monitoring,high,matched 'monitoring',1
systematic reporting capacity,Monitoring,high,matched 'reporting',1
systems maintenance,O&M,high,matched 'maintenance',1
tailor-made short courses,Service Performance,low,token-overlap fallback (1),1
tanker supply,Service Performance,low,token-overlap fallback (1),1
tap water contamination,Service Performance,high,'water contaminat' over 'contaminat',1
targeted NGO interventions,Coordination,medium,matched 'ngo',1
targeted intervention planning,Planning,high,matched 'planning',1
tariff adequacy,Community Finance,high,matched 'tariff',1
tariff adjustment,Community Finance,high,matched 'tariff',1
tariff collection,Community Finance,high,matched 'tariff',1
tariff increases,Community Finance,high,matched 'tariff',1
tariff level,Community Finance,high,matched 'tariff',1
tariff levels,Community Finance,high,matched 'tariff',1
tariff setting,Community Finance,high,matched 'tariff',1
task coordination,Coordination,high,matched 'coordinat',1
task force monthly coordination,Coordination,high,matched 'coordinat',1
task implementation effectiveness,Infrastructure,high,matched 'implementation',1
task sharing between stakeholders,Coordination,high,matched 'stakeholder',1
technical advice to committee,Community Management,high,matched 'committee',1
technical and financial support from regional water bureau,Govt / External Finance,high,matched 'financial support',1
technical and legal consultant involvement in town design,Planning,medium,'design' over 'legal',1
technical and material support from stakeholders,Coordination,high,matched 'stakeholder',1
technical and political leader alignment,Politics,high,matched 'politic',1
technical capacity of committees,Community Management,high,matched 'committee',1
technical capacity of water management committees,Community Management,high,matched 'water management committee',1
technical capacity of water management teams,Service Performance,low,token-overlap fallback (31),1
technical capacity problems,Capacity Building,low,token-overlap fallback (9),1
technical committee with expert majority,Community Management,high,'committee' over 'expert',1
technical defects,Capacity Building,low,token-overlap fallback (2),1
technical diagnostic skills,Capacity Building,low,token-overlap fallback (3),1
technical expert availability,Govt Management,high,matched 'expert',1
technical expert participation in town planning,Community Management,high,'participation' over 'planning',1
technical expert staffing,Govt Management,high,matched 'staffing',1
technical expert training programs,Capacity Building,medium,'training' over 'expert',1
technical expertise,Govt Management,high,matched 'expert',1
technical experts at woreda level,Govt Management,high,matched 'woreda',1
technical issue understanding,Capacity Building,low,token-overlap fallback (2),1
technical know-how,Capacity Building,low,token-overlap fallback (2),1
technical knowledge,Capacity Building,low,token-overlap fallback (2),1
technical knowledge and advisory support,Govt / External Finance,low,token-overlap fallback (5),1
technical knowledge gap,Capacity Building,low,token-overlap fallback (2),1
technical knowledge provision,Capacity Building,low,token-overlap fallback (2),1
technical maintenance,O&M,high,matched 'maintenance',1
technical service to rural schemes,Service Performance,low,token-overlap fallback (17),1
technical skill,Capacity Building,low,token-overlap fallback (5),1
technical skill training for WASHCos,Capacity Building,medium,'training' over 'washco',1
technical skills,Capacity Building,low,token-overlap fallback (3),1
technical skills capacity,Capacity Building,low,token-overlap fallback (10),1
technical skills development,Capacity Building,high,matched 'skills development',1
technical skills for equipment management,Infrastructure,high,matched 'equipment',1
technical skills training for community,Community / Users,medium,'community' over 'training',1
technical support at community level,Capacity Building,high,'technical support' over 'community',1
technical support for water schemes,Capacity Building,high,matched 'technical support',1
technical support from zonal offices and NGOs,Capacity Building,high,'technical support' over 'zonal',1
technical support to committees,Capacity Building,high,'technical support' over 'committee',1
technical teams for gap analysis,Capacity Building,low,token-overlap fallback (2),1
technical training for community,Community / Users,medium,'community' over 'training',1
technical training for community representatives,Community / Users,medium,'community' over 'training',1
technical workforce quality,Govt Management,high,matched 'workforce',1
technician deployment,O&M,high,matched 'technician',1
technician field experience,O&M,high,matched 'technician',1
technician performance,O&M,high,matched 'technician',1
technician placement at regional bureau,O&M,high,matched 'technician',1
technician responsibility,O&M,high,matched 'technician',1
technician shortage,O&M,high,matched 'technician',1
technician travel costs,O&M,high,matched 'technician',1
technician travel distance,O&M,high,matched 'technician',1
technology and practice adoption,Infrastructure,high,matched 'technology',1
technology appropriateness,Infrastructure,high,matched 'technology',1
technology assessment prior to adoption,Infrastructure,medium,'technology' over 'assessment',1
technology guidance,Infrastructure,high,matched 'technology',1
technology maintenance,O&M,medium,'maintenance' over 'technology',1
technology running cost,O&M,high,'running cost' over 'technology',1
technology selection,Infrastructure,high,'technology' over 'election',1
technology selection accuracy,Infrastructure,high,'technology' over 'election',1
technology selection appropriateness,Infrastructure,high,'technology' over 'election',1
technology sustainability,Infrastructure,medium,'technology' over 'sustainab',1
technology upgrade,Infrastructure,high,matched 'technology',1
temporary land agreements,Laws + Regulations,low,token-overlap fallback (6),1
temporary septic tanks,Infrastructure,high,matched 'septic',1
temporary solid waste dumping site,Infrastructure,medium,'dumping site' over 'solid waste',1
temporary solution,Community / Users,low,no match — defaulted to Community / Users,1
temporary waste disposal site,Infrastructure,high,matched 'disposal site',1
third party land ownership,Laws + Regulations,high,'land ownership' over 'ownership',1
time and cost efficiency,O&M,low,token-overlap fallback (8),1
time and resource savings,Community Finance,high,matched 'savings',1
time for income-generating activities,Community Finance,high,matched 'income',1
time saved from water fetching,Service Performance,low,token-overlap fallback (32),1
time to collect water,Service Performance,low,token-overlap fallback (34),1
timeliness of expenditure reporting,Monitoring,high,matched 'reporting',1
timely bill settlement,Community / Users,high,matched 'settlement',1
timely borehole commissioning after construction,Infrastructure,high,matched 'construction',1
timely borehole maintenance,O&M,high,'maintenance' over 'borehole',1
timely borehole repair,Infrastructure,medium,'borehole' over 'repair',1
timely budget release,Govt / External Finance,high,matched 'budget',1
timely facility repair,Infrastructure,medium,'facility' over 'repair',1
timely government intervention,Govt Management,high,matched 'government intervention',1
timely infrastructure repair,Infrastructure,high,'infrastructure' over 'repair',1
timely issue resolution,Laws + Regulations,low,token-overlap fallback (1),1
timely latrine emptying,Infrastructure,high,matched 'latrine',1
timely machinery repair,Infrastructure,high,'machinery' over 'repair',1
timely maintenance and repair,O&M,high,matched 'maintenance',1
timely maintenance and replacement of pipes and tankers,O&M,high,matched 'maintenance',1
timely materials and spare parts supply,O&M,high,matched 'spare part',1
timely monitoring of changes,Monitoring,high,matched 'monitoring',1
timely pipeline repair,Infrastructure,medium,'pipeline' over 'repair',1
timely problem resolution,Service Performance,low,token-overlap fallback (1),1
timely problem solving,Service Performance,low,token-overlap fallback (1),1
timely release of subsequent tranche of funds,Community / Users,low,no match — defaulted to Community / Users,1
timely repair of water facilities,Infrastructure,high,'facilities' over 'repair',1
timely repair of water infrastructure,Infrastructure,high,'infrastructure' over 'repair',1
timely repair of water schemes,O&M,high,matched 'repair',1
timely repairs,O&M,high,matched 'repair',1
timely reporting,Monitoring,high,matched 'reporting',1
timely reporting of activities and trainings,Monitoring,medium,'reporting' over 'training',1
timely resolution of water problems,Service Performance,low,token-overlap fallback (29),1
timely servicing schedule (job card system),O&M,high,matched 'servicing',1
timely supply of maintenance materials,O&M,high,matched 'maintenance',1
timely supply of materials,Service Performance,low,token-overlap fallback (1),1
timely system failure response,O&M,low,token-overlap fallback (2),1
timely task completion,Community / Users,low,no match — defaulted to Community / Users,1
timely training of water committees,Community Management,high,'water committee' over 'training',1
timely waste collection,Service Performance,high,matched 'waste collect',1
timely water scheme repair,O&M,high,matched 'repair',1
toilet availability,Infrastructure,high,matched 'toilet',1
toilet construction and use,Infrastructure,high,matched 'construction',1
toilet maintenance and cleanliness,O&M,medium,'maintenance' over 'cleanliness',1
toilet sanitation,Infrastructure,high,matched 'toilet',1
toilet use,Infrastructure,high,matched 'toilet',1
toilet use and handwashing practices,Infrastructure,high,matched 'toilet',1
toilet use and maintenance,O&M,high,'maintenance' over 'toilet',1
toilet use culture,Community / Users,low,'culture' over 'toilet',1
toilet waste contamination of water drainage,Community / Users,medium,'contaminat' over 'drainage',1
toll-free communication channel,Capacity Building,low,token-overlap fallback (2),1
topography and desert climate,Environmental,high,matched 'topography',1
topography and natural barriers,Environmental,high,matched 'topography',1
tourism,Community / Users,low,no match — defaulted to Community / Users,1
tourism and recreation opportunities,Community / Users,low,no match — defaulted to Community / Users,1
tourism attraction,Community / Users,low,no match — defaulted to Community / Users,1
tourism attractiveness,Community / Users,low,no match — defaulted to Community / Users,1
town administration and donor collaboration,Govt Management,high,'town administration' over 'collaborat',1
town administration and health office engagement,Govt Management,high,'town administration' over 'health',1
town administration budget authority,Govt Management,high,'town administration' over 'budget',1
town administration commitment,Govt Management,high,matched 'town administration',1
town administration fundraising,Govt Management,high,matched 'town administration',1
town administration prioritization of dumping site,Govt Management,high,'town administration' over 'prioritization',1
town administration-stakeholder collaboration,Govt Management,high,'town administration' over 'stakeholder',1
town administration–municipality–water utility coordination,Govt Management,high,'town administration' over 'coordinat',1
town administration–water utility coordination,Govt Management,high,'town administration' over 'coordinat',1
town aesthetic value and tourism,Govt Management,low,token-overlap fallback (2),1
town aesthetics,Govt Management,low,token-overlap fallback (2),1
town biodiversity and aesthetic quality,Service Performance,low,token-overlap fallback (3),1
town capacity for waste management,Service Performance,high,matched 'waste management',1
town development revenue,Community Finance,high,matched 'revenue',1
town environment and image,Environmental,high,matched 'environment',1
town growth and development,Planning,high,matched 'town growth',1
town model status,Govt Management,low,token-overlap fallback (2),1
town municipality cooperation,Coordination,medium,'cooperation' over 'municipal',1
town population growth,Community / Users,high,matched 'population',1
town sanitation,Service Performance,low,token-overlap fallback (10),1
town sanitation and beautification,Service Performance,low,token-overlap fallback (10),1
town sanitation status,Service Performance,high,matched 'sanitation status',1
town size,Govt Management,low,token-overlap fallback (2),1
town water provision,Service Performance,high,'water provis' over 'town water',1
town water service capacity,Service Performance,high,'water service' over 'town water',1
town water service improvement,Service Performance,high,'service improv' over 'town water',1
town water services,Service Performance,high,'water service' over 'town water',1
town water utility technical and financial assistance,Govt / External Finance,high,'financial assistance' over 'town water',1
trachoma prevalence,Community / Users,low,no match — defaulted to Community / Users,1
tracking of water operations,Monitoring,high,matched 'tracking',1
trade and service sector tax compliance,Laws + Regulations,high,matched 'compliance',1
trader accountability for waste,Monitoring,high,'accountab' over 'trader',1
traditional data management system,Monitoring,high,matched 'data management',1
traditional sanitation practices,Service Performance,low,token-overlap fallback (10),1
traditional waste disposal customs,Community / Users,high,matched 'customs',1
traditional waste disposal method,Community / Users,low,token-overlap fallback (11),1
trained artisan availability,Monitoring,low,token-overlap fallback (1),1
trained maintenance experts,O&M,high,'maintenance' over 'expert',1
trained management and repair capacity,O&M,high,matched 'repair',1
trained monitors and supervisors,Monitoring,high,matched 'supervis',1
trained project manager,Planning,low,token-overlap fallback (7),1
trained sub-county staff,Govt Management,high,matched 'sub-county',1
trained technical human power,Govt Management,high,matched 'man power',1
trained water committee members,Community Management,high,matched 'water committee',1
trainee knowledge application,Coordination,low,token-overlap fallback (1),1
trainee selection quality,Politics,high,matched 'election',1
training (short and long courses),Capacity Building,high,matched 'training',1
training all group members,Capacity Building,high,matched 'training',1
training and capacity building before infrastructure,Infrastructure,medium,'infrastructure' over 'capacity build',1
training budget,Capacity Building,medium,'training' over 'budget',1
training budget availability,Capacity Building,medium,'training' over 'budget',1
training by woreda water office,Capacity Building,medium,'training' over 'woreda',1
training coverage,Service Performance,medium,'coverage' over 'training',1
training curriculum relevance,Capacity Building,high,matched 'training',1
training effectiveness,Capacity Building,high,matched 'training',1
training focus on women,Capacity Building,high,'training' over 'women',1
training for county employees and sector players,Govt Management,low,'employee' over 'training',1
training for hotel/restaurant owners,Capacity Building,high,matched 'training',1
training for sanitation workers,Capacity Building,high,matched 'training',1
training for solid waste collection enterprises,Service Performance,high,'waste collect' over 'enterprise',1
training health extension workers,Capacity Building,high,'training' over 'health',1
training manual development,Capacity Building,high,matched 'training',1
training of project operators,O&M,medium,'operator' over 'training',1
training of skilled manpower,Govt Management,low,'manpower' over 'training',1
training of trainers programs,Capacity Building,high,matched 'training',1
training of water source operators,O&M,medium,'operator' over 'training',1
training on community ownership,Community Management,high,'community ownership' over 'community',1
training on leadership and financial management,Govt Management,high,'leadership' over 'training',1
training on operation and maintenance,O&M,high,'operation and maintenance' over 'training',1
training on proper use and management of facilities,Infrastructure,medium,'facilities' over 'proper use',1
training on small scheme maintenance,O&M,high,'maintenance' over 'training',1
training on water rules and regulations,Laws + Regulations,medium,'regulation' over 'training',1
training programs for plant mechanics,O&M,medium,'mechanic' over 'training',1
training provision,Capacity Building,high,matched 'training',1
training retention in community,Govt Management,low,'retention' over 'community',1
transformer repair speed,O&M,high,matched 'repair',1
transition of government officials,Govt Management,high,matched 'government',1
transparency about project investment,Community Finance,low,'transparen' over 'investment',1
transparency among stakeholders,Coordination,medium,'stakeholder' over 'transparen',1
transparency among water user committee members,Community Management,high,'water user committee' over 'transparen',1
transparency and accountability,Community Finance,medium,'transparen' over 'accountab',1
transparency and accountability in WASH,Community Finance,medium,'transparen' over 'accountab',1
transparency and accountability in committees,Community Finance,medium,'transparen' over 'committee',1
transparency and two-way communication,Community Finance,high,matched 'transparen',1
transparent communication about problems,Community Finance,high,matched 'transparen',1
transparent community discussion,Community Finance,medium,'transparen' over 'community',1
transparent shift scheduling,Community Finance,medium,'transparen' over 'scheduling',1
transport and fuel costs,O&M,low,'fuel cost' over 'transport',1
transport facilities,Infrastructure,high,matched 'facilities',1
transport for water officers,Infrastructure,high,'transport' over 'officer',1
transport infrastructure,Infrastructure,high,matched 'infrastructure',1
transport of raw materials for water scheme construction,Infrastructure,high,matched 'scheme construction',1
transportation facilities,Infrastructure,high,matched 'facilities',1
transportation vehicles,Infrastructure,high,matched 'transport',1
transportation/vehicle availability,Infrastructure,high,matched 'transport',1
trash collection tools and garbage truck,Infrastructure,medium,matched 'truck',1
trash collection tools and garbage truck procurement,Private Sector,high,'procurement' over 'truck',1
travel burden on women,Community / Users,medium,matched 'women',1
travel distance to fetch water,Service Performance,low,token-overlap fallback (29),1
travel long distance to fetch water,Service Performance,low,token-overlap fallback (29),1
treated sewage,Service Performance,low,token-overlap fallback (1),1
treatment expenses,Infrastructure,low,token-overlap fallback (2),1
treatment plant compliance,Infrastructure,high,'treatment plant' over 'compliance',1
treatment plant effectiveness,Infrastructure,high,matched 'treatment plant',1
treatment plant site research,Infrastructure,high,matched 'treatment plant',1
treatment plant site suitability,Infrastructure,high,matched 'treatment plant',1
tree survival,Environmental,low,token-overlap fallback (1),1
tropical climate,Environmental,high,matched 'climate',1
trust deed development,Infrastructure,low,token-overlap fallback (3),1
umbrella water management body,Service Performance,low,token-overlap fallback (30),1
uncontrolled waste disposal,Community / Users,low,token-overlap fallback (11),1
uncoordinated partner projects,Coordination,high,matched 'coordinat',1
underground water contamination,Service Performance,high,'water contaminat' over 'ground water',1
underground water depletion,Environmental,high,matched 'ground water',1
underground water salinity,Environmental,high,matched 'ground water',1
underground water scarcity,Service Performance,high,'water scarcity' over 'ground water',1
underground water schemes,Environmental,high,matched 'ground water',1
understanding of community roles and responsibilities,Community / Users,high,matched 'community',1
understanding of community water project needs,Community / Users,high,matched 'community',1
understanding of project importance,Planning,low,token-overlap fallback (7),1
understanding of project need and purpose,Planning,low,token-overlap fallback (8),1
understanding of sanitation conditions,Service Performance,high,matched 'sanitation condition',1
understanding of waste impact on clean water,Service Performance,high,matched 'clean water',1
understanding of waste impact on community health,Community / Users,high,matched 'community',1
understanding of water revenue purpose,Community Finance,high,matched 'revenue',1
uneven program coverage,Service Performance,high,matched 'coverage',1
unforeseen faults at facilities,Infrastructure,high,matched 'facilities',1
unilateral tariff setting,Community Finance,high,matched 'tariff',1
universal water access,Service Performance,high,matched 'water access',1
university and factory self-sufficient water supply,Service Performance,high,matched 'water supply',1
university demand on town water supply,Service Performance,high,'water supply' over 'town water',1
university establishment,Community / Users,low,no match — defaulted to Community / Users,1
university own water source,Service Performance,low,token-overlap fallback (29),1
university research contribution,Community Management,low,token-overlap fallback (1),1
university research on factory pollution,Environmental,high,matched 'pollution',1
university training of experts,Capacity Building,medium,'training' over 'expert',1
university underground water scheme,Environmental,high,matched 'ground water',1
university waste recycling and filtration,Service Performance,low,token-overlap fallback (6),1
unmet water and sanitation service demand,Service Performance,high,'water and sanitation service' over 'demand',1
unregulated spare parts market,O&M,high,'spare part' over 'regulat',1
unregulated waste porters,Laws + Regulations,high,matched 'regulat',1
unresolved minor technical problems,Capacity Building,low,token-overlap fallback (2),1
unsafe river water use,Environmental,medium,matched 'river',1
unsettled payment to electric utility,Community Finance,low,'payment' over 'utility',1
untreated industrial waste release,Service Performance,low,token-overlap fallback (6),1
untreated liquid waste discharge,Service Performance,high,matched 'liquid waste',1
untreated wastewater,Community / Users,low,no match — defaulted to Community / Users,1
untreated water use,Service Performance,low,token-overlap fallback (29),1
updated health extension package,Community / Users,high,matched 'health',1
updated technical knowledge and skills,Capacity Building,low,token-overlap fallback (3),1
upstream farming,Community / Users,high,matched 'farming',1
uptake of potable water services,Service Performance,high,matched 'water service',1
urban WASH stakeholder coordination,Coordination,high,matched 'stakeholder',1
urban agriculture productivity,Community / Users,high,matched 'agriculture',1
urban cleanliness,Community / Users,high,matched 'cleanliness',1
urban expansion,Planning,high,'urban expansion' over 'expansion',1
urban greening,Planning,low,token-overlap fallback (7),1
urban infrastructure investment,Infrastructure,high,'infrastructure' over 'investment',1
urban sanitation and hygiene,Community / Users,high,matched 'sanitation and hygiene',1
urban water and sanitation outcomes,Service Performance,low,token-overlap fallback (39),1
urban-appropriate leadership,Govt Management,high,matched 'leadership',1
urbanization and population growth,Planning,medium,'urbanization' over 'population',1
usability of dumping site,Infrastructure,high,matched 'dumping site',1
use of alternative water sources,Service Performance,low,token-overlap fallback (29),1
use of bank accounts,Community / Users,low,no match — defaulted to Community / Users,1
use of community/public land for water projects,Community / Users,high,matched 'community',1
use of contaminated water sources,Community / Users,high,matched 'contaminat',1
use of farmers' land as dumping site,Infrastructure,high,'dumping site' over 'farmer',1
use of gensets and grid power,Infrastructure,low,token-overlap fallback (2),1
use of hand washing facilities,Infrastructure,high,matched 'facilities',1
use of indigenous knowledge,Coordination,low,token-overlap fallback (1),1
use of polluted water sources,Environmental,high,matched 'pollut',1
use of quality equipment,Infrastructure,high,matched 'equipment',1
use of river and spring water,Environmental,high,matched 'spring',1
use of secondary consultants,Community / Users,low,no match — defaulted to Community / Users,1
use of surface water,Service Performance,low,token-overlap fallback (29),1
use of surface water (river/flood),Environmental,medium,matched 'flood',1
use of unsafe water sources,Service Performance,high,matched 'safe water',1
use of water treatment chemicals,Service Performance,high,matched 'water treatment',1
user committee accountability at handover,Community Management,high,'user committee' over 'accountab',1
user committee financial transparency,Community Finance,high,'financial transparency' over 'user committee',1
user fee payment,Community Finance,high,'user fee' over 'user',1
user fees for public toilets,Community Finance,medium,'user fee' over 'toilet',1
user financial capacity,Govt / External Finance,high,'financial capacity' over 'user',1
user payments alone,Community Finance,high,'payment' over 'user',1
user-county linkages,Community / Users,medium,matched 'user',1
using existing occasions for awareness creation,Capacity Building,high,'awareness creation' over 'awareness',1
utility borehole management,Infrastructure,medium,'borehole' over 'utility',1
utility fee accuracy,Govt Management,high,matched 'utility',1
utility payment settlement,Community / Users,high,'settlement' over 'payment',1
utilization of shelved water study data,Planning,medium,'study' over 'data',1
vacuum truck access,Service Performance,high,'vacuum truck' over 'truck',1
vacuum truck expense coverage,Service Performance,high,'vacuum truck' over 'truck',1
vacuum truck procurement financing,Service Performance,high,'vacuum truck' over 'procurement',1
vacuum truck service affordability,Service Performance,high,'vacuum truck' over 'affordab',1
vacuum truck service cost,Service Performance,low,'vacuum truck' over 'service cost',1
vacuum truck service delivery,Service Performance,high,'service deliver' over 'truck',1
vacuum truck wait time,Service Performance,high,'vacuum truck' over 'truck',1
vacuum trucks,Service Performance,high,matched 'vacuum truck',1
valuation of water,Service Performance,low,token-overlap fallback (29),1
value of new water scheme construction,Infrastructure,high,matched 'scheme construction',1
vehicle availability,Infrastructure,high,matched 'vehicle',1
vehicle oil and waste from driving training center,Capacity Building,low,'training' over 'vehicle',1
vehicle provision,Infrastructure,high,matched 'vehicle',1
vehicle provision to water office,Infrastructure,high,matched 'vehicle',1
vested interest in scheme operation,O&M,high,matched 'scheme operation',1
village administrator as signatory,Community / Users,low,no match — defaulted to Community / Users,1
village administrator involvement,Community Management,low,token-overlap fallback (2),1
village administrator involvement in new projects,Community Management,low,token-overlap fallback (2),1
village administrator participation in committee meetings,Community Management,high,matched 'participation',1
village clustering,Community / Users,low,no match — defaulted to Community / Users,1
village-level organization,Coordination,low,token-overlap fallback (2),1
village-level waste containers,Service Performance,low,token-overlap fallback (6),1
violation penalty level,Laws + Regulations,high,matched 'penalty',1
violations of environmental and sanitation regulations,Environmental,high,'environmental' over 'regulation',1
violence at water sources,Service Performance,low,token-overlap fallback (29),1
visibility of actor interventions,Private Sector,low,token-overlap fallback (1),1
visibility of scheme status,Infrastructure,low,token-overlap fallback (4),1
visionary leadership,Govt Management,high,matched 'leadership',1
visual appearance of water (looks clean),Service Performance,low,token-overlap fallback (31),1
vocational training for professionals,Govt Management,high,'professional' over 'training',1
volume of liquid and solid waste,Service Performance,high,matched 'solid waste',1
volume-based waste disposal fees,Community / Users,low,token-overlap fallback (11),1
voluntary basis of committee service,Community Management,high,matched 'committee',1
voluntary management structure,O&M,low,token-overlap fallback (6),1
vulnerability to climatic shocks,Community / Users,low,no match — defaulted to Community / Users,1
waiting time at water facilities,Infrastructure,high,matched 'facilities',1
walking distance to water sources,Service Performance,low,token-overlap fallback (29),1
walking distances for water,Service Performance,low,token-overlap fallback (29),1
waste assimilation capacity,Service Performance,low,token-overlap fallback (7),1
waste box overflow,Service Performance,low,token-overlap fallback (6),1
waste burning,Service Performance,low,token-overlap fallback (6),1
waste classification,Service Performance,low,token-overlap fallback (6),1
waste collecting containers,Service Performance,high,matched 'waste collect',1
waste collecting containers on streets,Service Performance,high,matched 'waste collect',1
waste collection and disposal service,Service Performance,high,matched 'waste collect',1
waste collection and management activities,Service Performance,high,matched 'waste collect',1
waste collection and separation jobs,Service Performance,high,matched 'waste collect',1
waste collection and sorting,Service Performance,high,matched 'waste collect',1
waste collection and transportation mechanism,Service Performance,high,'waste collect' over 'transport',1
waste collection bags,Service Performance,high,matched 'waste collect',1
waste collection bins availability,Service Performance,high,matched 'waste collect',1
waste collection coverage,Service Performance,high,matched 'waste collect',1
waste collection from service sectors,Service Performance,high,matched 'waste collect',1
waste collection service expansion,Service Performance,high,'waste collection service' over 'expansion',1
waste collection service financing,Service Performance,high,'waste collection service' over 'financing',1
waste collection service in all areas,Service Performance,high,matched 'waste collection service',1
waste collection vehicles and drivers,Service Performance,high,'waste collect' over 'vehicle',1
waste collection without designated disposal sites,Service Performance,low,'waste collect' over 'disposal site',1
waste collector awareness,Service Performance,high,'waste collect' over 'awareness',1
waste compost preparation,Service Performance,low,token-overlap fallback (6),1
waste contamination,Community / Users,high,matched 'contaminat',1
waste contamination source identification,Community / Users,high,matched 'contaminat',1
waste disposal and management activities,Community / Users,low,token-overlap fallback (11),1
waste disposal and management practices,Community / Users,low,token-overlap fallback (11),1
waste disposal area,Community / Users,low,token-overlap fallback (11),1
waste disposal behavior,Community / Users,high,matched 'waste disposal behavior',1
waste disposal cost,Community / Users,low,token-overlap fallback (11),1
waste disposal demand,Community / Users,high,matched 'demand',1
waste disposal education,Community / Users,high,matched 'education',1
waste disposal facilities,Infrastructure,high,matched 'facilities',1
waste disposal fee collection efficiency,Community Finance,high,matched 'fee collection',1
waste disposal fees,Community / Users,low,token-overlap fallback (11),1
waste disposal implementation,Infrastructure,high,matched 'implementation',1
waste disposal in residential areas,Community / Users,high,matched 'resident',1
waste disposal infrastructure utilization,Infrastructure,high,matched 'infrastructure',1
waste disposal land demand,Community / Users,high,matched 'demand',1
waste disposal laws and enforcement,Laws + Regulations,high,matched 'enforcement',1
waste disposal management,Community / Users,low,token-overlap fallback (11),1
waste disposal on farmers land,Community / Users,high,matched 'farmer',1
waste disposal options for community,Community / Users,high,matched 'community',1
waste disposal place development,Community / Users,low,token-overlap fallback (11),1
waste disposal practice improvement,Community / Users,high,matched 'waste disposal practice',1
waste disposal service continuity,Service Performance,high,matched 'service continu',1
waste disposal service provision,Service Performance,high,matched 'service provis',1
waste disposal site agreement,Infrastructure,high,matched 'disposal site',1
waste disposal site distance from town,Infrastructure,high,matched 'disposal site',1
waste disposal site establishment,Infrastructure,high,matched 'disposal site',1
waste disposal site functionality,Service Performance,low,'functionality' over 'disposal site',1
waste disposal site location,Infrastructure,high,matched 'disposal site',1
waste disposal site problem,Infrastructure,high,matched 'disposal site',1
waste disposal site project implementation,Infrastructure,high,matched 'project implementation',1
waste disposal site selection study,Infrastructure,low,'disposal site' over 'site selection',1
waste disposal solutions,Community / Users,low,token-overlap fallback (11),1
waste disposal to water points and rivers,Infrastructure,high,matched 'water point',1
waste disposal vehicle fleet,Infrastructure,high,matched 'vehicle',1
waste disposed in environment,Environmental,high,matched 'environment',1
waste dumping site,Infrastructure,high,matched 'dumping site',1
waste fee consolidation with water bill,Community Finance,high,matched 'water bill',1
waste generation,Service Performance,low,token-overlap fallback (6),1
waste littering,Community / Users,high,matched 'littering',1
waste management activities,Service Performance,high,matched 'waste management',1
waste management demonstration sites,Service Performance,high,matched 'waste management',1
waste management execution,Service Performance,high,matched 'waste management',1
waste management inputs,Service Performance,high,matched 'waste management',1
waste management practice,Service Performance,high,matched 'waste management',1
waste management problems,Service Performance,high,matched 'waste management',1
waste management regulations for new firms,Service Performance,high,'waste management' over 'regulation',1
waste management responsibility,Service Performance,high,matched 'waste management',1
waste management services,Service Performance,high,matched 'waste management',1
waste management sustainability,Service Performance,high,'waste management' over 'sustainab',1
waste management system,Service Performance,high,matched 'waste management',1
waste management system development,Service Performance,high,matched 'waste management',1
waste material dumping site,Infrastructure,high,matched 'dumping site',1
waste material transportation capacity,Infrastructure,high,matched 'transport',1
waste material transportation system,Infrastructure,high,matched 'transport',1
waste recycling,Service Performance,low,token-overlap fallback (6),1
waste recycling enterprise development,Private Sector,high,matched 'enterprise',1
waste recycling mechanism,Service Performance,low,token-overlap fallback (6),1
waste recycling process,Service Performance,low,token-overlap fallback (6),1
waste removal capacity,Service Performance,high,matched 'waste removal',1
waste reuse practices,Infrastructure,high,matched 'waste reuse',1
waste sorting,Service Performance,low,token-overlap fallback (6),1
waste sorting and disposal practices,Community / Users,low,token-overlap fallback (11),1
waste sorting behavior,Community / Users,high,matched 'behavior',1
waste sorting education,Community / Users,high,matched 'education',1
waste transport cost,Infrastructure,high,matched 'transport',1
waste transport service,Infrastructure,high,matched 'transport',1
waste transport vehicles,Infrastructure,high,matched 'transport',1
waste transport vehicles and containers,Infrastructure,high,matched 'transport',1
waste treatment mechanism,Infrastructure,high,matched 'waste treatment',1
waste treatment planning,Infrastructure,high,'waste treatment' over 'planning',1
waste volumes,Service Performance,low,token-overlap fallback (6),1
waste-contaminated play areas,Community / Users,high,matched 'contaminat',1
waste-to-energy conversion,Service Performance,low,token-overlap fallback (6),1
wastewater stagnation,Community / Users,low,no match — defaulted to Community / Users,1
wastewater stagnation in ditches,Community / Users,low,no match — defaulted to Community / Users,1
water ATM with MPESA paybill,Service Performance,low,token-overlap fallback (29),1
water abstraction regulation,Laws + Regulations,high,matched 'regulation',1
water access at public toilets,Service Performance,high,'water access' over 'toilet',1
water access at water points,Service Performance,medium,'water access' over 'water point',1
water access burden,Service Performance,high,matched 'water access',1
water access coverage,Service Performance,high,matched 'water access',1
water access for beneficiaries,Service Performance,high,matched 'water access',1
water access for distant users,Service Performance,high,'water access' over 'users',1
water access for new villages and industries,Service Performance,high,matched 'water access',1
water access for underserved neighborhoods,Service Performance,high,matched 'water access',1
water access in areas without road infrastructure,Infrastructure,medium,'infrastructure' over 'water access',1
water access in contaminated groundwater areas,Service Performance,medium,'water access' over 'groundwater',1
water access in high-altitude areas,Service Performance,high,matched 'water access',1
water access in institutions,Service Performance,high,matched 'water access',1
water access in remote areas,Service Performance,high,matched 'water access',1
water access in schools,Service Performance,high,'water access' over 'school',1
water access post-COVID,Service Performance,high,matched 'water access',1
water access reliability,Service Performance,high,matched 'water access',1
water access techniques,Service Performance,high,matched 'water access',1
water and hygiene pollution,Environmental,high,'pollution' over 'hygiene',1
water and hygiene quality,Community / Users,high,matched 'hygiene',1
water and sanitary service cost,O&M,high,matched 'service cost',1
water and sanitation change,Service Performance,low,token-overlap fallback (39),1
water and sanitation problem resolution,Service Performance,high,matched 'sanitation problem',1
water and sanitation problem-solving,Service Performance,high,matched 'sanitation problem',1
water and sanitation problems,Service Performance,high,matched 'sanitation problem',1
water and sanitation program success,Service Performance,low,token-overlap fallback (39),1
water and sanitation programs,Service Performance,low,token-overlap fallback (39),1
water and sanitation service development,Service Performance,high,matched 'water and sanitation service',1
water and sanitation service funding,Service Performance,high,'water and sanitation service' over 'funding',1
water and sanitation service quality,Service Performance,high,matched 'water and sanitation service',1
water and sanitation services,Service Performance,high,matched 'water and sanitation service',1
water and sewer infrastructure,Infrastructure,high,matched 'infrastructure',1
water availability and distribution,Service Performance,high,matched 'water availab',1
water availability at latrines,Service Performance,high,'water availab' over 'latrine',1
water availability during drought seasons,Service Performance,high,'water availab' over 'drought',1
water availability during dry season,Service Performance,high,'water availab' over 'dry season',1
water availability for agriculture,Service Performance,high,'water availab' over 'agriculture',1
water availability for livestock and domestic consumption,Service Performance,high,'water availab' over 'livestock',1
water availability in schools,Service Performance,high,'water availab' over 'school',1
water bill payment,Community Finance,high,matched 'water bill',1
water board management,Service Performance,low,token-overlap fallback (30),1
water body protection (source rivers),Service Performance,low,token-overlap fallback (29),1
water borehole development,Infrastructure,high,matched 'borehole',1
water borne disease control,Community / Users,high,matched 'water borne',1
water borne disease prevalence,Community / Users,high,matched 'water borne',1
water bureau capacity,Service Performance,low,token-overlap fallback (30),1
water bureau coordination forum,Coordination,high,matched 'coordinat',1
water bureau coordination leadership,Govt Management,medium,'leadership' over 'coordinat',1
water bureau performance,Service Performance,low,token-overlap fallback (30),1
water catchment and reservoir construction,Infrastructure,high,'construction' over 'catchment',1
water catchment conservation,Environmental,high,matched 'catchment',1
water challenges addressed,Service Performance,low,token-overlap fallback (29),1
water cleanliness,Community / Users,high,matched 'cleanliness',1
water committee coordination,Community Management,high,'water committee' over 'coordinat',1
water committee financial accountability,Community Finance,high,'financial accountab' over 'water committee',1
water committee legal framework,Community Management,high,'water committee' over 'legal',1
water committee oversight,Community Management,high,'water committee' over 'oversight',1
water committee stability,Community Management,high,matched 'water committee',1
water committee support,Community Management,high,matched 'water committee',1
water committee training and materials,Capacity Building,high,'committee training' over 'water committee',1
water committee turnover,Community Management,high,'water committee' over 'turnover',1
water container size,Service Performance,low,token-overlap fallback (29),1
water contamination management,Service Performance,high,'water contaminat' over 'contaminat',1
water cost to community,Community / Users,high,matched 'community',1
water coverage and access,Service Performance,high,matched 'water coverage',1
water coverage gap identification,Service Performance,high,matched 'water coverage',1
water cranes and machines,Service Performance,low,token-overlap fallback (29),1
water delivery,Service Performance,high,matched 'water deliver',1
water delivery efficiency,Service Performance,high,matched 'water deliver',1
water delivery to distant storage,Service Performance,high,matched 'water deliver',1
water demand and supply data,Community / Users,high,'water demand' over 'data',1
water demand coverage,Community / Users,high,'water demand' over 'coverage',1
water demand on systems,Community / Users,high,matched 'water demand',1
water department field staff,Govt Management,medium,matched 'staff',1
water department oversight capacity,Monitoring,high,matched 'oversight',1
water distribution,Service Performance,low,token-overlap fallback (29),1
water distribution coverage,Service Performance,high,matched 'coverage',1
water distribution irregularity,Service Performance,low,token-overlap fallback (29),1
water distribution line condition,Service Performance,low,token-overlap fallback (30),1
water distribution management,Service Performance,low,token-overlap fallback (30),1
water distribution problem resolution,Service Performance,low,token-overlap fallback (30),1
water distribution system breakdown,Service Performance,high,matched 'breakdown',1
water distribution system fairness,Service Performance,low,token-overlap fallback (29),1
water distribution to consumers,Service Performance,low,token-overlap fallback (29),1
water distribution to outside areas,Service Performance,low,token-overlap fallback (29),1
water distribution to residents,Community / Users,high,matched 'resident',1
water drainage system pollution,Environmental,medium,'pollution' over 'drainage',1
water drilling project completion,Infrastructure,high,matched 'drilling',1
water expert assessment and documentation,Planning,high,'assessment' over 'expert',1
water expert training,Capacity Building,medium,'training' over 'expert',1
water facility construction,Infrastructure,high,matched 'construction',1
water facility deterioration,Infrastructure,high,matched 'facility',1
water facility establishment,Infrastructure,high,matched 'facility',1
water facility maintenance,O&M,high,'maintenance' over 'facility',1
water facility mishandling,Infrastructure,high,matched 'facility',1
water facility problem reporting,Infrastructure,low,'facility' over 'reporting',1
water facility repair,Infrastructure,medium,'facility' over 'repair',1
water facility scarcity,Infrastructure,high,matched 'facility',1
water fetching burden,Service Performance,low,token-overlap fallback (29),1
water fetching burden on women and children,Community / Users,high,matched 'children',1
water fetching time,Service Performance,low,token-overlap fallback (32),1
water fetching time for women,Community / Users,medium,matched 'women',1
water flow in system,Service Performance,high,matched 'water flow',1
water flow monitoring,Service Performance,medium,'water flow' over 'monitoring',1
water harvesting,Environmental,high,matched 'water harvesting',1
water harvesting activities,Environmental,high,matched 'water harvesting',1
water harvesting for irrigation,Environmental,high,'water harvesting' over 'irrigation',1
water harvesting programs,Environmental,high,matched 'water harvesting',1
water harvesting structures,Environmental,high,matched 'water harvesting',1
water hygiene,Community / Users,high,matched 'hygiene',1
water infrastructure activities,Infrastructure,high,matched 'infrastructure',1
water infrastructure adequacy,Infrastructure,high,matched 'infrastructure',1
water infrastructure around schools and health posts,Infrastructure,high,'infrastructure' over 'health',1
water infrastructure capacity,Infrastructure,high,matched 'infrastructure',1
water infrastructure condition,Infrastructure,high,matched 'infrastructure',1
water infrastructure construction,Infrastructure,high,matched 'infrastructure',1
water infrastructure coverage,Infrastructure,high,'infrastructure' over 'coverage',1
water infrastructure coverage in rural kebeles,Infrastructure,high,'infrastructure' over 'coverage',1
water infrastructure damage,Infrastructure,high,matched 'infrastructure',1
water infrastructure in expansion areas,Infrastructure,high,matched 'infrastructure',1
water infrastructure investment,Infrastructure,high,'infrastructure' over 'investment',1
water infrastructure longevity,Infrastructure,high,'infrastructure' over 'longevity',1
water infrastructure management,Infrastructure,high,matched 'infrastructure',1
water infrastructure needs,Infrastructure,high,matched 'infrastructure',1
water infrastructure operation,Infrastructure,high,matched 'infrastructure',1
water infrastructure output,Infrastructure,high,matched 'infrastructure',1
water infrastructure problems,Infrastructure,high,matched 'infrastructure',1
water infrastructure project completion,Infrastructure,high,matched 'infrastructure',1
water infrastructure projects,Infrastructure,high,matched 'infrastructure',1
water infrastructure reliability,Infrastructure,high,matched 'infrastructure',1
water infrastructure use,Infrastructure,high,matched 'infrastructure',1
water infrastructure utilization,Infrastructure,high,matched 'infrastructure',1
water institute capacity,Service Performance,low,token-overlap fallback (30),1
water intervention selection,Politics,high,matched 'election',1
water kiosk bypass,Infrastructure,medium,matched 'kiosk',1
water kiosk utilization,Infrastructure,medium,matched 'kiosk',1
water leakage,Service Performance,low,token-overlap fallback (29),1
water line breakdowns,Service Performance,high,matched 'breakdown',1
water line capacity,Service Performance,low,token-overlap fallback (30),1
water line construction to schools,Infrastructure,high,'construction' over 'school',1
water line damage,Service Performance,low,token-overlap fallback (29),1
water line expansion,Infrastructure,high,matched 'expansion',1
water line leakage,Service Performance,low,token-overlap fallback (29),1
water loss,Service Performance,low,token-overlap fallback (29),1
water maintenance unions and private actors,O&M,high,matched 'maintenance',1
water management awareness campaigns,Capacity Building,high,'awareness campaign' over 'awareness',1
water management capacity,Service Performance,low,token-overlap fallback (31),1
water management committee knowledge,Community Management,high,matched 'water management committee',1
water management committee training,Community Management,high,'water management committee' over 'committee training',1
water management committees,Community Management,high,matched 'water management committee',1
water management model,Service Performance,low,token-overlap fallback (30),1
water management practices,Service Performance,low,token-overlap fallback (30),1
water management skills,Service Performance,low,token-overlap fallback (30),1
water management training,Capacity Building,high,matched 'training',1
water meter installation,Infrastructure,high,matched 'installation',1
water mismanagement,Govt Management,high,matched 'mismanage',1
water needs identification,Service Performance,low,token-overlap fallback (29),1
water network extension,Service Performance,low,token-overlap fallback (29),1
water office M&E leadership,Govt Management,high,'leadership' over 'm&e',1
water office awareness activities,Community / Users,high,matched 'awareness',1
water office coordination initiative,Coordination,high,matched 'coordinat',1
water office logistics and materials,Service Performance,low,token-overlap fallback (29),1
water office staffing,Govt Management,high,matched 'staffing',1
water office supervisor oversight,Monitoring,high,matched 'oversight',1
water officer transport,Infrastructure,high,'transport' over 'officer',1
water output volume,Service Performance,low,token-overlap fallback (29),1
water pan availability at latrines,Infrastructure,high,matched 'latrine',1
water pans and tanks,Service Performance,low,token-overlap fallback (29),1
water pipe damage,Infrastructure,medium,matched 'pipe',1
water pipe diameter,Infrastructure,medium,matched 'pipe',1
water pipeline damage,Infrastructure,high,matched 'pipeline',1
water point maintenance,O&M,low,'maintenance' over 'water point',1
water policy,Laws + Regulations,high,matched 'policy',1
water policy development,Laws + Regulations,high,matched 'policy',1
water policy implementation,Infrastructure,high,'implementation' over 'policy',1
water potability,Service Performance,low,token-overlap fallback (29),1
water potability from saline sources,Service Performance,low,token-overlap fallback (29),1
water priority identification,Service Performance,low,token-overlap fallback (29),1
water problem reporting,Monitoring,high,matched 'reporting',1
water problem resolution,Service Performance,low,token-overlap fallback (30),1
water problem solving,Service Performance,low,token-overlap fallback (30),1
water problem solving capacity,Service Performance,low,token-overlap fallback (31),1
water production and consumption monitoring,Monitoring,high,matched 'monitoring',1
water production and sales recording,Service Performance,low,token-overlap fallback (29),1
water production monitoring,Monitoring,high,matched 'monitoring',1
water project continuity,Service Performance,low,token-overlap fallback (30),1
water project delivery,Service Performance,low,token-overlap fallback (29),1
water project effectiveness,Service Performance,low,token-overlap fallback (29),1
water project failure,Service Performance,low,token-overlap fallback (29),1
water project finances,Community Finance,high,'project finance' over 'finance',1
water project financial management,Service Performance,low,token-overlap fallback (30),1
water project functionality,Service Performance,high,matched 'functionality',1
water project funding sufficiency,Govt / External Finance,high,matched 'funding',1
water project income,Community Finance,high,matched 'income',1
water project initiation in remote areas,Service Performance,low,token-overlap fallback (29),1
water project maintenance and establishment,O&M,high,matched 'maintenance',1
water project management,Planning,high,matched 'project management',1
water project management effectiveness,Planning,high,matched 'project management',1
water project monitoring effectiveness,Monitoring,high,matched 'monitoring',1
water project operation,Service Performance,low,token-overlap fallback (29),1
water project operationalization,Service Performance,low,token-overlap fallback (29),1
water project outcomes,Service Performance,low,token-overlap fallback (29),1
water project oversight,Monitoring,high,matched 'oversight',1
water project performance,Service Performance,low,token-overlap fallback (30),1
water project proposals,Service Performance,low,token-overlap fallback (29),1
water project success,Service Performance,low,token-overlap fallback (29),1
water project timely completion,Service Performance,low,token-overlap fallback (29),1
water projects completion,Service Performance,low,token-overlap fallback (29),1
water pump acquisition,Service Performance,low,token-overlap fallback (29),1
water pump emergency operation,Service Performance,low,token-overlap fallback (29),1
water pump failure,Service Performance,low,token-overlap fallback (29),1
water pump maintenance,O&M,high,matched 'maintenance',1
water pump operation,Service Performance,low,token-overlap fallback (29),1
water pumping reliability,Service Performance,low,token-overlap fallback (29),1
water purification and chlorination practices,Service Performance,low,token-overlap fallback (29),1
water purification machine installation,Infrastructure,high,matched 'installation',1
water quality assurance,Monitoring,high,'quality assurance' over 'water quality',1
water quality for downstream users,Service Performance,high,'water quality' over 'users',1
water quality improvement,Service Performance,high,matched 'water quality',1
water quality monitoring,Service Performance,high,'water quality' over 'monitoring',1
water quality testing laboratory,Service Performance,high,matched 'water quality',1
water quantity access,Service Performance,high,matched 'water quantity',1
water rationing,Service Performance,high,matched 'water rationing',1
water recycling and rainwater harvesting,Environmental,high,matched 'rainwater harvest',1
water rent revenue,Community Finance,high,matched 'revenue',1
water reservoir availability,Infrastructure,high,matched 'reservoir',1
water reservoir drying,Infrastructure,high,matched 'reservoir',1
water reservoir functionality,Service Performance,high,'functionality' over 'reservoir',1
water reservoir issue resolution,Infrastructure,high,matched 'reservoir',1
water reservoir level,Infrastructure,high,matched 'reservoir',1
water resource depletion,Environmental,high,matched 'source depletion',1
water resource identification quality,Environmental,high,matched 'water resource',1
water resource management quality,Environmental,high,matched 'water resource',1
water resource persons training,Environmental,high,'water resource' over 'training',1
water resource planning,Environmental,high,'water resource' over 'planning',1
water resource potential study,Environmental,high,'water resource' over 'study',1
water resource sustainability,Environmental,high,'water resource' over 'sustainab',1
water resource utilization,Environmental,high,matched 'water resource',1
water resources,Environmental,high,matched 'water resource',1
water resources management,Environmental,high,matched 'water resource',1
water restoration process,Service Performance,low,token-overlap fallback (29),1
water retention,Govt Management,high,matched 'retention',1
water running in systems,Service Performance,low,token-overlap fallback (29),1
water sales contributions,Service Performance,low,token-overlap fallback (29),1
water sales volume,Service Performance,low,token-overlap fallback (29),1
water sanitation,Service Performance,low,token-overlap fallback (39),1
water scheme adequacy,Service Performance,low,token-overlap fallback (30),1
water scheme administration,Govt Management,high,matched 'administration',1
water scheme breakdown,Service Performance,high,matched 'breakdown',1
water scheme breakdowns,Service Performance,high,matched 'breakdown',1
water scheme completion,Service Performance,low,token-overlap fallback (29),1
water scheme component functionality,Service Performance,high,matched 'functionality',1
water scheme construction access,Infrastructure,high,matched 'scheme construction',1
water scheme construction quality,Infrastructure,high,matched 'scheme construction',1
water scheme cost reduction,Service Performance,low,token-overlap fallback (29),1
water scheme damage,Service Performance,low,token-overlap fallback (29),1
water scheme depletion,Service Performance,low,token-overlap fallback (29),1
water scheme design,Planning,high,matched 'design',1
water scheme design fit,Planning,high,matched 'design',1
water scheme development and maintenance,Infrastructure,high,'scheme development' over 'maintenance',1
water scheme development for health facilities,Infrastructure,high,'scheme development' over 'health',1
water scheme development in town,Infrastructure,high,matched 'scheme development',1
water scheme efficiency,Service Performance,low,token-overlap fallback (29),1
water scheme expansion,Infrastructure,high,matched 'scheme expansion',1
water scheme expansion and rehabilitation,Infrastructure,high,'scheme expansion' over 'rehabilitat',1
water scheme failure,Service Performance,low,token-overlap fallback (29),1
water scheme fencing,Service Performance,low,token-overlap fallback (29),1
water scheme financial management,Service Performance,low,token-overlap fallback (30),1
water scheme financial oversight,Monitoring,high,matched 'oversight',1
water scheme functionality monitoring,Service Performance,high,'functionality' over 'monitoring',1
water scheme governance,Govt Management,high,matched 'governance',1
water scheme infrastructure,Infrastructure,high,matched 'infrastructure',1
water scheme integration,Coordination,high,matched 'integration',1
water scheme life span,Service Performance,low,token-overlap fallback (29),1
water scheme maintenance and rehabilitation,O&M,high,matched 'maintenance',1
water scheme maintenance by community,O&M,high,'maintenance' over 'community',1
water scheme maintenance capacity,O&M,high,matched 'maintenance',1
water scheme maintenance coverage,O&M,high,'maintenance' over 'coverage',1
water scheme maintenance service,O&M,high,matched 'maintenance',1
water scheme management capacity,O&M,high,matched 'water scheme management',1
water scheme management practices,O&M,high,matched 'water scheme management',1
water scheme operationality,O&M,high,matched 'scheme operation',1
water scheme planning,Planning,high,matched 'planning',1
water scheme pollution,Environmental,high,matched 'pollution',1
water scheme problem response,Service Performance,low,token-overlap fallback (31),1
water scheme problem-solving capacity,Service Performance,low,token-overlap fallback (31),1
water scheme project failure,Service Performance,low,token-overlap fallback (29),1
water scheme proximity to schools,Community / Users,high,matched 'school',1
water scheme quality,Service Performance,low,token-overlap fallback (32),1
water scheme quality monitoring,Monitoring,high,matched 'monitoring',1
water scheme repair,O&M,high,matched 'repair',1
water scheme repair capacity,O&M,high,matched 'repair',1
water scheme resourcing,Service Performance,low,token-overlap fallback (29),1
water scheme security and sustainability,Sustainability,high,matched 'sustainab',1
water scheme service,Service Performance,low,token-overlap fallback (46),1
water scheme service provision,Service Performance,high,matched 'service provis',1
water scheme shortage,Service Performance,low,token-overlap fallback (30),1
water scheme status knowledge,Service Performance,low,token-overlap fallback (30),1
water scheme success,Service Performance,low,token-overlap fallback (29),1
water scheme sufficiency,Service Performance,low,token-overlap fallback (29),1
water scheme volume,Service Performance,low,token-overlap fallback (29),1
water schemes near schools,Community / Users,high,matched 'school',1
water sector coordination,Coordination,high,matched 'coordinat',1
water sector governance,Govt Management,high,matched 'governance',1
water sector improvement,Service Performance,low,token-overlap fallback (29),1
water sector knowledge sharing,Coordination,high,matched 'knowledge sharing',1
water sector leadership,Govt Management,high,matched 'leadership',1
water sector privatization,Service Performance,low,token-overlap fallback (29),1
water sector restructuring,Service Performance,low,token-overlap fallback (29),1
water sector workforce capacity,Govt Management,high,matched 'workforce',1
water service accessibility,Service Performance,high,matched 'service access',1
water service and waste disposal management,Service Performance,high,matched 'water service',1
water service breakdown frequency,Service Performance,high,matched 'water service',1
water service burden,Service Performance,high,matched 'water service',1
water service challenges,Service Performance,high,matched 'water service',1
water service coverage across woredas,Service Performance,high,'service coverage' over 'woreda',1
water service delivery across woreda,Service Performance,high,'service deliver' over 'woreda',1
water service delivery planning,Service Performance,high,'service deliver' over 'planning',1
water service demand,Service Performance,high,'water service' over 'demand',1
water service expansion,Service Performance,high,'water service' over 'expansion',1
water service failures,Service Performance,high,matched 'water service',1
water service financial sustainability,Service Performance,high,'water service' over 'sustainab',1
water service financing,Service Performance,high,'water service' over 'financing',1
water service functionality,Service Performance,high,matched 'water service',1
water service governance,Service Performance,high,'water service' over 'governance',1
water service handover,Service Performance,high,matched 'water service',1
water service infrastructure,Infrastructure,medium,'infrastructure' over 'water service',1
water service interruption,Service Performance,high,matched 'service interruption',1
water service interruption during power outage,Service Performance,high,'service interruption' over 'power outage',1
water service interruption frequency,Service Performance,high,matched 'service interruption',1
water service longevity,Service Performance,high,'water service' over 'longevity',1
water service management quality,O&M,high,'service management' over 'water service',1
water service operation,Service Performance,high,matched 'water service',1
water service operations,Service Performance,high,matched 'water service',1
water service outcomes,Service Performance,high,matched 'water service',1
water service planning,Service Performance,high,'water service' over 'planning',1
water service prioritization,Service Performance,low,'water service' over 'prioritization',1
water service problem coverage,Service Performance,high,matched 'water service',1
water service problem response,Service Performance,high,matched 'water service',1
water service problem-solving,Service Performance,high,matched 'water service',1
water service problems,Service Performance,high,matched 'water service',1
water service project planning,Service Performance,high,'water service' over 'planning',1
water service project sustainability,Sustainability,high,'project sustainability' over 'water service',1
water service provider capacity building,Private Sector,high,'water service provider' over 'capacity build',1
water service quality and reliability,Service Performance,high,matched 'service quality',1
water service resilience,Service Performance,high,matched 'water service',1
water service sustainability after NGO phase-out,Sustainability,high,'water service sustainability' over 'water service',1
water service to school toilets,Service Performance,high,'water service' over 'toilet',1
water service transport,Service Performance,high,'water service' over 'transport',1
water services provider management of schemes,Service Performance,high,matched 'water service',1
water shortage and quality,Service Performance,high,matched 'water shortage',1
water source area protection,Service Performance,low,token-overlap fallback (29),1
water source breakdown repair time,Service Performance,high,'breakdown' over 'repair',1
water source catchment treatment,Environmental,high,matched 'catchment',1
water source consistency,Service Performance,low,token-overlap fallback (29),1
water source depletion,Environmental,high,matched 'water source depletion',1
water source development,Infrastructure,high,matched 'water source development',1
water source durability,Service Performance,low,token-overlap fallback (29),1
water source feasibility assessment,Planning,high,matched 'feasibility',1
water source maintenance quality,O&M,high,matched 'maintenance',1
water source management,Service Performance,low,token-overlap fallback (30),1
water source pollution,Environmental,high,matched 'pollution',1
water source production,Service Performance,low,token-overlap fallback (29),1
water source protection,Environmental,high,matched 'water source protection',1
water source protection and management,Environmental,high,matched 'water source protection',1
water source quality,Service Performance,low,token-overlap fallback (32),1
water source quantity,Service Performance,low,token-overlap fallback (30),1
water source recharge,Service Performance,low,token-overlap fallback (29),1
water source scarcity,Service Performance,low,token-overlap fallback (30),1
water source sustainability,Environmental,high,'water source sustainab' over 'sustainab',1
water sources,Service Performance,low,token-overlap fallback (29),1
water station functionality,Service Performance,high,matched 'functionality',1
water storage,Infrastructure,high,matched 'water storage',1
water storage container cleanliness,Infrastructure,high,'water storage' over 'cleanliness',1
water storage reservoirs,Infrastructure,high,matched 'water storage',1
water storage tank capacity,Infrastructure,high,matched 'water storage',1
water suitability for household consumption,Community / Users,high,matched 'household',1
water supply across woredas,Service Performance,high,'water supply' over 'woreda',1
water supply adequacy and quality,Service Performance,high,matched 'water supply',1
water supply and demand imbalance,Service Performance,high,'water supply' over 'demand',1
water supply availability,Service Performance,high,matched 'water supply',1
water supply breakdown,Service Performance,high,matched 'water supply',1
water supply consistency,Service Performance,high,matched 'water supply',1
water supply contamination,Service Performance,high,'water supply' over 'contaminat',1
water supply continuity,Service Performance,high,matched 'water supply',1
water supply continuity and reliability,Service Performance,high,matched 'water supply',1
water supply costs,Service Performance,high,matched 'water supply',1
water supply coverage of health posts,Service Performance,high,'water supply' over 'health',1
water supply disruption,Service Performance,high,matched 'water supply',1
water supply during drought,Service Performance,high,'water supply' over 'drought',1
water supply during power outages,Service Performance,low,'water supply' over 'power outage',1
water supply expansion effort,Service Performance,high,'water supply' over 'expansion',1
water supply expansion planning,Service Performance,high,'water supply' over 'expansion',1
water supply expansion project implementation,Infrastructure,high,'project implementation' over 'water supply',1
water supply financing,Service Performance,high,'water supply' over 'financing',1
water supply in dry seasons,Service Performance,high,'water supply' over 'dry season',1
water supply in rural areas,Service Performance,high,matched 'water supply',1
water supply in water-scarce areas,Service Performance,high,matched 'water supply',1
water supply infrastructure,Infrastructure,medium,'infrastructure' over 'water supply',1
water supply infrastructure access,Infrastructure,medium,'infrastructure' over 'water supply',1
water supply line condition,Service Performance,high,matched 'water supply',1
water supply line coverage,Service Performance,high,matched 'water supply',1
water supply lines,Service Performance,high,matched 'water supply',1
water supply management,Service Performance,high,matched 'water supply',1
water supply monitoring,Service Performance,high,'water supply' over 'monitoring',1
water supply operation,Service Performance,high,matched 'water supply',1
water supply problem resolution,Service Performance,high,matched 'water supply',1
water supply problem solution,Service Performance,high,matched 'water supply',1
water supply problems,Service Performance,high,matched 'water supply',1
water supply project finalization,Service Performance,high,matched 'water supply',1
water supply projects,Service Performance,high,matched 'water supply',1
water supply sufficiency,Service Performance,high,matched 'water supply',1
water supply to community,Service Performance,high,'water supply' over 'community',1
water supply to school toilets,Service Performance,high,'water supply' over 'toilet',1
water sustainability challenge resolution,Sustainability,high,matched 'water sustainability',1
water sustainability challenges,Sustainability,high,matched 'water sustainability',1
water sustainability improvement,Sustainability,high,matched 'water sustainability',1
water system breakdown,Service Performance,high,matched 'breakdown',1
water system breakdowns,Service Performance,high,matched 'breakdown',1
water system design capacity,Planning,high,matched 'design',1
water system operational status,O&M,high,matched 'system operation',1
water system performance,Service Performance,low,token-overlap fallback (30),1
water system reliability,Service Performance,low,token-overlap fallback (29),1
water system resilience,Service Performance,low,token-overlap fallback (29),1
water table access,Environmental,high,matched 'water table',1
water tank capacity enhancement,Infrastructure,medium,matched 'tank',1
water tank construction,Infrastructure,high,matched 'construction',1
water tank maintenance,O&M,high,'maintenance' over 'tank',1
water tanks for rainwater harvesting,Environmental,high,matched 'rainwater harvest',1
water tariff,Community Finance,high,matched 'tariff',1
water tariff above regulated price,Laws + Regulations,low,'regulat' over 'tariff',1
water tariff controls,Community Finance,high,matched 'tariff',1
water technician deployment,O&M,high,matched 'technician',1
water technology research,Infrastructure,high,matched 'technology',1
water transport burden,Infrastructure,high,matched 'transport',1
water treatment access,Service Performance,high,matched 'water treatment',1
water treatment chemicals,Service Performance,high,matched 'water treatment',1
water treatment chemicals and materials,Service Performance,high,matched 'water treatment',1
water treatment education,Service Performance,high,'water treatment' over 'education',1
water treatment equipment,Service Performance,high,'water treatment' over 'equipment',1
water treatment implementation,Service Performance,medium,'water treatment' over 'implementation',1
water treatment materials availability,Service Performance,high,matched 'water treatment',1
water treatment materials distribution,Service Performance,high,matched 'water treatment',1
water treatment plants and laboratory,Service Performance,low,'water treatment' over 'treatment plant',1
water treatment system development,Service Performance,high,matched 'water treatment',1
water treatment system improvement,Service Performance,high,matched 'water treatment',1
water treatment works,Service Performance,high,matched 'water treatment',1
water trucking,Service Performance,low,token-overlap fallback (29),1
water trucking cost,Service Performance,low,token-overlap fallback (29),1
water trucking demand,Community / Users,high,matched 'demand',1
water unavailability,Service Performance,low,token-overlap fallback (29),1
water use association capacity,Service Performance,low,token-overlap fallback (30),1
water use association minor maintenance capacity,O&M,high,matched 'maintenance',1
water use awareness campaigns,Capacity Building,high,'awareness campaign' over 'awareness',1
water use efficiency,Service Performance,low,token-overlap fallback (29),1
water use efficiency awareness,Community / Users,high,matched 'awareness',1
water use permit approval,Laws + Regulations,high,matched 'permit',1
water use permits,Laws + Regulations,high,matched 'permit',1
water use regulations,Laws + Regulations,high,matched 'regulation',1
water user association capacity,Community Management,high,'water user association' over 'user',1
water user association monthly contributions,Community Management,high,'water user association' over 'user',1
water user association registration,Community Management,high,'water user association' over 'user',1
water user association revenue collection,Community Management,high,'water user association' over 'revenue collection',1
water user association training,Community Management,high,'water user association' over 'training',1
water user committee capacity,Community Management,high,'water user committee' over 'committee capacity',1
water user committee-Whave Solutions partnership,Community Management,high,'water user committee' over 'partnership',1
water user fees,Community Finance,high,'user fee' over 'user',1
water users associations,Community / Users,medium,matched 'users',1
water utility capacity,Govt Management,high,matched 'utility',1
water utility office and kebele leadership accountability,Govt Management,medium,'leadership' over 'accountab',1
water utility office budget,Govt Management,medium,'utility' over 'budget',1
water utility office self-sustainability,Sustainability,high,'sustainab' over 'utility',1
water utility office water sales to other areas,Govt Management,high,matched 'utility',1
water utility performance,Govt Management,high,matched 'utility',1
water utility revenue,Community Finance,low,'revenue' over 'utility',1
water utility–municipality coordination,Govt Management,low,'municipal' over 'coordinat',1
water utilization awareness programs,Community / Users,high,matched 'awareness',1
water utilization efficiency,Service Performance,low,token-overlap fallback (29),1
water wastage during supply,Service Performance,low,token-overlap fallback (30),1
water well accessibility,Infrastructure,medium,matched 'well',1
water well construction viability,Infrastructure,high,matched 'construction',1
water well contamination,Community / Users,high,'contaminat' over 'well',1
water well maintenance,O&M,high,'maintenance' over 'well',1
water well operational resilience,Infrastructure,medium,matched 'well',1
water wholesomeness,Service Performance,low,token-overlap fallback (29),1
water yield,Service Performance,high,matched 'water yield',1
water-borne disease,Community / Users,high,matched 'water-borne',1
water-borne disease burden,Community / Users,high,matched 'water-borne',1
water-borne disease incidence,Community / Users,high,matched 'water-borne',1
water-borne disease occurrence,Community / Users,high,matched 'water-borne',1
water-borne disease recurrence,Community / Users,high,matched 'water-borne',1
water-borne disease risk,Community / Users,high,matched 'water-borne',1
water-fed agriculture,Community / Users,high,matched 'agriculture',1
waterborne disease,Community / Users,high,matched 'waterborne',1
waterborne disease exposure,Community / Users,high,matched 'waterborne',1
waterpoint revenue collection,Community Finance,high,matched 'revenue collection',1
wealth accumulation,Community / Users,low,no match — defaulted to Community / Users,1
wealth and power of users,Community / Users,medium,matched 'users',1
well cleaning and flushing,Infrastructure,medium,matched 'well',1
well drilling capability,Infrastructure,high,matched 'drilling',1
well expansion,Infrastructure,high,matched 'expansion',1
well-managed scheme finances,Govt / External Finance,high,'finance' over 'well',1
wereda and municipality discussion on water and sanitation,Govt Management,high,matched 'municipal',1
whole-group training,Capacity Building,high,matched 'training',1
wholesome water access,Service Performance,high,matched 'water access',1
willingness to pay for maintenance,Community Finance,high,'willingness to pay' over 'maintenance',1
willingness to pay for preventive maintenance,Community Finance,high,'willingness to pay' over 'maintenance',1
willingness to pay for water services,Community Finance,high,'willingness to pay' over 'water service',1
willingness to pay water fees,Community Finance,high,matched 'willingness to pay',1
wind dispersal of collected garbage,Community / Users,low,no match — defaulted to Community / Users,1
wise and equitable water use,Service Performance,low,token-overlap fallback (29),1
women and children affairs office engagement,Community / Users,high,matched 'children',1
women and children affairs office engagement in water education,Community / Users,high,matched 'education',1
women and children health outcomes,Community / Users,high,matched 'children',1
women and water office structural linkage,Community / Users,medium,matched 'women',1
women development group organization,Community / Users,medium,matched 'women',1
women's committee,Community Management,high,'committee' over 'women',1
women's education,Community / Users,high,matched 'education',1
women's inclusion in WASHcos,Community Management,medium,'washco' over 'women',1
women's leadership in WASH committees,Community Management,high,'wash committee' over 'leadership',1
women's participation in community discussions,Community Management,high,'participation' over 'community',1
women's participation in water activities,Community Management,high,'participation' over 'women',1
women's participation in water projects,Community Management,high,'participation' over 'women',1
women's travel burden for water,Community / Users,medium,matched 'women',1
woreda administration budget allocation,Govt Management,high,'administration' over 'budget',1
woreda administration engagement,Govt Management,high,matched 'administration',1
woreda administration monitoring,Govt Management,high,'administration' over 'monitoring',1
woreda administration oversight,Govt Management,high,'administration' over 'oversight',1
woreda administration priority for water sector,Govt Management,high,matched 'administration',1
woreda administration subsidy,Govt Management,high,'administration' over 'subsidy',1
woreda administration supervision of project implementation,Infrastructure,high,'project implementation' over 'administration',1
woreda administration support,Govt Management,high,matched 'administration',1
woreda administrative commitment,Govt Management,high,matched 'administrative',1
woreda and kebele stakeholder capacity,Coordination,high,'stakeholder' over 'woreda',1
woreda and regional water bureau support,Govt Management,high,matched 'woreda',1
woreda board initiative,Govt Management,high,matched 'woreda',1
woreda commitment,Govt Management,high,matched 'woreda',1
woreda expert capacity,Govt Management,high,matched 'woreda',1
woreda follow-up on water scheme functionality,Service Performance,high,'functionality' over 'follow-up',1
woreda repair capacity,O&M,medium,'repair' over 'woreda',1
woreda service coverage,Service Performance,high,'service coverage' over 'woreda',1
woreda stakeholder follow-up,Coordination,high,'stakeholder' over 'follow-up',1
woreda water office and IRC coordination,Coordination,high,'coordinat' over 'woreda',1
woreda water office leadership,Govt Management,high,matched 'leadership',1
woreda water office link with regional water bureau and NGOs,Govt Management,high,'woreda' over 'ngos',1
woreda water office maintenance burden,O&M,high,'maintenance' over 'woreda',1
woreda water office management burden,Govt Management,high,matched 'woreda',1
woreda water office monitoring,Monitoring,high,'monitoring' over 'woreda',1
woreda water office resources,Govt Management,high,matched 'woreda',1
woreda water office support to WASHCos,Community Management,low,'washco' over 'woreda',1
woreda water office visits to rural kebeles,Govt Management,high,matched 'woreda',1
woreda water utility office rural focus,Govt Management,high,matched 'utility',1
woreda water utility office support,Govt Management,high,matched 'utility',1
woreda water utility technical support,Capacity Building,high,'technical support' over 'utility',1
woreda-level maintenance,O&M,high,'maintenance' over 'woreda',1
woreda-level problem resolution,Govt Management,high,matched 'woreda',1
woreda-level water technician deployment,O&M,high,'technician' over 'woreda',1
woreda-regional bureau coordination,Coordination,high,'coordinat' over 'woreda',1
work effectiveness,Coordination,low,token-overlap fallback (3),1
work performance accountability,Monitoring,high,matched 'accountab',1
work performance quality,Service Performance,low,token-overlap fallback (4),1
work plan implementation,Planning,high,'plan implementation' over 'implementation',1
worker attitude change,Capacity Building,low,token-overlap fallback (2),1
worker incentives and equipment,Infrastructure,medium,'equipment' over 'incentive',1
worker salary payment,Community Finance,medium,'payment' over 'salary',1
worker technical and management capacity,Capacity Building,low,token-overlap fallback (9),1
worker training,Capacity Building,high,matched 'training',1
workload burden on water and sanitation office,Service Performance,low,token-overlap fallback (39),1
workshops and awareness meetings on WASH,Community / Users,medium,'awareness' over 'workshop',1
year-round water supply for communities,Service Performance,high,matched 'water supply',1
youth associations for waste collection,Service Performance,high,'waste collect' over 'youth',1
youth engagement in sanitation,Community / Users,medium,matched 'youth',1
youth misuse of water revenue,Community Finance,medium,'revenue' over 'misuse',1
youth-to-elderly knowledge transfer,Community / Users,medium,matched 'youth',1
zonal administration budget capacity,Govt Management,high,'administration' over 'budget',1
zonal administrative structure,Govt Management,high,matched 'administrative',1
zonal radio transmission,Govt Management,medium,matched 'zonal',1
zonal water office support,Govt Management,medium,matched 'zonal',1
zonal-level expert staffing,Govt Management,high,matched 'staffing',1
zone and woreda administration discussion,Govt Management,high,matched 'administration',1
zone water department initiative,Govt Management,medium,matched 'zone',1
zone water office support,Govt Management,medium,matched 'zone',1
zone-level water budget,Govt / External Finance,high,'budget' over 'zone',1
